L,attempted,axis,balance_error,coast_survival,deficit,first_failure_time,first_failure_type,fresh_frac_1536,fresh_frac_2048,initial_microstate_sha256,intervention,joint_exchange_persistence_1536,joint_exchange_persistence_2048,law,mass_1536,mass_2048,realized,residual_1536,residual_2048,seed,survival_1536,survival_2048,survival_256,t256_area,t256_checkpoint_sha256,t256_mass,t256_residual,t256_status,unique_egress_cells,unique_ingress_cells
24,404,+x,0.0,False,404,1984,TRACK_LOST_OR_DISSOLVED,0.0,nan,938f4a4ff60d911921228fcd3ab1c5d3564c40a4a42f41b91469f08f1c49e04c,SHAM,False,False,BASELINE_SWEEP00,51.331149938359914,0.0,0,0.762785572201043,nan,940000,True,False,True,205,4e7730d496a6b8ae9d24e36c405b73bfa9eb61df198ee30c04209bfdb79c0742,124.72174601447104,0.9149288052250281,T256_VALID_TRACK,0,0.0
24,404,+x,0.0,False,349,400,TRACK_LOST_OR_DISSOLVED,0.11256308599618846,nan,938f4a4ff60d911921228fcd3ab1c5d3564c40a4a42f41b91469f08f1c49e04c,FLOW_2N,False,False,BASELINE_SWEEP00,6.759879616089853,0.0,55,0.6026578405251594,nan,940000,False,False,True,205,4e7730d496a6b8ae9d24e36c405b73bfa9eb61df198ee30c04209bfdb79c0742,124.72174601447104,0.9149288052250281,T256_VALID_TRACK,55,19.811939925518306
24,808,+x,0.0,False,748,336,TRACK_LOST_OR_DISSOLVED,0.11317902322742406,nan,938f4a4ff60d911921228fcd3ab1c5d3564c40a4a42f41b91469f08f1c49e04c,FLOW_4N,False,False,BASELINE_SWEEP00,10.362415887983902,0.0,60,0.6153062509279228,nan,940000,False,False,True,205,4e7730d496a6b8ae9d24e36c405b73bfa9eb61df198ee30c04209bfdb79c0742,124.72174601447104,0.9149288052250281,T256_VALID_TRACK,60,19.4388339702528
24,404,+x,0.0,True,404,,NONE,0.0,0.0,938f4a4ff60d911921228fcd3ab1c5d3564c40a4a42f41b91469f08f1c49e04c,SHAM,False,False,LAW_16,164.77298654165682,164.13037162794555,0,0.8894196748106592,0.8729862945738435,940000,True,True,True,216,a58cd393197ae9a460e1db99cb73cbcc9cda01b749211f4a92d68f8ebc888a3b,167.50307041239867,0.9527418710442147,T256_VALID_TRACK,0,0.0
24,404,+x,0.0,False,344,464,TRACK_LOST_OR_DISSOLVED,nan,nan,938f4a4ff60d911921228fcd3ab1c5d3564c40a4a42f41b91469f08f1c49e04c,FLOW_2N,False,False,LAW_16,0.0,0.0,60,nan,nan,940000,False,False,True,216,a58cd393197ae9a460e1db99cb73cbcc9cda01b749211f4a92d68f8ebc888a3b,167.50307041239867,0.9527418710442147,T256_VALID_TRACK,60,0.0037724380055398857
24,808,+x,0.0,False,748,368,TRACK_LOST_OR_DISSOLVED,nan,nan,938f4a4ff60d911921228fcd3ab1c5d3564c40a4a42f41b91469f08f1c49e04c,FLOW_4N,False,False,LAW_16,0.0,0.0,60,nan,nan,940000,False,False,True,216,a58cd393197ae9a460e1db99cb73cbcc9cda01b749211f4a92d68f8ebc888a3b,167.50307041239867,0.9527418710442147,T256_VALID_TRACK,60,0.00024056053429776582
24,404,-x,0.0,False,404,1952,TRACK_LOST_OR_DISSOLVED,0.0,nan,b9bf4790ebc5806e397137eb199926f91a35f2307c09d6576fbdb192da978287,SHAM,False,False,BASELINE_SWEEP00,49.487366625148994,0.0,0,0.7711104139515781,nan,940001,True,False,True,208,80656d44b35604ae19dc47af202b8abfdc39645b6f057928f1017c6082286254,126.61367685505374,0.9160973059632411,T256_VALID_TRACK,0,0.0
24,404,-x,0.0,False,362,352,TRACK_LOST_OR_DISSOLVED,nan,nan,b9bf4790ebc5806e397137eb199926f91a35f2307c09d6576fbdb192da978287,FLOW_2N,False,False,BASELINE_SWEEP00,0.0,0.0,42,nan,nan,940001,False,False,True,208,80656d44b35604ae19dc47af202b8abfdc39645b6f057928f1017c6082286254,126.61367685505374,0.9160973059632411,T256_VALID_TRACK,42,15.958320111597976
24,808,-x,0.0,False,759,320,TRACK_LOST_OR_DISSOLVED,0.1546802840181059,nan,b9bf4790ebc5806e397137eb199926f91a35f2307c09d6576fbdb192da978287,FLOW_4N,False,False,BASELINE_SWEEP00,66.27881027422312,0.0,49,0.5413774073573207,nan,940001,False,False,True,208,80656d44b35604ae19dc47af202b8abfdc39645b6f057928f1017c6082286254,126.61367685505374,0.9160973059632411,T256_VALID_TRACK,49,18.453122945243802
24,404,-x,0.0,True,404,,NONE,0.0,0.0,b9bf4790ebc5806e397137eb199926f91a35f2307c09d6576fbdb192da978287,SHAM,False,False,LAW_16,161.88335724754404,161.64543208014487,0,0.9031432114519077,0.885666711290107,940001,True,True,True,209,ee1f75ccef155915c1980c2367b6a1985ffead433bdae51975e6ac7dddd491a3,165.63716520107536,0.966097529834943,T256_VALID_TRACK,0,0.0
24,404,-x,0.0,False,374,368,TRACK_LOSS,nan,nan,b9bf4790ebc5806e397137eb199926f91a35f2307c09d6576fbdb192da978287,FLOW_2N,False,False,LAW_16,0.0,0.0,30,nan,nan,940001,False,False,True,209,ee1f75ccef155915c1980c2367b6a1985ffead433bdae51975e6ac7dddd491a3,165.63716520107536,0.966097529834943,T256_VALID_TRACK,30,19.015197447815087
24,808,-x,0.0,False,768,336,TRACK_LOST_OR_DISSOLVED,nan,nan,b9bf4790ebc5806e397137eb199926f91a35f2307c09d6576fbdb192da978287,FLOW_4N,False,False,LAW_16,0.0,0.0,40,nan,nan,940001,False,False,True,209,ee1f75ccef155915c1980c2367b6a1985ffead433bdae51975e6ac7dddd491a3,165.63716520107536,0.966097529834943,T256_VALID_TRACK,40,25.109339680110722
24,404,+y,0.0,False,404,1728,TRACK_LOST_OR_DISSOLVED,0.0,nan,2a50fdb1de94aaa0065ce8dcd76bfa8add1199847b7baf2908282f0c78742afe,SHAM,False,False,BASELINE_SWEEP00,25.913292534545946,0.0,0,0.7888057214292424,nan,940002,True,False,True,201,76b0656167cd14c47c421ee7bc00773a1cc30a8d4dd97d19c15bc8a335018257,122.07776865041724,0.9216141854898802,T256_VALID_TRACK,0,0.0
24,404,+y,0.0,False,349,400,TRACK_LOST_OR_DISSOLVED,nan,nan,2a50fdb1de94aaa0065ce8dcd76bfa8add1199847b7baf2908282f0c78742afe,FLOW_2N,False,False,BASELINE_SWEEP00,0.0,0.0,55,nan,nan,940002,False,False,True,201,76b0656167cd14c47c421ee7bc00773a1cc30a8d4dd97d19c15bc8a335018257,122.07776865041724,0.9216141854898802,T256_VALID_TRACK,55,19.05505412675676
24,808,+y,0.0,False,748,352,TRACK_LOST_OR_DISSOLVED,nan,nan,2a50fdb1de94aaa0065ce8dcd76bfa8add1199847b7baf2908282f0c78742afe,FLOW_4N,False,False,BASELINE_SWEEP00,0.0,0.0,60,nan,nan,940002,False,False,True,201,76b0656167cd14c47c421ee7bc00773a1cc30a8d4dd97d19c15bc8a335018257,122.07776865041724,0.9216141854898802,T256_VALID_TRACK,60,25.504730396877473
24,404,+y,0.0,True,404,,NONE,0.0,0.0,2a50fdb1de94aaa0065ce8dcd76bfa8add1199847b7baf2908282f0c78742afe,SHAM,False,False,LAW_16,162.9514344556344,161.7719344386514,0,0.8970260552148016,0.8817159249204672,940002,True,True,True,214,8557e6214c0a6f069289837614edb4fb5eeb09e3f59e87400a21a8ffd7b23d72,166.98738294589702,0.9583720853274583,T256_VALID_TRACK,0,0.0
24,404,+y,0.0,False,319,544,TRACK_LOST_OR_DISSOLVED,nan,nan,2a50fdb1de94aaa0065ce8dcd76bfa8add1199847b7baf2908282f0c78742afe,FLOW_2N,False,False,LAW_16,0.0,0.0,85,nan,nan,940002,False,False,True,214,8557e6214c0a6f069289837614edb4fb5eeb09e3f59e87400a21a8ffd7b23d72,166.98738294589702,0.9583720853274583,T256_VALID_TRACK,85,0.008478790132899358
24,808,+y,0.0,False,710,432,TRACK_LOST_OR_DISSOLVED,nan,nan,2a50fdb1de94aaa0065ce8dcd76bfa8add1199847b7baf2908282f0c78742afe,FLOW_4N,False,False,LAW_16,0.0,0.0,98,nan,nan,940002,False,False,True,214,8557e6214c0a6f069289837614edb4fb5eeb09e3f59e87400a21a8ffd7b23d72,166.98738294589702,0.9583720853274583,T256_VALID_TRACK,98,0.006144771919850499
24,404,-y,0.0,True,404,,NONE,0.0,0.0,6bcebc004490d61f020f45a0f16722f36d74b609ad1bb1b0dc7189c39dfc6ea5,SHAM,False,False,BASELINE_SWEEP00,82.65667679207935,43.034524641969924,0,0.7451167378679131,0.7246452370247167,940003,True,True,True,208,daf166f7058c7da991876f9d595211b1e15e4892907b91526dc01358344f33c4,128.53145102898634,0.9137172387188117,T256_VALID_TRACK,0,0.0
24,404,-y,0.0,False,364,368,TRACK_LOST_OR_DISSOLVED,nan,0.06750901716316834,6bcebc004490d61f020f45a0f16722f36d74b609ad1bb1b0dc7189c39dfc6ea5,FLOW_2N,False,False,BASELINE_SWEEP00,0.0,18.934036262302712,40,nan,0.6526862346660245,940003,False,False,True,208,daf166f7058c7da991876f9d595211b1e15e4892907b91526dc01358344f33c4,128.53145102898634,0.9137172387188117,T256_VALID_TRACK,40,14.81088709507966
24,808,-y,0.0,False,758,320,TRACK_LOST_OR_DISSOLVED,nan,nan,6bcebc004490d61f020f45a0f16722f36d74b609ad1bb1b0dc7189c39dfc6ea5,FLOW_4N,False,False,BASELINE_SWEEP00,0.0,0.0,50,nan,nan,940003,False,False,True,208,daf166f7058c7da991876f9d595211b1e15e4892907b91526dc01358344f33c4,128.53145102898634,0.9137172387188117,T256_VALID_TRACK,50,16.547917104737127
24,404,-y,0.0,True,404,,NONE,0.0,0.0,6bcebc004490d61f020f45a0f16722f36d74b609ad1bb1b0dc7189c39dfc6ea5,SHAM,False,False,LAW_16,167.47012287854267,166.8657019176052,0,0.8898297832928858,0.8731257270229961,940003,True,True,True,217,bed64bbf33337298c32a3e326d1a7f5029b2f7822047bcba902deb98bab275d4,170.43117488835227,0.9537052223528373,T256_VALID_TRACK,0,0.0
24,404,-y,0.0,False,369,368,TRACK_LOST_OR_DISSOLVED,nan,nan,6bcebc004490d61f020f45a0f16722f36d74b609ad1bb1b0dc7189c39dfc6ea5,FLOW_2N,False,False,LAW_16,0.0,0.0,35,nan,nan,940003,False,False,True,217,bed64bbf33337298c32a3e326d1a7f5029b2f7822047bcba902deb98bab275d4,170.43117488835227,0.9537052223528373,T256_VALID_TRACK,35,20.147862517903278
24,808,-y,0.0,False,758,320,TRACK_LOST_OR_DISSOLVED,nan,nan,6bcebc004490d61f020f45a0f16722f36d74b609ad1bb1b0dc7189c39dfc6ea5,FLOW_4N,False,False,LAW_16,0.0,0.0,50,nan,nan,940003,False,False,True,217,bed64bbf33337298c32a3e326d1a7f5029b2f7822047bcba902deb98bab275d4,170.43117488835227,0.9537052223528373,T256_VALID_TRACK,50,25.996552911046614
24,404,+x,0.0,False,404,1712,TRACK_LOST_OR_DISSOLVED,0.0,nan,9d17abc6cccd8cfe1fa15e2dd0888eab7d4efa99262f640c68a59b95b8a15220,SHAM,False,False,BASELINE_SWEEP00,23.168343605910422,0.0,0,0.791011350448592,nan,940004,True,False,True,195,e0c2f1f6a72623a3bf105a59f3a1d232746af87c564f768cc9a8d91e7139a1de,119.61016032227508,0.9257161822735807,T256_VALID_TRACK,0,0.0
24,404,+x,0.0,False,342,624,TRACK_LOST_OR_DISSOLVED,nan,nan,9d17abc6cccd8cfe1fa15e2dd0888eab7d4efa99262f640c68a59b95b8a15220,FLOW_2N,False,False,BASELINE_SWEEP00,0.0,0.0,62,nan,nan,940004,False,False,True,195,e0c2f1f6a72623a3bf105a59f3a1d232746af87c564f768cc9a8d91e7139a1de,119.61016032227508,0.9257161822735807,T256_VALID_TRACK,62,16.404620415413973
24,808,+x,0.0,False,734,464,TRACK_LOST_OR_DISSOLVED,nan,nan,9d17abc6cccd8cfe1fa15e2dd0888eab7d4efa99262f640c68a59b95b8a15220,FLOW_4N,False,False,BASELINE_SWEEP00,0.0,0.0,74,nan,nan,940004,False,False,True,195,e0c2f1f6a72623a3bf105a59f3a1d232746af87c564f768cc9a8d91e7139a1de,119.61016032227508,0.9257161822735807,T256_VALID_TRACK,74,15.385904194940093
24,404,+x,0.0,True,404,,NONE,0.0,0.0,9d17abc6cccd8cfe1fa15e2dd0888eab7d4efa99262f640c68a59b95b8a15220,SHAM,False,False,LAW_16,162.1461187867824,161.93545229108213,0,0.8993335266668042,0.8822814626829187,940004,True,True,True,208,6f3b71b184b6efac11fb3d50a977682d1080c427f247cf8d7e7c11a734021d08,163.9453949664627,0.966645521183901,T256_VALID_TRACK,0,0.0
24,404,+x,0.0,True,297,,NONE,0.005809010867574073,0.013204866562685401,9d17abc6cccd8cfe1fa15e2dd0888eab7d4efa99262f640c68a59b95b8a15220,FLOW_2N,False,False,LAW_16,68.93059067783395,67.83776901466545,107,0.8966809691233575,0.8728658952952937,940004,True,True,True,208,6f3b71b184b6efac11fb3d50a977682d1080c427f247cf8d7e7c11a734021d08,163.9453949664627,0.966645521183901,T256_VALID_TRACK,107,1.13650064455847
24,808,+x,0.0,True,701,,NONE,0.007346336313709614,0.015029015283787799,9d17abc6cccd8cfe1fa15e2dd0888eab7d4efa99262f640c68a59b95b8a15220,FLOW_4N,False,False,LAW_16,67.76666904990985,66.71194106599977,107,0.8961993074354812,0.8711588019177415,940004,True,True,True,208,6f3b71b184b6efac11fb3d50a977682d1080c427f247cf8d7e7c11a734021d08,163.9453949664627,0.966645521183901,T256_VALID_TRACK,107,1.2720325244646813
24,404,-x,0.0,True,404,,NONE,0.0,0.0,982a9a49716ffe540b7107730ea9b83e83cb8ff07ddb295f661d5b988c78cc51,SHAM,False,False,BASELINE_SWEEP00,71.36293548835252,23.490755273509887,0,0.745906326167159,0.7268539646662072,940005,True,True,True,212,5ab86fc8407599cbb2facc47b4254bf9e1c2301c49ac0bcf5482b0d3a4a98d93,128.478748898355,0.908505460886139,T256_VALID_TRACK,0,0.0
24,404,-x,0.0,False,344,432,TRACK_LOST_OR_DISSOLVED,0.11226102485569193,nan,982a9a49716ffe540b7107730ea9b83e83cb8ff07ddb295f661d5b988c78cc51,FLOW_2N,False,False,BASELINE_SWEEP00,23.016173088859922,0.0,60,0.5799225644674674,nan,940005,False,False,True,212,5ab86fc8407599cbb2facc47b4254bf9e1c2301c49ac0bcf5482b0d3a4a98d93,128.478748898355,0.908505460886139,T256_VALID_TRACK,60,23.951394124562484
24,808,-x,0.0,False,748,352,TRACK_LOST_OR_DISSOLVED,0.10827182669396994,nan,982a9a49716ffe540b7107730ea9b83e83cb8ff07ddb295f661d5b988c78cc51,FLOW_4N,False,False,BASELINE_SWEEP00,31.681525815845585,0.0,60,0.5986863944061158,nan,940005,False,False,True,212,5ab86fc8407599cbb2facc47b4254bf9e1c2301c49ac0bcf5482b0d3a4a98d93,128.478748898355,0.908505460886139,T256_VALID_TRACK,60,31.802301190598342
24,404,-x,0.0,True,404,,NONE,0.0,0.0,982a9a49716ffe540b7107730ea9b83e83cb8ff07ddb295f661d5b988c78cc51,SHAM,False,False,LAW_16,162.79091203970754,162.64604422466505,0,0.8942680400173426,0.8764869036925667,940005,True,True,True,213,2d97a80e373aec594bff9d24b20fb033965f57ffb981bd8809f5e2bd036ad32e,165.85519062961137,0.9582339055887821,T256_VALID_TRACK,0,0.0
24,404,-x,0.0,False,305,592,TRACK_LOST_OR_DISSOLVED,nan,nan,982a9a49716ffe540b7107730ea9b83e83cb8ff07ddb295f661d5b988c78cc51,FLOW_2N,False,False,LAW_16,0.0,0.0,99,nan,nan,940005,False,False,True,213,2d97a80e373aec594bff9d24b20fb033965f57ffb981bd8809f5e2bd036ad32e,165.85519062961137,0.9582339055887821,T256_VALID_TRACK,99,0.006411245202540375
24,808,-x,0.0,False,709,624,TRACK_LOST_OR_DISSOLVED,nan,nan,982a9a49716ffe540b7107730ea9b83e83cb8ff07ddb295f661d5b988c78cc51,FLOW_4N,False,False,LAW_16,0.0,0.0,99,nan,nan,940005,False,False,True,213,2d97a80e373aec594bff9d24b20fb033965f57ffb981bd8809f5e2bd036ad32e,165.85519062961137,0.9582339055887821,T256_VALID_TRACK,99,0.06730240671241484
24,404,+y,0.0,True,404,,NONE,0.0,0.0,077bc9ba9899533166b9808c532048b81e4b27bafa03a0f8151ddb96e17397f8,SHAM,False,False,BASELINE_SWEEP00,112.1528165581623,102.83606024899287,0,0.7220656454862339,0.6966397883489182,940006,True,True,True,218,30b2b2c9c82caba2b37b03bd9b78437481fe4dbf80bf08a55e8c2f99affc1dfb,133.57092947448535,0.9026506754178802,T256_VALID_TRACK,0,0.0
24,404,+y,0.0,False,349,384,TRACK_LOST_OR_DISSOLVED,nan,nan,077bc9ba9899533166b9808c532048b81e4b27bafa03a0f8151ddb96e17397f8,FLOW_2N,False,False,BASELINE_SWEEP00,0.0,0.0,55,nan,nan,940006,False,False,True,218,30b2b2c9c82caba2b37b03bd9b78437481fe4dbf80bf08a55e8c2f99affc1dfb,133.57092947448535,0.9026506754178802,T256_VALID_TRACK,55,20.419365835675872
24,808,+y,0.0,False,747,352,TRACK_LOST_OR_DISSOLVED,nan,nan,077bc9ba9899533166b9808c532048b81e4b27bafa03a0f8151ddb96e17397f8,FLOW_4N,False,False,BASELINE_SWEEP00,0.0,0.0,61,nan,nan,940006,False,False,True,218,30b2b2c9c82caba2b37b03bd9b78437481fe4dbf80bf08a55e8c2f99affc1dfb,133.57092947448535,0.9026506754178802,T256_VALID_TRACK,61,28.027622273444724
24,404,+y,0.0,True,404,,NONE,0.0,0.0,077bc9ba9899533166b9808c532048b81e4b27bafa03a0f8151ddb96e17397f8,SHAM,False,False,LAW_16,166.23755816090116,166.18577624443174,0,0.8914677570257666,0.8731972228076055,940006,True,True,True,213,e0fbf029148c487d02df3ed2293472b2db8e578559f60c4d414580ef07863af0,167.7723715156805,0.9591477449627843,T256_VALID_TRACK,0,0.0
24,404,+y,0.0,False,324,528,TRACK_LOST_OR_DISSOLVED,nan,nan,077bc9ba9899533166b9808c532048b81e4b27bafa03a0f8151ddb96e17397f8,FLOW_2N,False,False,LAW_16,0.0,0.0,80,nan,nan,940006,False,False,True,213,e0fbf029148c487d02df3ed2293472b2db8e578559f60c4d414580ef07863af0,167.7723715156805,0.9591477449627843,T256_VALID_TRACK,80,0.010573018403081115
24,808,+y,0.0,False,728,400,TRACK_LOST_OR_DISSOLVED,nan,nan,077bc9ba9899533166b9808c532048b81e4b27bafa03a0f8151ddb96e17397f8,FLOW_4N,False,False,LAW_16,0.0,0.0,80,nan,nan,940006,False,False,True,213,e0fbf029148c487d02df3ed2293472b2db8e578559f60c4d414580ef07863af0,167.7723715156805,0.9591477449627843,T256_VALID_TRACK,80,0.0021648629732012774
24,404,-y,0.0,True,404,,NONE,0.0,0.0,4462c2a8f0e6e04fac6de77e4bf5a70e822c5463fb829c9423569e1c77c2a5b9,SHAM,False,False,BASELINE_SWEEP00,78.41724495390152,35.739545872234565,0,0.746635339091103,0.7268472446750146,940007,True,True,True,212,f304a138902a94934fa1c175d447e249849e71febcf7f2255950c5732314e669,129.97040360779533,0.9094063662260146,T256_VALID_TRACK,0,0.0
24,404,-y,0.0,False,358,368,TRACK_LOST_OR_DISSOLVED,nan,0.12149694982836572,4462c2a8f0e6e04fac6de77e4bf5a70e822c5463fb829c9423569e1c77c2a5b9,FLOW_2N,False,False,BASELINE_SWEEP00,0.0,22.545996246598094,46,nan,0.5506464881952857,940007,False,False,True,212,f304a138902a94934fa1c175d447e249849e71febcf7f2255950c5732314e669,129.97040360779533,0.9094063662260146,T256_VALID_TRACK,46,17.973487037337254
24,808,-y,0.0,False,754,320,TRACK_LOST_OR_DISSOLVED,nan,0.13912057613670425,4462c2a8f0e6e04fac6de77e4bf5a70e822c5463fb829c9423569e1c77c2a5b9,FLOW_4N,False,False,BASELINE_SWEEP00,0.0,64.4158550264935,54,nan,0.5413365373544247,940007,False,False,True,212,f304a138902a94934fa1c175d447e249849e71febcf7f2255950c5732314e669,129.97040360779533,0.9094063662260146,T256_VALID_TRACK,54,22.434127370344047
24,404,-y,0.0,True,404,,NONE,0.0,0.0,4462c2a8f0e6e04fac6de77e4bf5a70e822c5463fb829c9423569e1c77c2a5b9,SHAM,False,False,LAW_16,167.58674238139164,167.06609355490394,0,0.8874554497999896,0.8706964603250866,940007,True,True,True,217,5e41770fdc3722474b32ccd989524facb948bf37d29e830c89a30037c292627f,169.3900403189237,0.9537853775321373,T256_VALID_TRACK,0,0.0
24,404,-y,0.0,False,374,368,TRACK_LOST_OR_DISSOLVED,nan,0.06660896648334692,4462c2a8f0e6e04fac6de77e4bf5a70e822c5463fb829c9423569e1c77c2a5b9,FLOW_2N,False,False,LAW_16,0.0,164.81935718683417,30,nan,0.7713907582630853,940007,False,False,True,217,5e41770fdc3722474b32ccd989524facb948bf37d29e830c89a30037c292627f,169.3900403189237,0.9537853775321373,T256_VALID_TRACK,30,19.922950241867056
24,808,-y,0.0,False,768,320,TRACK_LOST_OR_DISSOLVED,nan,nan,4462c2a8f0e6e04fac6de77e4bf5a70e822c5463fb829c9423569e1c77c2a5b9,FLOW_4N,False,False,LAW_16,0.0,0.0,40,nan,nan,940007,False,False,True,217,5e41770fdc3722474b32ccd989524facb948bf37d29e830c89a30037c292627f,169.3900403189237,0.9537853775321373,T256_VALID_TRACK,40,19.489734304761647
24,404,+x,0.0,False,404,1888,TRACK_LOST_OR_DISSOLVED,0.0,nan,3c8f9f10455577180411370d5bc2641aae90ad3633121d5c6ab80c2e740729e5,SHAM,False,False,BASELINE_SWEEP00,43.43364712664945,0.0,0,0.7659740888358567,nan,940008,True,False,True,201,93ef8813bb704e0d1d08f8ffc6e10916ce2bcf92d46e33c3d866a2fdac9f3026,122.36093403931226,0.916828831798128,T256_VALID_TRACK,0,0.0
24,404,+x,0.0,False,344,448,TRACK_LOST_OR_DISSOLVED,nan,nan,3c8f9f10455577180411370d5bc2641aae90ad3633121d5c6ab80c2e740729e5,FLOW_2N,False,False,BASELINE_SWEEP00,0.0,0.0,60,nan,nan,940008,False,False,True,201,93ef8813bb704e0d1d08f8ffc6e10916ce2bcf92d46e33c3d866a2fdac9f3026,122.36093403931226,0.916828831798128,T256_VALID_TRACK,60,24.926664911806732
24,808,+x,0.0,False,740,368,TRACK_LOST_OR_DISSOLVED,nan,nan,3c8f9f10455577180411370d5bc2641aae90ad3633121d5c6ab80c2e740729e5,FLOW_4N,False,False,BASELINE_SWEEP00,0.0,0.0,68,nan,nan,940008,False,False,True,201,93ef8813bb704e0d1d08f8ffc6e10916ce2bcf92d46e33c3d866a2fdac9f3026,122.36093403931226,0.916828831798128,T256_VALID_TRACK,68,27.685812994366877
24,404,+x,0.0,True,404,,NONE,0.0,0.0,3c8f9f10455577180411370d5bc2641aae90ad3633121d5c6ab80c2e740729e5,SHAM,False,False,LAW_16,161.8527445113129,161.27346558185155,0,0.8934511618792165,0.876465838443848,940008,True,True,True,213,3deb8ad5193866d0941aa4a1becdca9105554dc678616028d5f6e857ffe3f856,165.00904587915542,0.9571470296868415,T256_VALID_TRACK,0,0.0
24,404,+x,0.0,False,305,624,TRACK_LOST_OR_DISSOLVED,nan,nan,3c8f9f10455577180411370d5bc2641aae90ad3633121d5c6ab80c2e740729e5,FLOW_2N,False,False,LAW_16,0.0,0.0,99,nan,nan,940008,False,False,True,213,3deb8ad5193866d0941aa4a1becdca9105554dc678616028d5f6e857ffe3f856,165.00904587915542,0.9571470296868415,T256_VALID_TRACK,99,0.005256447261208421
24,808,+x,0.0,False,709,1056,TRACK_LOST_OR_DISSOLVED,nan,nan,3c8f9f10455577180411370d5bc2641aae90ad3633121d5c6ab80c2e740729e5,FLOW_4N,False,False,LAW_16,0.0,0.0,99,nan,nan,940008,False,False,True,213,3deb8ad5193866d0941aa4a1becdca9105554dc678616028d5f6e857ffe3f856,165.00904587915542,0.9571470296868415,T256_VALID_TRACK,99,0.42556457395260816
24,404,-x,0.0,True,404,,NONE,0.0,0.0,b48fc084aacda8303967a3a8ea2d567802616fd57409f7d144e118e61ce172d2,SHAM,False,False,BASELINE_SWEEP00,59.75240702203388,3.1521471803558305,0,0.7601915177665762,0.7431564798468066,940009,True,True,True,211,2eeaadb8a98c4f719af0839e4985b50ed1d5dafbc5627c0b0d33a0a3dd43050b,128.95442202629891,0.9102803436825696,T256_VALID_TRACK,0,0.0
24,404,-x,0.0,False,340,448,TRACK_LOST_OR_DISSOLVED,0.1286537016416447,nan,b48fc084aacda8303967a3a8ea2d567802616fd57409f7d144e118e61ce172d2,FLOW_2N,False,False,BASELINE_SWEEP00,8.108144701744402,0.0,64,0.5887852654733768,nan,940009,False,False,True,211,2eeaadb8a98c4f719af0839e4985b50ed1d5dafbc5627c0b0d33a0a3dd43050b,128.95442202629891,0.9102803436825696,T256_VALID_TRACK,64,27.36281602139596
24,808,-x,0.0,False,737,368,TRACK_LOST_OR_DISSOLVED,0.15293682716203852,nan,b48fc084aacda8303967a3a8ea2d567802616fd57409f7d144e118e61ce172d2,FLOW_4N,False,False,BASELINE_SWEEP00,19.416582688871888,0.0,71,0.5650084868069959,nan,940009,False,False,True,211,2eeaadb8a98c4f719af0839e4985b50ed1d5dafbc5627c0b0d33a0a3dd43050b,128.95442202629891,0.9102803436825696,T256_VALID_TRACK,71,33.712326624502396
24,404,-x,0.0,True,404,,NONE,0.0,0.0,b48fc084aacda8303967a3a8ea2d567802616fd57409f7d144e118e61ce172d2,SHAM,False,False,LAW_16,167.1188624919412,167.03049567372065,0,0.8879923600520031,0.8704214891153725,940009,True,True,True,212,3ce36f6cb92692f9ef318e34189f2a2a7cd3fb1298cf053787cac7aa48af0875,166.89418010088593,0.959980945104711,T256_VALID_TRACK,0,0.0
24,404,-x,0.0,False,303,592,TRACK_LOST_OR_DISSOLVED,nan,nan,b48fc084aacda8303967a3a8ea2d567802616fd57409f7d144e118e61ce172d2,FLOW_2N,False,False,LAW_16,0.0,0.0,101,nan,nan,940009,False,False,True,212,3ce36f6cb92692f9ef318e34189f2a2a7cd3fb1298cf053787cac7aa48af0875,166.89418010088593,0.959980945104711,T256_VALID_TRACK,101,0.014635728926716732
24,808,-x,0.0,False,707,480,TRACK_LOST_OR_DISSOLVED,nan,nan,b48fc084aacda8303967a3a8ea2d567802616fd57409f7d144e118e61ce172d2,FLOW_4N,False,False,LAW_16,0.0,0.0,101,nan,nan,940009,False,False,True,212,3ce36f6cb92692f9ef318e34189f2a2a7cd3fb1298cf053787cac7aa48af0875,166.89418010088593,0.959980945104711,T256_VALID_TRACK,101,0.01672438748729832
24,404,+y,0.0,False,404,1712,TRACK_LOST_OR_DISSOLVED,0.0,nan,8301c7249585c8f7b02beeae2a724a30f979f0f97a3368f4c9773e282f36269f,SHAM,False,False,BASELINE_SWEEP00,23.636035889600794,0.0,0,0.7949556600274821,nan,940010,True,False,True,199,d902df9df77b7701ec0fd7c2da881333ac5c361f2ece8859969dadafc21bb93b,121.40481899536708,0.9259196764895791,T256_VALID_TRACK,0,0.0
24,404,+y,0.0,False,344,448,TRACK_LOST_OR_DISSOLVED,nan,nan,8301c7249585c8f7b02beeae2a724a30f979f0f97a3368f4c9773e282f36269f,FLOW_2N,False,False,BASELINE_SWEEP00,0.0,0.0,60,nan,nan,940010,False,False,True,199,d902df9df77b7701ec0fd7c2da881333ac5c361f2ece8859969dadafc21bb93b,121.40481899536708,0.9259196764895791,T256_VALID_TRACK,60,25.749935321032837
24,808,+y,0.0,False,739,368,TRACK_LOST_OR_DISSOLVED,nan,nan,8301c7249585c8f7b02beeae2a724a30f979f0f97a3368f4c9773e282f36269f,FLOW_4N,False,False,BASELINE_SWEEP00,0.0,0.0,69,nan,nan,940010,False,False,True,199,d902df9df77b7701ec0fd7c2da881333ac5c361f2ece8859969dadafc21bb93b,121.40481899536708,0.9259196764895791,T256_VALID_TRACK,69,22.613616012533267
24,404,+y,0.0,True,404,,NONE,0.0,0.0,8301c7249585c8f7b02beeae2a724a30f979f0f97a3368f4c9773e282f36269f,SHAM,False,False,LAW_16,163.62387173482645,162.87716206357604,0,0.9018492390243045,0.8858063758423596,940010,True,True,True,210,3a462ae0590fdfa4d061b06c415e5c3d061f7c4e609ea27a37eba0de93897246,165.86146588540072,0.9665629940026509,T256_VALID_TRACK,0,0.0
24,404,+y,0.0,False,303,592,TRACK_LOST_OR_DISSOLVED,nan,nan,8301c7249585c8f7b02beeae2a724a30f979f0f97a3368f4c9773e282f36269f,FLOW_2N,False,False,LAW_16,0.0,0.0,101,nan,nan,940010,False,False,True,210,3a462ae0590fdfa4d061b06c415e5c3d061f7c4e609ea27a37eba0de93897246,165.86146588540072,0.9665629940026509,T256_VALID_TRACK,101,0.019788637215819416
24,808,+y,0.0,False,703,448,TRACK_LOST_OR_DISSOLVED,nan,nan,8301c7249585c8f7b02beeae2a724a30f979f0f97a3368f4c9773e282f36269f,FLOW_4N,False,False,LAW_16,0.0,0.0,105,nan,nan,940010,False,False,True,210,3a462ae0590fdfa4d061b06c415e5c3d061f7c4e609ea27a37eba0de93897246,165.86146588540072,0.9665629940026509,T256_VALID_TRACK,105,0.005089770841252867
24,404,-y,0.0,False,404,2032,TRACK_LOST_OR_DISSOLVED,0.0,nan,b1a2902e71bcefc0486b4b8ae00d0c7c1cf6160a54a58704bf8132e75384fec9,SHAM,False,False,BASELINE_SWEEP00,55.12975776485342,0.0,0,0.7680418596660777,nan,940011,True,False,True,208,290f94f75de3c5541776a84504cb592943eaa4bff52d648cfad23bd5f3127672,127.4898189373042,0.9157425909618957,T256_VALID_TRACK,0,0.0
24,404,-y,0.0,False,344,464,TRACK_LOST_OR_DISSOLVED,nan,nan,b1a2902e71bcefc0486b4b8ae00d0c7c1cf6160a54a58704bf8132e75384fec9,FLOW_2N,False,False,BASELINE_SWEEP00,0.0,0.0,60,nan,nan,940011,False,False,True,208,290f94f75de3c5541776a84504cb592943eaa4bff52d648cfad23bd5f3127672,127.4898189373042,0.9157425909618957,T256_VALID_TRACK,60,15.452011412613817
24,808,-y,0.0,False,740,368,TRACK_LOST_OR_DISSOLVED,nan,nan,b1a2902e71bcefc0486b4b8ae00d0c7c1cf6160a54a58704bf8132e75384fec9,FLOW_4N,False,False,BASELINE_SWEEP00,0.0,0.0,68,nan,nan,940011,False,False,True,208,290f94f75de3c5541776a84504cb592943eaa4bff52d648cfad23bd5f3127672,127.4898189373042,0.9157425909618957,T256_VALID_TRACK,68,26.496131305776597
24,404,-y,0.0,True,404,,NONE,0.0,0.0,b1a2902e71bcefc0486b4b8ae00d0c7c1cf6160a54a58704bf8132e75384fec9,SHAM,False,False,LAW_16,165.22397555166586,164.10274313587695,0,0.8966347307037087,0.8809859232119956,940011,True,True,True,212,75e584255ccc657a4280e1c828ea4665f318ddce2e1b268e1421f54de778d358,167.81599217412514,0.9606610922217379,T256_VALID_TRACK,0,0.0
24,404,-y,0.0,False,305,992,TRACK_LOST_OR_DISSOLVED,nan,nan,b1a2902e71bcefc0486b4b8ae00d0c7c1cf6160a54a58704bf8132e75384fec9,FLOW_2N,False,False,LAW_16,0.0,0.0,99,nan,nan,940011,False,False,True,212,75e584255ccc657a4280e1c828ea4665f318ddce2e1b268e1421f54de778d358,167.81599217412514,0.9606610922217379,T256_VALID_TRACK,99,0.26916232879086327
24,808,-y,0.0,False,709,960,TRACK_LOST_OR_DISSOLVED,nan,nan,b1a2902e71bcefc0486b4b8ae00d0c7c1cf6160a54a58704bf8132e75384fec9,FLOW_4N,False,False,LAW_16,0.0,0.0,99,nan,nan,940011,False,False,True,212,75e584255ccc657a4280e1c828ea4665f318ddce2e1b268e1421f54de778d358,167.81599217412514,0.9606610922217379,T256_VALID_TRACK,99,0.26043064802609484
32,716,+x,0.0,True,716,,NONE,0.0,0.0,9aaec326223457987c2d0b5fa8e45eb88d8a98fb501bd750ad1d8ba6817bc080,SHAM,False,False,BASELINE_SWEEP00,177.51383053048656,156.9776759215468,0,0.8105099611510523,0.7797000231726178,940100,True,True,True,377,92d0df637d5b65004f6b1f73ecdcea25bc424d6881cb50804bb4b78f80084585,248.23859187287968,0.9342683964591442,T256_VALID_TRACK,0,0.0
32,716,+x,0.0,False,591,464,TRACK_LOST_OR_DISSOLVED,nan,0.13134302183307814,9aaec326223457987c2d0b5fa8e45eb88d8a98fb501bd750ad1d8ba6817bc080,FLOW_2N,False,False,BASELINE_SWEEP00,0.0,110.32027369489738,125,nan,0.5844540622216182,940100,False,False,True,377,92d0df637d5b65004f6b1f73ecdcea25bc424d6881cb50804bb4b78f80084585,248.23859187287968,0.9342683964591442,T256_VALID_TRACK,125,46.28444915627607
32,1432,+x,0.0,False,1289,384,TRACK_LOST_OR_DISSOLVED,nan,nan,9aaec326223457987c2d0b5fa8e45eb88d8a98fb501bd750ad1d8ba6817bc080,FLOW_4N,False,False,BASELINE_SWEEP00,0.0,0.0,143,nan,nan,940100,False,False,True,377,92d0df637d5b65004f6b1f73ecdcea25bc424d6881cb50804bb4b78f80084585,248.23859187287968,0.9342683964591442,T256_VALID_TRACK,143,39.61543088367835
32,716,+x,0.0,True,716,,NONE,0.0,0.0,9aaec326223457987c2d0b5fa8e45eb88d8a98fb501bd750ad1d8ba6817bc080,SHAM,False,False,LAW_16,295.8649485046422,295.4812650526409,0,0.9166168987021059,0.903558514194365,940100,True,True,True,370,39464426fd3ad3c77ea15ea120734136fd81ea9e6ce8123729f30bf096085728,295.554992666954,0.971247001161625,T256_VALID_TRACK,0,0.0
32,716,+x,0.0,False,546,576,TRACK_LOST_OR_DISSOLVED,nan,nan,9aaec326223457987c2d0b5fa8e45eb88d8a98fb501bd750ad1d8ba6817bc080,FLOW_2N,False,False,LAW_16,0.0,0.0,170,nan,nan,940100,False,False,True,370,39464426fd3ad3c77ea15ea120734136fd81ea9e6ce8123729f30bf096085728,295.554992666954,0.971247001161625,T256_VALID_TRACK,170,0.002787509216462764
32,1432,+x,0.0,False,1247,448,TRACK_LOST_OR_DISSOLVED,nan,nan,9aaec326223457987c2d0b5fa8e45eb88d8a98fb501bd750ad1d8ba6817bc080,FLOW_4N,False,False,LAW_16,0.0,0.0,185,nan,nan,940100,False,False,True,370,39464426fd3ad3c77ea15ea120734136fd81ea9e6ce8123729f30bf096085728,295.554992666954,0.971247001161625,T256_VALID_TRACK,185,0.0031252413168390827
32,716,-x,0.0,True,716,,NONE,0.0,0.0,b782b7ee12775ae3887afbcad8d65e7b1c90d110e14c740486542fde3ce7be21,SHAM,False,False,BASELINE_SWEEP00,168.4807972015362,142.73640317281004,0,0.8181977583029478,0.7892975794198706,940101,True,True,True,375,32da344bdf699c72cc59fc5913e1253e6a6e16e5df22e84483b6df5a217167dc,245.6496617394154,0.937304344820815,T256_VALID_TRACK,0,0.0
32,716,-x,0.0,False,627,400,TRACK_LOST_OR_DISSOLVED,nan,nan,b782b7ee12775ae3887afbcad8d65e7b1c90d110e14c740486542fde3ce7be21,FLOW_2N,False,False,BASELINE_SWEEP00,0.0,0.0,89,nan,nan,940101,False,False,True,375,32da344bdf699c72cc59fc5913e1253e6a6e16e5df22e84483b6df5a217167dc,245.6496617394154,0.937304344820815,T256_VALID_TRACK,89,30.079800307785632
32,1432,-x,0.0,False,1343,336,TRACK_LOST_OR_DISSOLVED,nan,0.0897613164545706,b782b7ee12775ae3887afbcad8d65e7b1c90d110e14c740486542fde3ce7be21,FLOW_4N,False,False,BASELINE_SWEEP00,0.0,133.39304684513823,89,nan,0.6659058326771626,940101,False,False,True,375,32da344bdf699c72cc59fc5913e1253e6a6e16e5df22e84483b6df5a217167dc,245.6496617394154,0.937304344820815,T256_VALID_TRACK,89,25.080388491611178
32,716,-x,0.0,True,716,,NONE,0.0,0.0,b782b7ee12775ae3887afbcad8d65e7b1c90d110e14c740486542fde3ce7be21,SHAM,False,False,LAW_16,292.5610412192441,292.1017293905247,0,0.9233218968018694,0.910358514816786,940101,True,True,True,371,8aa05a1f5c6d8c1638d0050f82cf79fee2ce2160555d6120549d9d3267312dab,294.97320493197145,0.9734662370858284,T256_VALID_TRACK,0,0.0
32,716,-x,0.0,False,636,368,TRACK_LOST_OR_DISSOLVED,nan,nan,b782b7ee12775ae3887afbcad8d65e7b1c90d110e14c740486542fde3ce7be21,FLOW_2N,False,False,LAW_16,0.0,0.0,80,nan,nan,940101,False,False,True,371,8aa05a1f5c6d8c1638d0050f82cf79fee2ce2160555d6120549d9d3267312dab,294.97320493197145,0.9734662370858284,T256_VALID_TRACK,80,47.35447239737057
32,1432,-x,0.0,False,1361,320,TRACK_LOST_OR_DISSOLVED,nan,nan,b782b7ee12775ae3887afbcad8d65e7b1c90d110e14c740486542fde3ce7be21,FLOW_4N,False,False,LAW_16,0.0,0.0,71,nan,nan,940101,False,False,True,371,8aa05a1f5c6d8c1638d0050f82cf79fee2ce2160555d6120549d9d3267312dab,294.97320493197145,0.9734662370858284,T256_VALID_TRACK,71,37.58095255225713
32,716,+y,0.0,True,716,,NONE,0.0,0.0,2227c972316ee6eaed77f1d17672e3e80530c80b8bf668c57c349177bd55a7eb,SHAM,False,False,BASELINE_SWEEP00,174.5957119833366,152.6838852170376,0,0.8131984707103654,0.7827553374960587,940102,True,True,True,376,00d9aaf8f3f1f94a976b72d5b22cb5a41ea00b5c02a89f704e4f6ad70e86024e,247.45174989072044,0.9355795916593231,T256_VALID_TRACK,0,0.0
32,716,+y,0.0,False,573,512,TRACK_LOST_OR_DISSOLVED,nan,0.16637680798358165,2227c972316ee6eaed77f1d17672e3e80530c80b8bf668c57c349177bd55a7eb,FLOW_2N,False,False,BASELINE_SWEEP00,0.0,79.12096393602634,143,nan,0.5259815689718949,940102,False,False,True,376,00d9aaf8f3f1f94a976b72d5b22cb5a41ea00b5c02a89f704e4f6ad70e86024e,247.45174989072044,0.9355795916593231,T256_VALID_TRACK,143,44.26011908727822
32,1432,+y,0.0,False,1278,416,TRACK_LOST_OR_DISSOLVED,nan,0.2039010445535548,2227c972316ee6eaed77f1d17672e3e80530c80b8bf668c57c349177bd55a7eb,FLOW_4N,False,False,BASELINE_SWEEP00,0.0,115.95772132275373,154,nan,0.4931536800585472,940102,False,False,True,376,00d9aaf8f3f1f94a976b72d5b22cb5a41ea00b5c02a89f704e4f6ad70e86024e,247.45174989072044,0.9355795916593231,T256_VALID_TRACK,154,48.85820112191097
32,716,+y,0.0,True,716,,NONE,0.0,0.0,2227c972316ee6eaed77f1d17672e3e80530c80b8bf668c57c349177bd55a7eb,SHAM,False,False,LAW_16,293.9175151365163,292.56188266525857,0,0.921105341944996,0.909069480142708,940102,True,True,True,370,276cb977154393965953bac34d357f908c8496f73a4cca3f4a98179b6b7bde0c,295.4911785484672,0.9719687752936638,T256_VALID_TRACK,0,0.0
32,716,+y,0.0,False,531,928,TRACK_LOST_OR_DISSOLVED,nan,nan,2227c972316ee6eaed77f1d17672e3e80530c80b8bf668c57c349177bd55a7eb,FLOW_2N,False,False,LAW_16,0.0,0.0,185,nan,nan,940102,False,False,True,370,276cb977154393965953bac34d357f908c8496f73a4cca3f4a98179b6b7bde0c,295.4911785484672,0.9719687752936638,T256_VALID_TRACK,185,0.05142347611709542
32,1432,+y,0.0,True,1247,,NONE,0.002966356534837048,0.009247648988028845,2227c972316ee6eaed77f1d17672e3e80530c80b8bf668c57c349177bd55a7eb,FLOW_4N,False,False,LAW_16,128.80789102661433,128.98149970534934,185,0.9235932803221288,0.9022978284229637,940102,True,True,True,370,276cb977154393965953bac34d357f908c8496f73a4cca3f4a98179b6b7bde0c,295.4911785484672,0.9719687752936638,T256_VALID_TRACK,185,1.4935369211393246
32,716,-y,0.0,True,716,,NONE,0.0,0.0,036e0d54135349a05b7d628b7b2af49e85b6f807088f2566342d7793725c5ac6,SHAM,False,False,BASELINE_SWEEP00,169.80135368122788,147.56779187871518,0,0.8181067864092706,0.7873349068158177,940103,True,True,True,366,932ff124033faa3dbc427aa401f72ff8487dece45b9270a7eb19ec99d46f6518,242.40641368852704,0.9415174666662924,T256_VALID_TRACK,0,0.0
32,716,-y,0.0,False,609,400,TRACK_LOST_OR_DISSOLVED,nan,nan,036e0d54135349a05b7d628b7b2af49e85b6f807088f2566342d7793725c5ac6,FLOW_2N,False,False,BASELINE_SWEEP00,0.0,0.0,107,nan,nan,940103,False,False,True,366,932ff124033faa3dbc427aa401f72ff8487dece45b9270a7eb19ec99d46f6518,242.40641368852704,0.9415174666662924,T256_VALID_TRACK,107,32.65831834467238
32,1432,-y,0.0,False,1325,336,TRACK_LOST_OR_DISSOLVED,nan,nan,036e0d54135349a05b7d628b7b2af49e85b6f807088f2566342d7793725c5ac6,FLOW_4N,False,False,BASELINE_SWEEP00,0.0,0.0,107,nan,nan,940103,False,False,True,366,932ff124033faa3dbc427aa401f72ff8487dece45b9270a7eb19ec99d46f6518,242.40641368852704,0.9415174666662924,T256_VALID_TRACK,107,30.371269012806856
32,716,-y,0.0,True,716,,NONE,0.0,0.0,036e0d54135349a05b7d628b7b2af49e85b6f807088f2566342d7793725c5ac6,SHAM,False,False,LAW_16,293.34373203652456,293.28217973466025,0,0.9231790052552953,0.9099555750904128,940103,True,True,True,369,10ddb8cea273a6b9b51dcc8fbd30614657c8881da4afc27c677123026e7d3ef2,295.33506344784274,0.9736034200444595,T256_VALID_TRACK,0,0.0
32,716,-y,0.0,False,627,432,TRACK_LOST_OR_DISSOLVED,nan,nan,036e0d54135349a05b7d628b7b2af49e85b6f807088f2566342d7793725c5ac6,FLOW_2N,False,False,LAW_16,0.0,0.0,89,nan,nan,940103,False,False,True,369,10ddb8cea273a6b9b51dcc8fbd30614657c8881da4afc27c677123026e7d3ef2,295.33506344784274,0.9736034200444595,T256_VALID_TRACK,89,0.0023804371424832986
32,1432,-y,0.0,False,1325,368,TRACK_LOST_OR_DISSOLVED,nan,nan,036e0d54135349a05b7d628b7b2af49e85b6f807088f2566342d7793725c5ac6,FLOW_4N,False,False,LAW_16,0.0,0.0,107,nan,nan,940103,False,False,True,369,10ddb8cea273a6b9b51dcc8fbd30614657c8881da4afc27c677123026e7d3ef2,295.33506344784274,0.9736034200444595,T256_VALID_TRACK,107,0.0018784974426227835
32,716,+x,0.0,True,716,,NONE,0.0,0.0,c41513d42eb05e9ee5c342750a1bdea16ec51dfda022591925c52f4ce5045484,SHAM,False,False,BASELINE_SWEEP00,179.96618728786856,161.53252216558934,0,0.81252833876554,0.7811771881012494,940104,True,True,True,378,93a36add9bddcc4655ca4c64646da5241f91ba6f8aa07a510514ec4de1e25e4b,249.86193770451644,0.9354751129218215,T256_VALID_TRACK,0,0.0
32,716,+x,0.0,False,619,368,TRACK_LOST_OR_DISSOLVED,nan,nan,c41513d42eb05e9ee5c342750a1bdea16ec51dfda022591925c52f4ce5045484,FLOW_2N,False,False,BASELINE_SWEEP00,0.0,0.0,97,nan,nan,940104,False,False,True,378,93a36add9bddcc4655ca4c64646da5241f91ba6f8aa07a510514ec4de1e25e4b,249.86193770451644,0.9354751129218215,T256_VALID_TRACK,97,32.015466787499186
32,1432,+x,0.0,False,1325,336,TRACK_LOST_OR_DISSOLVED,nan,nan,c41513d42eb05e9ee5c342750a1bdea16ec51dfda022591925c52f4ce5045484,FLOW_4N,False,False,BASELINE_SWEEP00,0.0,0.0,107,nan,nan,940104,False,False,True,378,93a36add9bddcc4655ca4c64646da5241f91ba6f8aa07a510514ec4de1e25e4b,249.86193770451644,0.9354751129218215,T256_VALID_TRACK,107,38.741353591938804
32,716,+x,0.0,True,716,,NONE,0.0,0.0,c41513d42eb05e9ee5c342750a1bdea16ec51dfda022591925c52f4ce5045484,SHAM,False,False,LAW_16,296.24896322234736,296.21984159447925,0,0.9210361516622324,0.9077849642100981,940104,True,True,True,373,dfb1fc3f1ebd8e47b9bfd8c2cd17d0ca3b1ef5e98ecce0410393854052361d18,298.4675132179588,0.9705160511070546,T256_VALID_TRACK,0,0.0
32,716,+x,0.0,False,645,400,TRACK_LOST_OR_DISSOLVED,nan,nan,c41513d42eb05e9ee5c342750a1bdea16ec51dfda022591925c52f4ce5045484,FLOW_2N,False,False,LAW_16,0.0,0.0,71,nan,nan,940104,False,False,True,373,dfb1fc3f1ebd8e47b9bfd8c2cd17d0ca3b1ef5e98ecce0410393854052361d18,298.4675132179588,0.9705160511070546,T256_VALID_TRACK,71,0.0076925594486112045
32,1432,+x,0.0,False,1343,352,TRACK_LOST_OR_DISSOLVED,nan,nan,c41513d42eb05e9ee5c342750a1bdea16ec51dfda022591925c52f4ce5045484,FLOW_4N,False,False,LAW_16,0.0,0.0,89,nan,nan,940104,False,False,True,373,dfb1fc3f1ebd8e47b9bfd8c2cd17d0ca3b1ef5e98ecce0410393854052361d18,298.4675132179588,0.9705160511070546,T256_VALID_TRACK,89,0.004273135632187794
32,716,-x,0.0,True,716,,NONE,0.0,0.0,3daa7b0b98ecc7817eca0ecdfc9b49a5a65c750b56d0bb2cc5596ac56d66412d,SHAM,False,False,BASELINE_SWEEP00,174.37999988685863,148.43630235544987,0,0.8151312047910726,0.7870842633905093,940105,True,True,True,376,febdae0d39342e05914e5810e85985da8ce42a7addba0f3c63d05f28684e1c81,247.66209097295805,0.9363674573151268,T256_VALID_TRACK,0,0.0
32,716,-x,0.0,False,645,352,TRACK_LOST_OR_DISSOLVED,nan,0.06222736255284654,3daa7b0b98ecc7817eca0ecdfc9b49a5a65c750b56d0bb2cc5596ac56d66412d,FLOW_2N,False,False,BASELINE_SWEEP00,0.0,145.68457254219405,71,nan,0.7005794946714465,940105,False,False,True,376,febdae0d39342e05914e5810e85985da8ce42a7addba0f3c63d05f28684e1c81,247.66209097295805,0.9363674573151268,T256_VALID_TRACK,71,19.42538624569871
32,1432,-x,0.0,False,1361,320,TRACK_LOST_OR_DISSOLVED,nan,nan,3daa7b0b98ecc7817eca0ecdfc9b49a5a65c750b56d0bb2cc5596ac56d66412d,FLOW_4N,False,False,BASELINE_SWEEP00,0.0,0.0,71,nan,nan,940105,False,False,True,376,febdae0d39342e05914e5810e85985da8ce42a7addba0f3c63d05f28684e1c81,247.66209097295805,0.9363674573151268,T256_VALID_TRACK,71,19.777914286546086
32,716,-x,0.0,True,716,,NONE,0.0,0.0,3daa7b0b98ecc7817eca0ecdfc9b49a5a65c750b56d0bb2cc5596ac56d66412d,SHAM,False,False,LAW_16,294.5507759691803,295.0582907572247,0,0.9207952152229453,0.9068347520435633,940105,True,True,True,375,c353465f2d9701de3d7b6e5c72677c542e09aaf1817ab6ae528e56dcdf35f8d1,297.6180425242376,0.9688226390418901,T256_VALID_TRACK,0,0.0
32,716,-x,0.0,False,672,352,TRACK_LOST_OR_DISSOLVED,nan,nan,3daa7b0b98ecc7817eca0ecdfc9b49a5a65c750b56d0bb2cc5596ac56d66412d,FLOW_2N,False,False,LAW_16,0.0,0.0,44,nan,nan,940105,False,False,True,375,c353465f2d9701de3d7b6e5c72677c542e09aaf1817ab6ae528e56dcdf35f8d1,297.6180425242376,0.9688226390418901,T256_VALID_TRACK,44,29.586599524469367
32,1432,-x,0.0,False,1379,320,TRACK_LOST_OR_DISSOLVED,nan,nan,3daa7b0b98ecc7817eca0ecdfc9b49a5a65c750b56d0bb2cc5596ac56d66412d,FLOW_4N,False,False,LAW_16,0.0,0.0,53,nan,nan,940105,False,False,True,375,c353465f2d9701de3d7b6e5c72677c542e09aaf1817ab6ae528e56dcdf35f8d1,297.6180425242376,0.9688226390418901,T256_VALID_TRACK,53,31.22882551202962
32,716,+y,0.0,True,716,,NONE,0.0,0.0,d569ccbf12e70d84bddb1c37281bd324286ad6f3b06d6c2ffd0151e615d82ddb,SHAM,False,False,BASELINE_SWEEP00,167.7537535916852,147.18017203987858,0,0.8209871557708476,0.7892306403364171,940106,True,True,True,373,9f6f33b7ed9b18615243a6a9c88bbeae993986cae5a52300c96e663d634b65ae,246.27833436551668,0.9383088529421477,T256_VALID_TRACK,0,0.0
32,716,+y,0.0,False,599,432,TRACK_LOST_OR_DISSOLVED,0.11041483583377464,0.11274872027290689,d569ccbf12e70d84bddb1c37281bd324286ad6f3b06d6c2ffd0151e615d82ddb,FLOW_2N,False,False,BASELINE_SWEEP00,133.6692261840538,91.1946550015504,117,0.6320245989625509,0.6211279169332455,940106,False,False,True,373,9f6f33b7ed9b18615243a6a9c88bbeae993986cae5a52300c96e663d634b65ae,246.27833436551668,0.9383088529421477,T256_VALID_TRACK,117,40.04375225611411
32,1432,+y,0.0,False,1307,352,TRACK_LOST_OR_DISSOLVED,nan,0.1387584580116816,d569ccbf12e70d84bddb1c37281bd324286ad6f3b06d6c2ffd0151e615d82ddb,FLOW_4N,False,False,BASELINE_SWEEP00,0.0,108.68954625859928,125,nan,0.5862911547843532,940106,False,False,True,373,9f6f33b7ed9b18615243a6a9c88bbeae993986cae5a52300c96e663d634b65ae,246.27833436551668,0.9383088529421477,T256_VALID_TRACK,125,43.68818363068163
32,716,+y,0.0,True,716,,NONE,0.0,0.0,d569ccbf12e70d84bddb1c37281bd324286ad6f3b06d6c2ffd0151e615d82ddb,SHAM,False,False,LAW_16,293.6357311915932,295.4336684284266,0,0.9234543151038744,0.9077743989776956,940106,True,True,True,369,b9ebb94c6e04d3d756b3eb27582b0b3954de8b87de9cf0b49e3a59d2d08acc6d,295.71765671105857,0.9736748413503302,T256_VALID_TRACK,0,0.0
32,716,+y,0.0,False,573,528,TRACK_LOST_OR_DISSOLVED,nan,nan,d569ccbf12e70d84bddb1c37281bd324286ad6f3b06d6c2ffd0151e615d82ddb,FLOW_2N,False,False,LAW_16,0.0,0.0,143,nan,nan,940106,False,False,True,369,b9ebb94c6e04d3d756b3eb27582b0b3954de8b87de9cf0b49e3a59d2d08acc6d,295.71765671105857,0.9736748413503302,T256_VALID_TRACK,143,0.0035503951169418993
32,1432,+y,0.0,False,1289,400,TRACK_LOST_OR_DISSOLVED,nan,nan,d569ccbf12e70d84bddb1c37281bd324286ad6f3b06d6c2ffd0151e615d82ddb,FLOW_4N,False,False,LAW_16,0.0,0.0,143,nan,nan,940106,False,False,True,369,b9ebb94c6e04d3d756b3eb27582b0b3954de8b87de9cf0b49e3a59d2d08acc6d,295.71765671105857,0.9736748413503302,T256_VALID_TRACK,143,0.0003445268699583028
32,716,-y,0.0,True,716,,NONE,0.0,0.0,a9a7e8693d590fd9813a66e529bb7ddc70d501a7f04e2b57828388145404c10f,SHAM,False,False,BASELINE_SWEEP00,157.4390133119851,127.04225901636845,0,0.8285895184623684,0.8013462820230917,940107,True,True,True,369,0b45b00e24836d4e4d98b887654f52a4f0238b28b6c0c279adc33ffde7a1ce96,243.93940236918505,0.9400862644576856,T256_VALID_TRACK,0,0.0
32,716,-y,0.0,False,600,400,TRACK_LOST_OR_DISSOLVED,nan,0.12440209682268387,a9a7e8693d590fd9813a66e529bb7ddc70d501a7f04e2b57828388145404c10f,FLOW_2N,False,False,BASELINE_SWEEP00,0.0,87.83921699339211,116,nan,0.6103765118390284,940107,False,False,True,369,0b45b00e24836d4e4d98b887654f52a4f0238b28b6c0c279adc33ffde7a1ce96,243.93940236918505,0.9400862644576856,T256_VALID_TRACK,116,37.107584161011644
32,1432,-y,0.0,False,1311,320,TRACK_LOSS,nan,nan,a9a7e8693d590fd9813a66e529bb7ddc70d501a7f04e2b57828388145404c10f,FLOW_4N,False,False,BASELINE_SWEEP00,0.0,0.0,121,nan,nan,940107,False,False,True,369,0b45b00e24836d4e4d98b887654f52a4f0238b28b6c0c279adc33ffde7a1ce96,243.93940236918505,0.9400862644576856,T256_VALID_TRACK,121,31.07014780246517
32,716,-y,0.0,True,716,,NONE,0.0,0.0,a9a7e8693d590fd9813a66e529bb7ddc70d501a7f04e2b57828388145404c10f,SHAM,False,False,LAW_16,294.1993160392934,293.1919583121392,0,0.9222742307590863,0.9103480632165528,940107,True,True,True,372,1e8400c4e745bc01459ed3e8e502f9d616796834811c8d29cfa5e721936c47b3,297.05966001101064,0.9695720225109298,T256_VALID_TRACK,0,0.0
32,716,-y,0.0,False,636,416,TRACK_LOST_OR_DISSOLVED,nan,nan,a9a7e8693d590fd9813a66e529bb7ddc70d501a7f04e2b57828388145404c10f,FLOW_2N,False,False,LAW_16,0.0,0.0,80,nan,nan,940107,False,False,True,372,1e8400c4e745bc01459ed3e8e502f9d616796834811c8d29cfa5e721936c47b3,297.05966001101064,0.9695720225109298,T256_VALID_TRACK,80,0.0004690803167115546
32,1432,-y,0.0,False,1343,352,TRACK_LOST_OR_DISSOLVED,nan,nan,a9a7e8693d590fd9813a66e529bb7ddc70d501a7f04e2b57828388145404c10f,FLOW_4N,False,False,LAW_16,0.0,0.0,89,nan,nan,940107,False,False,True,372,1e8400c4e745bc01459ed3e8e502f9d616796834811c8d29cfa5e721936c47b3,297.05966001101064,0.9695720225109298,T256_VALID_TRACK,89,0.00010072466404029051
32,716,+x,0.0,True,716,,NONE,0.0,0.0,65cd520a8eaebb5408535086536fc9959d97268d9bc8a0ef5aeeeb7d23465d96,SHAM,False,False,BASELINE_SWEEP00,171.8558451852798,151.66710970186867,0,0.8174335689354845,0.78573328309822,940108,True,True,True,371,35fb915570501420833cd8c97349fc537a62994f0c8fc79bac235b88fb6b0746,246.17460052237718,0.9382366969759034,T256_VALID_TRACK,0,0.0
32,716,+x,0.0,False,627,384,TRACK_LOST_OR_DISSOLVED,nan,0.08339299219601516,65cd520a8eaebb5408535086536fc9959d97268d9bc8a0ef5aeeeb7d23465d96,FLOW_2N,False,False,BASELINE_SWEEP00,0.0,139.1801644339421,89,nan,0.6704351124216116,940108,False,False,True,371,35fb915570501420833cd8c97349fc537a62994f0c8fc79bac235b88fb6b0746,246.17460052237718,0.9382366969759034,T256_VALID_TRACK,89,27.19934013468907
32,1432,+x,0.0,False,1343,336,TRACK_LOST_OR_DISSOLVED,nan,nan,65cd520a8eaebb5408535086536fc9959d97268d9bc8a0ef5aeeeb7d23465d96,FLOW_4N,False,False,BASELINE_SWEEP00,0.0,0.0,89,nan,nan,940108,False,False,True,371,35fb915570501420833cd8c97349fc537a62994f0c8fc79bac235b88fb6b0746,246.17460052237718,0.9382366969759034,T256_VALID_TRACK,89,29.53578643280308
32,716,+x,0.0,True,716,,NONE,0.0,0.0,65cd520a8eaebb5408535086536fc9959d97268d9bc8a0ef5aeeeb7d23465d96,SHAM,False,False,LAW_16,296.47144948324456,295.6112725010804,0,0.9183715295452496,0.9062232955822036,940108,True,True,True,368,4d708f7a2a3dd8159e212d21298d37a29c4e04d60a06a821b4ed1e3ef9fe2f81,295.3635358807404,0.9727109050421545,T256_VALID_TRACK,0,0.0
32,716,+x,0.0,False,654,352,TRACK_LOST_OR_DISSOLVED,nan,nan,65cd520a8eaebb5408535086536fc9959d97268d9bc8a0ef5aeeeb7d23465d96,FLOW_2N,False,False,LAW_16,0.0,0.0,62,nan,nan,940108,False,False,True,368,4d708f7a2a3dd8159e212d21298d37a29c4e04d60a06a821b4ed1e3ef9fe2f81,295.3635358807404,0.9727109050421545,T256_VALID_TRACK,62,32.844646299279226
32,1432,+x,0.0,False,1379,320,TRACK_LOST_OR_DISSOLVED,nan,0.08978901451784231,65cd520a8eaebb5408535086536fc9959d97268d9bc8a0ef5aeeeb7d23465d96,FLOW_4N,False,False,LAW_16,0.0,298.3315295954529,53,nan,0.7693787789875416,940108,False,False,True,368,4d708f7a2a3dd8159e212d21298d37a29c4e04d60a06a821b4ed1e3ef9fe2f81,295.3635358807404,0.9727109050421545,T256_VALID_TRACK,53,36.29718256028321
32,716,-x,0.0,True,716,,NONE,0.0,0.0,1631e3d0a7a874eee9776fea75ade9c4f6183a7d50109c69c5750a75bde0481f,SHAM,False,False,BASELINE_SWEEP00,170.23025792107967,148.06914341743843,0,0.8151225172408232,0.7840899673569595,940109,True,True,True,373,b88807970d1e783810e6f808be2def18017eb0a9f7d26d94a04b180eee900fc9,244.90293991852974,0.9370351617082926,T256_VALID_TRACK,0,0.0
32,716,-x,0.0,False,627,368,TRACK_LOST_OR_DISSOLVED,nan,0.08911780400694394,1631e3d0a7a874eee9776fea75ade9c4f6183a7d50109c69c5750a75bde0481f,FLOW_2N,False,False,BASELINE_SWEEP00,0.0,141.6427873512241,89,nan,0.6553577270463061,940109,False,False,True,373,b88807970d1e783810e6f808be2def18017eb0a9f7d26d94a04b180eee900fc9,244.90293991852974,0.9370351617082926,T256_VALID_TRACK,89,29.230669063566165
32,1432,-x,0.0,False,1343,320,TRACK_LOST_OR_DISSOLVED,nan,nan,1631e3d0a7a874eee9776fea75ade9c4f6183a7d50109c69c5750a75bde0481f,FLOW_4N,False,False,BASELINE_SWEEP00,0.0,0.0,89,nan,nan,940109,False,False,True,373,b88807970d1e783810e6f808be2def18017eb0a9f7d26d94a04b180eee900fc9,244.90293991852974,0.9370351617082926,T256_VALID_TRACK,89,28.72263197687587
32,716,-x,0.0,True,716,,NONE,0.0,0.0,1631e3d0a7a874eee9776fea75ade9c4f6183a7d50109c69c5750a75bde0481f,SHAM,False,False,LAW_16,296.6217825849972,296.1781414347247,0,0.9147303427916504,0.9020447715556825,940109,True,True,True,373,df3a96fa99c9c08a6cb9272c59d54c1b1b5eb7a6f9c0b2b46d4843eb3671eb87,295.7159650954186,0.9686033654413857,T256_VALID_TRACK,0,0.0
32,716,-x,0.0,False,655,336,TRACK_LOST_OR_DISSOLVED,nan,nan,1631e3d0a7a874eee9776fea75ade9c4f6183a7d50109c69c5750a75bde0481f,FLOW_2N,False,False,LAW_16,0.0,0.0,61,nan,nan,940109,False,False,True,373,df3a96fa99c9c08a6cb9272c59d54c1b1b5eb7a6f9c0b2b46d4843eb3671eb87,295.7159650954186,0.9686033654413857,T256_VALID_TRACK,61,34.145130704904695
32,1432,-x,0.0,False,1379,320,TRACK_LOST_OR_DISSOLVED,nan,nan,1631e3d0a7a874eee9776fea75ade9c4f6183a7d50109c69c5750a75bde0481f,FLOW_4N,False,False,LAW_16,0.0,0.0,53,nan,nan,940109,False,False,True,373,df3a96fa99c9c08a6cb9272c59d54c1b1b5eb7a6f9c0b2b46d4843eb3671eb87,295.7159650954186,0.9686033654413857,T256_VALID_TRACK,53,31.97101105698562
32,716,+y,0.0,True,716,,NONE,0.0,0.0,d0e85a4c58062e37647e470d98dad77f39c7bee8835d945b45c7932c3f73711b,SHAM,False,False,BASELINE_SWEEP00,186.93232391179998,168.50122923641354,0,0.8061893617942991,0.7754091327322209,940110,True,True,True,378,3de736eef7f033c9a4fa0364a2d2a9f4ec53afbe8173de46dccff484dc43e3fa,250.1658437025006,0.9346197479055147,T256_VALID_TRACK,0,0.0
32,716,+y,0.0,False,618,400,TRACK_LOST_OR_DISSOLVED,nan,nan,d0e85a4c58062e37647e470d98dad77f39c7bee8835d945b45c7932c3f73711b,FLOW_2N,False,False,BASELINE_SWEEP00,0.0,0.0,98,nan,nan,940110,False,False,True,378,3de736eef7f033c9a4fa0364a2d2a9f4ec53afbe8173de46dccff484dc43e3fa,250.1658437025006,0.9346197479055147,T256_VALID_TRACK,98,35.780445986782084
32,1432,+y,0.0,False,1325,336,TRACK_LOST_OR_DISSOLVED,nan,nan,d0e85a4c58062e37647e470d98dad77f39c7bee8835d945b45c7932c3f73711b,FLOW_4N,False,False,BASELINE_SWEEP00,0.0,0.0,107,nan,nan,940110,False,False,True,378,3de736eef7f033c9a4fa0364a2d2a9f4ec53afbe8173de46dccff484dc43e3fa,250.1658437025006,0.9346197479055147,T256_VALID_TRACK,107,35.126386743277145
32,716,+y,0.0,True,716,,NONE,0.0,0.0,d0e85a4c58062e37647e470d98dad77f39c7bee8835d945b45c7932c3f73711b,SHAM,False,False,LAW_16,298.6102351386559,297.7926262999746,0,0.9164008982554016,0.9039170991606919,940110,True,True,True,376,80d600d1973259d6647740d68870c7d321dd44263e8ee00d6b9898bc678e3313,299.2605304007194,0.9680086603925162,T256_VALID_TRACK,0,0.0
32,716,+y,0.0,False,636,416,TRACK_LOST_OR_DISSOLVED,nan,nan,d0e85a4c58062e37647e470d98dad77f39c7bee8835d945b45c7932c3f73711b,FLOW_2N,False,False,LAW_16,0.0,0.0,80,nan,nan,940110,False,False,True,376,80d600d1973259d6647740d68870c7d321dd44263e8ee00d6b9898bc678e3313,299.2605304007194,0.9680086603925162,T256_VALID_TRACK,80,0.0007961549399773571
32,1432,+y,0.0,False,1343,352,TRACK_LOST_OR_DISSOLVED,nan,nan,d0e85a4c58062e37647e470d98dad77f39c7bee8835d945b45c7932c3f73711b,FLOW_4N,False,False,LAW_16,0.0,0.0,89,nan,nan,940110,False,False,True,376,80d600d1973259d6647740d68870c7d321dd44263e8ee00d6b9898bc678e3313,299.2605304007194,0.9680086603925162,T256_VALID_TRACK,89,0.00015546728687852715
32,716,-y,0.0,True,716,,NONE,0.0,0.0,8742f14816fe40216c7c31c058188a762a0bb6811a4e2673a76bf127e5b1d2ee,SHAM,False,False,BASELINE_SWEEP00,165.0839795951435,138.88149656534964,0,0.8163270339876266,0.786984668573542,940111,True,True,True,372,c53bf5732c6c695341c3d89b33e35b3c517dc3c1f6334a5f1d3157e5827af910,243.7972624574077,0.9355361119038557,T256_VALID_TRACK,0,0.0
32,716,-y,0.0,False,618,400,TRACK_LOST_OR_DISSOLVED,nan,nan,8742f14816fe40216c7c31c058188a762a0bb6811a4e2673a76bf127e5b1d2ee,FLOW_2N,False,False,BASELINE_SWEEP00,0.0,0.0,98,nan,nan,940111,False,False,True,372,c53bf5732c6c695341c3d89b33e35b3c517dc3c1f6334a5f1d3157e5827af910,243.7972624574077,0.9355361119038557,T256_VALID_TRACK,98,29.187713027827836
32,1432,-y,0.0,False,1343,336,TRACK_LOST_OR_DISSOLVED,nan,0.0843170380708918,8742f14816fe40216c7c31c058188a762a0bb6811a4e2673a76bf127e5b1d2ee,FLOW_4N,False,False,BASELINE_SWEEP00,0.0,122.13180670175556,89,nan,0.6703780991735313,940111,False,False,True,372,c53bf5732c6c695341c3d89b33e35b3c517dc3c1f6334a5f1d3157e5827af910,243.7972624574077,0.9355361119038557,T256_VALID_TRACK,89,28.78957452576356
32,716,-y,0.0,True,716,,NONE,0.0,0.0,8742f14816fe40216c7c31c058188a762a0bb6811a4e2673a76bf127e5b1d2ee,SHAM,False,False,LAW_16,295.4151799549168,294.6880009971127,0,0.9139891456310922,0.9012978581546642,940111,True,True,True,373,1d054bef062cb47ab1ca9d3ff4eea9c5d74d3f98b9bec60f34421d8cef4f73d9,293.98732795755546,0.9699236959970061,T256_VALID_TRACK,0,0.0
32,716,-y,0.0,False,645,368,TRACK_LOST_OR_DISSOLVED,nan,nan,8742f14816fe40216c7c31c058188a762a0bb6811a4e2673a76bf127e5b1d2ee,FLOW_2N,False,False,LAW_16,0.0,0.0,71,nan,nan,940111,False,False,True,373,1d054bef062cb47ab1ca9d3ff4eea9c5d74d3f98b9bec60f34421d8cef4f73d9,293.98732795755546,0.9699236959970061,T256_VALID_TRACK,71,42.79956513305198
32,1432,-y,0.0,False,1343,320,TRACK_LOST_OR_DISSOLVED,nan,nan,8742f14816fe40216c7c31c058188a762a0bb6811a4e2673a76bf127e5b1d2ee,FLOW_4N,False,False,LAW_16,0.0,0.0,89,nan,nan,940111,False,False,True,373,1d054bef062cb47ab1ca9d3ff4eea9c5d74d3f98b9bec60f34421d8cef4f73d9,293.98732795755546,0.9699236959970061,T256_VALID_TRACK,89,49.265518110538615
