law_index,interaction_mean,interaction_abs_mean,interaction_positive_fraction,interaction_diagonal_mean,interaction_asymmetry_rms,repulsion_strength,short_range,interaction_range,damping,rows,probe_rows,probe_fraction,mean_p,mean_m,p_min,p_max,m_min,m_max,cross_cadence_endpoint_count,qualifying_seeds_json,eligible_seed_count,eligible_law,all_candidates_retain_unresolved_alias_risk
0,0.1715090582793979,0.4692012858085456,0.5555555555555556,-0.11037363886328484,0.4771160707690803,0.9092746730083234,0.02276586888657648,0.20918918918918922,1.3646341463414635,3662,22,0.006007646095030038,0.8967876154160086,0.9363896386211213,0.3508696099830455,0.9995704652582412,0.0,1.0,2,"[2001, 2002]",2,True,True
1,0.0866938554288137,0.4440119631940519,0.6666666666666666,-0.34860576247090247,0.6246409369344307,0.9782401902497027,0.02350780437044745,0.21135135135135136,1.3963414634146343,1992,22,0.01104417670682731,0.8395418980602346,0.876056227072253,0.39243832427892594,0.99453560940379,0.0,1.0,0,[],0,False,True
2,0.03167523784299128,0.5346089608220064,0.5555555555555556,-0.4256808612851317,0.8805027814017918,1.047205707491082,0.024249739854318417,0.21351351351351355,1.428048780487805,1290,70,0.05426356589147287,0.7400633708654263,0.5275173064062667,0.3009733436592883,0.953312435474338,0.0,1.0,0,[],0,False,True
3,-0.066243834042198,0.6171355743084052,0.5555555555555556,-0.00275596009936104,0.765368092111423,1.1161712247324613,0.024991675338189384,0.2156756756756757,1.4597560975609758,3340,7,0.002095808383233533,0.9020047233856964,0.9284911592296906,0.32809901262004865,0.9999136102027179,0.0,1.0,0,[],0,False,True
4,-0.24651698336082972,0.5779302119998264,0.3333333333333333,-0.32983105891359027,0.2641465958519575,1.1851367419738406,0.02573361082206035,0.21783783783783786,1.4914634146341466,2382,6,0.0025188916876574307,0.9261246080536044,0.9521092970576747,0.40784067291371995,0.9996775402994562,0.0,1.0,0,[],0,False,True
5,0.0865843529172464,0.38423239427286604,0.4444444444444444,0.09309384227218054,0.30007957123353235,1.25410225921522,0.02647554630593132,0.1400584368151936,1.5231707317073173,4586,15,0.0032708242477104232,0.9495428824370656,0.9696009025769793,0.29408767197019803,0.999994945594525,0.0,1.0,0,[],0,False,True
6,0.03141237432920985,0.42353746675046977,0.5555555555555556,0.01601874345795129,0.9874061249020958,1.3230677764565992,0.027217481789802288,0.14222059897735576,1.554878048780488,2239,53,0.023671281822242072,0.7991559123268823,0.715334867909642,0.23506024811500031,0.9979607290966701,0.0,1.0,0,[],0,False,True
7,-0.05392445142061971,0.5960954979631463,0.5555555555555556,0.438943644643722,0.7359360117035363,1.3920332936979785,0.027959417273673254,0.14438276113951792,1.5865853658536588,2688,11,0.004092261904761905,0.8371064167153127,0.8650249555640269,0.25313688797216266,0.9996083894817612,0.0,1.0,0,[],0,False,True
8,-0.22582311514254366,0.5451583815232032,0.3333333333333333,-0.013131454170507281,0.3747897527164215,1.460998810939358,0.02870135275754422,0.14654492330168006,1.6182926829268292,3538,31,0.008762012436404749,0.9085504244307532,0.9207378283330666,0.3563711938912201,0.999969191665156,0.0,1.0,1,[2003],1,False,True
9,0.10727822113553241,0.5154037067842202,0.5555555555555556,0.4097934470152635,0.15120417782467171,1.5299643281807371,0.02944328824141519,0.14870708546384223,0.35077334919690656,4880,23,0.004713114754098361,0.8953008524845797,0.9488126447150877,0.34646498075296,0.9951025038345613,0.0,1.0,0,[],0,False,True
10,-0.14150504828052093,0.45215061374787713,0.3333333333333333,0.3327183482010343,0.15158467615712018,1.5989298454221164,0.03018522372528616,0.1508692476260044,0.3824806662700773,4464,57,0.012768817204301076,0.8842587367363465,0.8980509355825609,0.44537376222167646,0.9930124420872429,0.0,1.0,0,[],0,False,True
11,0.19159628799755513,0.4762860789428635,0.6666666666666666,0.755643249386805,0.371551255521114,1.6678953626634958,0.030927159209157125,0.15303140978816657,0.414187983343248,3230,29,0.008978328173374612,0.8333719021108452,0.8701885708313785,0.4139363780548713,0.9902924170275883,0.0,1.0,0,[],0,False,True
12,0.0543119493445017,0.55740411808214,0.4444444444444444,-0.23258887422081273,0.5950665361468587,1.7368608799048753,0.031669094693028095,0.15519357195032873,0.4458953004164188,2182,84,0.0384967919340055,0.8208463614046496,0.762790272449092,0.2937295298557112,0.9818162969199948,0.0,1.0,4,"[2001, 2003]",2,True,True
13,-0.08929453330746334,0.47442197562580435,0.4444444444444444,0.1903360269649581,0.6416116713225644,1.8058263971462545,0.03241103017689906,0.15735573411249087,0.47760261748958954,2039,85,0.04168710152035311,0.7740298681255404,0.6301219119384222,0.4043167799199454,0.9888684749357814,0.0,1.0,0,[],0,False,True
14,-0.1446620061031113,0.3503923780755457,0.3333333333333333,-0.5521454990704432,0.4329070441171501,1.8747919143876337,0.03315296566077003,0.15951789627465304,0.5093099345627603,1361,127,0.09331373989713446,0.7537959223211539,0.513724872924476,0.2566087612004015,0.9759833534090627,0.0,1.0,0,[],0,False,True
15,0.1884393301749648,0.4852088946619456,0.6666666666666666,-0.12922059788467247,0.2532447560049551,1.9437574316290132,0.033894901144641,0.1616800584368152,0.5410172516359311,3377,27,0.007995262066923305,0.8869779316196598,0.9165718077851781,0.2721875126015966,0.9902234844341237,0.0,1.0,2,[2001],1,False,True
16,0.011509802255509991,0.5751376604114307,0.5555555555555556,-0.6437956966989017,0.7585223833630852,2.012722948870392,0.03463683662851197,0.16384222059897738,0.5727245687091017,1126,74,0.06571936056838366,0.7398240990002464,0.5135287339407439,0.2755092299082729,0.9635786369110624,0.0,1.0,0,[],0,False,True
17,0.09582591015652098,0.4848329063230332,0.6666666666666666,-0.22087079551313094,0.5382538612844104,2.081688466111772,0.03537877211238293,0.16600438276113955,0.6044318857822725,2520,33,0.013095238095238096,0.8543087213430179,0.8450430299477583,0.3087087607313577,0.9976722481922813,0.0,1.0,0,[],0,False,True
18,0.006260579767930337,0.6123310879604053,0.5555555555555556,-0.29794589432736024,1.1299443365895443,2.150653983353151,0.0361207075962539,0.1681665449233017,0.6361392028554431,1034,31,0.029980657640232108,0.7024148545483572,0.4401253225264125,0.3090333344766637,0.9528514941441172,0.0,1.0,0,[],0,False,True
19,-0.07962223534875626,0.5671224942336207,0.4444444444444444,0.12497900685841053,0.3065504624821726,2.21961950059453,0.036862643080124866,0.17032870708546385,0.6678465199286139,4569,20,0.004377325454147516,0.9195401248045408,0.9568216250739514,0.4380607542909545,0.9983492786322541,0.09090909090909091,1.0,2,[2001],1,False,True
20,-0.21742819690105492,0.5039562673999509,0.3333333333333333,-0.2020960919558187,0.7781014066057286,2.28858501783591,0.037604578563995836,0.17249086924762602,0.6995538370017846,1300,90,0.06923076923076923,0.7451530165229291,0.48593815634693815,0.3043509268615525,0.9510780344513492,0.0,1.0,1,[2002],1,False,True
21,0.11567313937702117,0.5437851651278338,0.6666666666666666,0.22082880922995207,0.8849917562326919,2.357550535077289,0.038346514047866806,0.1746530314097882,0.7312611540749554,1253,17,0.013567438148443736,0.778553824276784,0.7784002092689838,0.3583959017965952,0.981213385589704,0.0,1.0,0,[],0,False,True
22,-0.003214550408002892,0.5912124863520996,0.4444444444444444,0.14375371041572282,1.0850389047517652,2.426516052318668,0.039088449531737776,0.17681519357195036,0.7629684711481262,881,15,0.0170261066969353,0.6967956864597536,0.5550712145024448,0.2849367901417688,0.9481568036943715,0.0,1.0,0,[],0,False,True
23,-0.10383222239438966,0.6292590301046785,0.3333333333333333,-0.09447841319189494,0.7916915523169062,2.495481569560048,0.03983038501560874,0.1789773557341125,0.7946757882212969,1272,12,0.009433962264150943,0.7446505437496259,0.6943081286695708,0.31136614100045346,0.9641122240363659,0.0,1.0,0,[],0,False,True
24,-0.28008462761291214,0.5664253440346791,0.2222222222222222,-0.5465535120061241,0.8614940633968254,2.564447086801427,0.0405723204994797,0.18113951789627467,0.8263831052944676,965,69,0.07150259067357513,0.726223889220835,0.42300846212154297,0.32441861712388675,0.9672100375387259,0.0,1.0,0,[],0,False,True
25,-0.36612080373181294,0.41473191484292404,0.1111111111111111,-0.12362861082035337,0.388147863572755,2.633412604042806,0.04131425598335067,0.18330168005843683,0.8580904223676383,4000,35,0.00875,0.9243425444477537,0.9309883813907875,0.3075529184711923,0.9991432832674074,0.0,1.0,0,[],0,False,True
26,-0.1996861341204035,0.28036162246318874,0.2222222222222222,-0.20070370963458264,0.4810362579872247,0.704756242568371,0.04205619146722164,0.18546384222059897,0.8897977394408091,1812,92,0.05077262693156733,0.8115668152783587,0.7043631720730538,0.3367736190078263,0.9835247316584719,0.0,1.0,1,[2001],1,False,True
27,0.13341520215767258,0.3772392080459247,0.5555555555555556,0.2222211915511881,0.6427397797938579,0.7737217598097502,0.04279812695109261,0.18762600438276117,0.9215050565139797,1285,26,0.020233463035019456,0.7547817880597315,0.6852715259367629,0.32695217578357916,0.9690077333301296,0.0,1.0,1,[2001],1,False,True
28,-0.19434765909511553,0.3659361920197559,0.4444444444444444,-0.10485390726304107,0.6938003966089134,0.8426872770511296,0.043540062434963576,0.1897881665449233,0.9532123735871505,1146,78,0.06806282722513089,0.742299684816291,0.48941965729804016,0.3018313425119925,0.9829266660311043,0.0,1.0,0,[],0,False,True
29,0.13875367718296056,0.35438187047320363,0.7777777777777778,0.3180709939227296,0.5684186800610743,0.9116527942925089,0.04428199791883455,0.19195032870708548,0.9849196906603213,2346,11,0.004688832054560955,0.8470993033724655,0.8655222470528977,0.3354694648302528,0.9939160508498878,0.0,1.0,0,[],0,False,True
30,0.30518834679436996,0.4154802827746715,0.6666666666666666,0.24099589510850036,0.5155793119190396,0.9806183115338882,0.02204786680541103,0.19411249086924764,1.0166270077334918,2275,3,0.0013186813186813187,0.8743556204151915,0.926798539605721,0.30752433550443803,0.999455383026653,0.07142857142857142,1.0,0,[],0,False,True
31,0.15722812264580624,0.6329792797662177,0.6666666666666666,0.6639207962942711,0.5151464081838102,1.0495838287752675,0.022789802289281996,0.1962746530314098,1.0483343248066626,1785,11,0.0061624649859943975,0.8156241694161204,0.8745472824696197,0.07704669775049539,0.9953510619449126,0.0,1.0,0,[],0,False,True
32,0.16220445892388233,0.6216735915385851,0.5555555555555556,0.10247069748004185,0.5834740716726845,1.1185493460166467,0.023531737773152966,0.19843681519357198,1.0800416418798333,1867,10,0.005356186395286556,0.8010588195661198,0.8805422090121672,0.23731051574970316,0.9933561995218002,0.0,1.0,1,[2003],1,False,True
33,0.06106516403825032,0.5391119445525009,0.5555555555555556,0.5253955986658126,0.846462145598907,1.1875148632580261,0.024273673257023932,0.20059897735573412,1.111748958953004,1853,5,0.002698327037236913,0.7699658747815681,0.8150757064649535,0.1899836019326171,0.9967085745525853,0.0,1.0,0,[],0,False,True
34,-0.19041670547900064,0.5308964831419468,0.2222222222222222,-0.21283652494180502,0.6932180630290276,1.2564803804994056,0.0250156087408949,0.2027611395178963,1.1434562760261748,1298,11,0.00847457627118644,0.8117483465179475,0.8179573449656327,0.42401975093730887,0.9906257836974114,0.0,1.0,0,[],0,False,True
35,0.1426846307990755,0.4431611550518235,0.7777777777777778,0.21008837624396567,0.5231556058576089,1.3254458977407848,0.025757544224765866,0.20492330168005846,1.1751635930993456,2852,16,0.005610098176718092,0.8994410825358343,0.9381986882673133,0.4023750774550364,0.9995754047582995,0.125,1.0,2,"[2002, 2003]",2,True,True
36,0.004332679879919723,0.6094823160073367,0.5555555555555556,-0.1169867225702635,0.7513067568732575,1.394411414982164,0.026499479708636836,0.20708546384222062,1.2068709101725164,905,40,0.04419889502762431,0.733955708657117,0.6218353818097603,0.23552316429785428,0.9776532975925171,0.0,1.0,0,[],0,False,True
37,-0.08189899044659238,0.5750440269996651,0.4444444444444444,-0.35946824860566484,1.04030642655011,1.4633769322235435,0.027241415192507803,0.2092476260043828,1.2385782272456871,1027,33,0.03213242453748783,0.6921532001579789,0.42819069312742797,0.22020025807340474,0.9504840618083907,0.0,1.0,0,[],0,False,True
38,-0.3464847289984483,0.4841757184386939,0.2222222222222222,-0.4365433474198941,0.5853101119235581,1.5323424494649227,0.02798335067637877,0.21140978816654493,1.2702855443188579,1766,131,0.07417893544733861,0.8250416882432406,0.7236721093670223,0.35241685275811124,0.9919112247611234,0.0,1.0,0,[],0,False,True
39,-0.01338339272037222,0.49458977935424464,0.4444444444444444,-0.013618446234123264,0.7612746754057977,1.601307966706302,0.028725286160249736,0.2135719503287071,1.3019928613920286,2236,51,0.022808586762075134,0.8361100467844179,0.8025726449903365,0.33830817835262783,0.9996796950516547,0.0,1.0,0,[],0,False,True
40,-0.23532320870567056,0.4739332500879648,0.4444444444444444,-0.4656935450483526,0.4448872505712786,1.6702734839476814,0.029467221644120706,0.21573411249086927,1.3337001784651994,2525,21,0.008316831683168317,0.920217120956624,0.9351873321682261,0.3737334638257213,0.9996068924530358,0.15384615384615385,1.0,0,[],0,False,True
41,0.09777812757240549,0.35895469015634923,0.5555555555555556,-0.04276864386258187,0.4852897810505632,1.7392390011890606,0.030209157127991673,0.2178962746530314,1.3654074955383702,2568,26,0.010124610591900311,0.875868364533911,0.8876746490623536,0.28796523617813535,0.9975600667812374,0.0,1.0,2,[2001],1,False,True
42,0.26421279718381485,0.5263652910624962,0.6666666666666666,-0.11984374267681101,0.611611889184786,1.8082045184304398,0.030951092611862643,0.14011687363038716,1.397114812611541,3701,18,0.004863550391786004,0.90360308762793,0.9491599116039519,0.44653397621643715,0.9999796932525359,0.0,1.0,0,[],0,False,True
43,0.14378326926436005,0.6211065038136163,0.5555555555555556,0.30308115850895967,0.6727329465744312,1.877170035671819,0.03169302809573361,0.14227903579254933,1.4288221296847117,4148,10,0.0024108003857280617,0.9191834116648874,0.9357708697969821,0.3631304735139828,0.9999598560069137,0.0,1.0,0,[],0,False,True
44,0.005277957342990229,0.5720153787893906,0.4444444444444444,-0.023993940305269468,0.9229894231492801,1.9461355529131985,0.03243496357960458,0.14444119795471147,1.460529446757882,2399,13,0.005418924551896623,0.9038033031809853,0.9008499478969644,0.3470877684086145,0.9998005896304676,0.0,1.0,0,[],0,False,True
45,-0.09969345613999517,0.5742583569958812,0.4444444444444444,-0.2622260639128872,1.1281099123842018,2.0151010701545777,0.03317689906347555,0.14660336011687364,1.4922367638310527,1767,47,0.02659875495189587,0.7814165945869714,0.6459141533329972,0.3894339087338459,0.9911875266161861,0.0,1.0,0,[],0,False,True
46,-0.35169694855649136,0.4521752261420354,0.2222222222222222,-0.3393011627271165,0.11840988956927193,2.084066587395957,0.03391883454734651,0.1487655222790358,1.5239440809042235,2720,8,0.0029411764705882353,0.9591053522288495,0.9584090807375154,0.2922961259826149,0.9999923235001725,0.045454545454545456,1.0,0,[],0,False,True
47,-0.018595612278415267,0.5006103418933308,0.4444444444444444,0.08362373845865423,0.3133883676639185,2.1530321046373366,0.03466077003121748,0.15092768444119797,1.5556513979773943,3636,8,0.0022002200220022,0.9461737321386774,0.9660421749887311,0.3421271929867884,0.9999757505141629,0.1,1.0,1,[2003],1,False,True
48,-0.21132760933367256,0.53154851506983,0.3333333333333333,-0.430951360355575,0.7637316028613259,2.2219976218787156,0.035402705515088444,0.15308984660336014,1.587358715050565,2131,59,0.027686532144533083,0.8733832353523874,0.8162978358085876,0.4181574219018137,0.9988186511659393,0.0,1.0,1,[2002],1,False,True
49,-0.1708645903852718,0.39352952244176787,0.4444444444444444,-0.008026459169804193,0.7830113536694747,2.290963139120095,0.036144640998959414,0.15525200876552228,1.6190660321237358,1508,95,0.0629973474801061,0.7767024506977703,0.5793478619926342,0.35992486197853457,0.9819594248588637,0.0,1.0,1,[2003],1,False,True
50,-0.004429920773862419,0.32420290943184693,0.4444444444444444,-0.08510155798403345,0.5598001358984763,2.3599286563614745,0.036886576482830384,0.15741417092768445,0.3515466983938132,1387,87,0.06272530641672674,0.7356363325699921,0.500072609596521,0.19821830852686326,0.9678160455291137,0.0,1.0,0,[],0,False,True
51,0.32867141550421375,0.41772931406562813,0.7777777777777778,0.3378233432017373,0.3385661380844953,2.4288941736028535,0.03762851196670135,0.15957633308984662,0.3832540154669839,2562,16,0.00624512099921936,0.8602089791414698,0.9226974854110457,0.2851575365441028,0.9946678705026099,0.13333333333333333,1.0,0,[],0,False,True
52,-0.00344518724517304,0.5239239284093172,0.4444444444444444,0.010748244387508063,0.10584152130965788,2.497859690844233,0.03837044745057232,0.16173849525200878,0.41496133254015466,4391,37,0.0084263265770895,0.9049887649924502,0.939673956478945,0.39835266164421307,0.9953947701676384,0.0,1.0,3,"[2001, 2003]",2,True,True
53,-0.10513047149766214,0.4271190116760348,0.4444444444444444,0.4336731455732788,0.22265549392777703,2.5668252080856124,0.03911238293444329,0.16390065741417095,0.4466686496133254,2976,16,0.005376344086021506,0.847761286808081,0.8791601038620359,0.3591346676867288,0.9922050840311766,0.0,1.0,0,[],0,False,True
54,0.061304198113747245,0.42358969970934346,0.5555555555555556,0.35659804675904955,0.44006315503184457,2.6357907253269914,0.03985431841831426,0.16606281957633312,0.4783759666864961,1250,10,0.008,0.7643302868825548,0.7371676422100746,0.29818368591381683,0.9756000608991093,0.0,1.0,0,[],0,False,True
55,0.19687467019429247,0.4807477611074107,0.7777777777777778,0.7795229479448204,0.47097940235984825,0.7071343638525565,0.04059625390218522,0.16822498173849526,0.5100832837596668,3749,18,0.00480128034142438,0.8786439004315011,0.9308315566702624,0.3880632051536466,0.996217714056775,0.0,1.0,0,[],0,False,True
56,0.01792366487457242,0.5239459631959428,0.6666666666666666,-0.3337091756627974,0.5165899223124379,0.7760998810939357,0.041338189386056184,0.17038714390065743,0.5417906008328376,1363,29,0.02127659574468085,0.7863164173417061,0.7359438368011662,0.3382960818462054,0.9885108022412623,0.0,1.0,0,[],0,False,True
57,0.35102500115264845,0.6134161348869719,0.7777777777777778,0.08921572552297337,0.642565268086557,0.845065398335315,0.042080124869927155,0.1725493060628196,0.5734979179060083,1728,9,0.005208333333333333,0.7875502779618246,0.8209127284623472,0.352640883940113,0.9924824463068646,0.0,1.0,0,[],0,False,True
58,0.04075185183401675,0.6647219261481885,0.4444444444444444,0.012140626708744088,0.9045802943010736,0.9140309155766944,0.042822060353798125,0.17471146822498176,0.605205234979179,2522,24,0.00951625693893735,0.8449458071987349,0.8386828950559427,0.3187496553425928,0.9939266372608508,0.0,1.0,1,[2002],1,False,True
59,-0.06474118454821386,0.5599897771062846,0.3333333333333333,0.43506552789451486,0.7536779650035168,0.9829964328180737,0.043563995837669095,0.17687363038714393,0.6369125520523498,2957,35,0.011836320595197836,0.8498880886399698,0.866588923304837,0.22743059704201304,0.9932120400740224,0.0,1.0,2,[2002],1,False,True
60,-0.20344199067719515,0.4723328909478704,0.3333333333333333,-0.5574159981408865,0.8145614070744068,1.051961950059453,0.044305931321540065,0.17903579254930607,0.6686198691255205,1135,73,0.06431718061674009,0.7199187198086896,0.4406630881114613,0.31309462756007106,0.9583363834509546,0.0,1.0,0,[],0,False,True
61,-0.06787151859664993,0.4665563326144406,0.4444444444444444,-0.13449109695511566,0.752749431955516,1.1209274673008323,0.022071800208116544,0.18119795471146824,0.7003271861986913,1517,44,0.02900461437046803,0.72819374109101,0.5588108746753851,0.29505643192617115,0.9671426363515874,0.0,1.0,0,[],0,False,True
62,0.09856315101475947,0.396844699751002,0.5555555555555556,-0.21156619576934496,0.7503832069147863,1.1898929845422117,0.02281373569198751,0.1833601168736304,0.732034503271862,1255,35,0.027888446215139442,0.7371100935069507,0.5826920009375731,0.2973632657584824,0.9614960229867267,0.0,1.0,0,[],0,False,True
63,-0.003275494239943777,0.5811871453913309,0.5555555555555556,0.2113587054164258,0.5206926593229606,1.258858501783591,0.02355567117585848,0.18552227903579255,0.7637418203450328,2319,15,0.00646830530401035,0.8823389770647214,0.918324780479827,0.3934608702308266,0.9974007895998295,0.14285714285714285,1.0,0,[],0,False,True
64,-0.19062168882606523,0.5450209942111124,0.3333333333333333,-0.33446639339780343,0.6928036527852298,1.3278240190249702,0.024297606659729448,0.18768444119795472,0.7954491374182036,1686,77,0.045670225385527875,0.8210074678729903,0.7589126944730056,0.37593534891277575,0.9915778770647684,0.0,1.0,0,[],0,False,True
65,0.14247964745201086,0.43400572992845704,0.7777777777777778,0.08845850778796734,0.5296122154911822,1.3967895362663496,0.025039542143600414,0.18984660336011688,0.8271564544913742,2557,21,0.008212749315604223,0.8565475687687613,0.8756266566623637,0.3069712329743924,0.9961764060534524,0.07142857142857142,1.0,0,[],0,False,True
66,0.06012908868635522,0.629264840670792,0.5555555555555556,0.01138340897373813,0.9525376455735183,1.4657550535077288,0.025781477627471384,0.19200876552227905,0.858863771564545,1435,41,0.02857142857142857,0.7256591126628222,0.6619303989648485,0.16962860090707718,0.9866551238474025,0.0,1.0,0,[],0,False,True
67,-0.090529735563406,0.6483398171433172,0.4444444444444444,-0.2268487146338796,0.4345741932303937,1.534720570749108,0.02652341311134235,0.19417092768444122,0.8905710886377157,2709,13,0.004798818752307124,0.8753676751845363,0.9143418134143076,0.2622400726817119,0.9952134178821525,0.14285714285714285,1.0,0,[],0,False,True
68,-0.26342839928532996,0.5449314170140597,0.2222222222222222,-0.5539238134481089,0.9313363000966308,1.6036860879904875,0.027265348595213318,0.19633308984660336,0.9222784057108864,1093,46,0.042086001829826164,0.7104013900964012,0.37970965879536944,0.35012536749090695,0.9668081350781245,0.0,1.0,0,[],0,False,True
69,0.06967293699274611,0.4469590022528863,0.4444444444444444,-0.1309989122623381,0.8720461814701608,1.6726516052318667,0.028007284079084288,0.19849525200876555,0.9539857227840571,1112,32,0.02877697841726619,0.721427392020774,0.5208105660074689,0.341828717805639,0.9449793673751342,0.0,1.0,0,[],0,False,True
70,-0.18287654479060714,0.38946918466425173,0.2222222222222222,-0.2080740110765674,0.7148955858389133,1.7416171224732462,0.02874921956295525,0.2006574141709277,0.9856930398572279,1223,56,0.04578904333605887,0.7357396877667213,0.5092046072583378,0.3374957607370389,0.9705053863569363,0.0,1.0,0,[],0,False,True
71,0.15022479148746892,0.3998573882244809,0.5555555555555556,0.2148508901092034,0.7451364467206566,1.8105826397146254,0.02949115504682622,0.20281957633308986,1.0174003569303987,2112,37,0.017518939393939392,0.8318958303283457,0.8186318840754385,0.3165392609195957,0.9952813905954383,0.0,1.0,0,[],0,False,True
72,-0.02924783673149646,0.5222109594269213,0.5555555555555556,-0.2372242087050259,0.7745348360567512,1.8795481569560046,0.03023309053069719,0.20498173849525203,1.0491076740035694,2130,18,0.008450704225352112,0.8148509965122649,0.777271037956834,0.38009065163358263,0.9926608168839388,0.0,1.0,0,[],0,False,True
73,-0.3246977728142165,0.4663498811285573,0.4444444444444444,0.1857006924807448,0.48426918469465136,1.948513674197384,0.030975026014568155,0.20714390065741417,1.0808149910767402,4266,33,0.007735583684950774,0.8915825043357284,0.9351434706990784,0.3148030706206203,0.999697420905737,0.0,1.0,2,"[2001, 2002]",2,True,True
74,-0.1582631032028071,0.4042824500474158,0.4444444444444444,0.10862559366651563,0.5731118924270694,2.0174791914387633,0.031716961498439125,0.20930606281957637,1.112522308149911,1960,18,0.009183673469387756,0.8161158274813743,0.8012336519422759,0.29703601181496464,0.9934626495258281,0.0,1.0,0,[],0,False,True
75,0.17483823307526897,0.4517543422401654,0.5555555555555556,0.5315504948522863,0.7234495592414847,2.0864447086801428,0.032458896982310095,0.2114682249817385,1.1442296252230815,1715,5,0.0029154518950437317,0.794616061771195,0.8503756414777537,0.2087235428846709,0.9974820760657812,0.0,1.0,0,[],0,False,True
76,-0.027382790043088398,0.45664347265879535,0.4444444444444444,0.20447539603805712,0.5953914264074216,2.155410225921522,0.03320083246618106,0.21363038714390067,1.1759369422962522,1192,10,0.008389261744966443,0.7614909048868206,0.8123312759056248,0.2235928932195935,0.9916697699094185,0.0,1.0,0,[],0,False,True
77,0.3057185462349876,0.4327083893629368,0.6666666666666666,0.6274002972238278,0.562671215381089,2.224375743162901,0.03394276795005203,0.21579254930606284,1.207644259369423,1352,3,0.0022189349112426036,0.7490641670379035,0.8545707872402404,0.24182607782562823,0.9748618778806243,0.0,1.0,0,[],0,False,True
78,0.03843420758193423,0.41757571466280907,0.5555555555555556,-0.11083182638378986,0.4559730061232772,2.2933412604042807,0.03468470343392299,0.21795471146822498,1.2393515764425937,1798,14,0.00778642936596218,0.8415825842517595,0.8394432564696004,0.3409232416901602,0.9991620234339931,0.0,1.0,0,[],0,False,True
79,0.1740046796624795,0.5681710194539595,0.6666666666666666,0.31209307480198095,0.7893511989243209,2.36230677764566,0.03542663891779396,0.14017531044558074,1.2710588935157645,2134,21,0.009840674789128397,0.7933709167366293,0.760092202777141,0.33654501067111314,0.9981154670946425,0.0,1.0,1,[2001],1,False,True
80,-0.023081058889376418,0.4983843233184931,0.5555555555555556,-0.20248202401224832,0.4632905453226773,2.431272294887039,0.03616857440166493,0.1423374726077429,1.3027662105889353,3960,30,0.007575757575757576,0.9385113765111579,0.9289152160251483,0.48859778897661854,0.9999159760334085,0.0,1.0,1,[2003],1,False,True
81,0.31002027738869964,0.5122974889423492,0.7777777777777778,0.2204428771735224,0.6086417885215546,2.5002378121284186,0.0369105098855359,0.14449963476990504,1.334473527662106,2141,14,0.006539000467071462,0.8386571338116761,0.8484120244503844,0.3914630789671479,0.9970922793153482,0.0,1.0,0,[],0,False,True
82,0.057317434603132274,0.5734802639553556,0.4444444444444444,0.14336777835929324,0.7792011388914358,2.569203329369798,0.037652445369406866,0.1466617969320672,1.3661808447352768,1328,12,0.009036144578313253,0.7973707106122547,0.8278167377594824,0.1806118658417189,0.9950637656980358,0.0,1.0,0,[],0,False,True
83,-0.044716704859182305,0.5304288363427444,0.5555555555555556,-0.09911374767610807,0.9843307587133748,2.638168846611177,0.038394380853277836,0.14882395909422938,1.3978881618084475,1545,42,0.027184466019417475,0.7609736337852793,0.6479698393046227,0.3233987783933618,0.9841573562116355,0.0,1.0,0,[],0,False,True
84,0.03838463141889375,0.6132729810986848,0.5555555555555556,-0.42618884649033734,0.9637337222869891,0.7095124851367419,0.0391363163371488,0.15098612125639155,1.4295954788816183,1942,49,0.025231719876416064,0.8179517844270697,0.7604168724124855,0.31104332257149825,0.9930000895912529,0.0,1.0,0,[],0,False,True
85,-0.11279581573011274,0.6082371028058616,0.5555555555555556,-0.003263945304566492,0.7533331183510619,0.7784780023781213,0.03987825182101977,0.15314828341855372,1.4613027959547886,4610,14,0.003036876355748373,0.9353452041978656,0.9510856293199921,0.4062114413871256,0.9999439935552393,0.0,1.0,1,[2001],1,False,True
86,0.05363885388129668,0.5808701057180071,0.4444444444444444,-0.08033904411879582,0.5339357454609059,0.8474435196195005,0.04062018730489074,0.15531044558071586,1.4930101130279594,2949,41,0.013903017972193964,0.8891431009605116,0.8863357222977585,0.39232381745626055,0.999867429306388,0.0,1.0,0,[],0,False,True
87,-0.052400171867791015,0.7202573075720087,0.4444444444444444,0.34258585706697503,1.071906605351086,0.9164090368608798,0.0413621227887617,0.15747260774287802,1.5247174301011301,2662,20,0.007513148009015778,0.8656790207350668,0.8855407171121012,0.3651248953594499,0.9998739622478252,0.0,1.0,0,[],0,False,True
88,-0.4218296997872459,0.6403788274272827,0.1111111111111111,-0.10948924174725427,0.12023989259966013,0.9853745541022592,0.04210405827263267,0.1596347699050402,1.556424747174301,1652,11,0.006658595641646489,0.9444799010560535,0.9591272591538715,0.4933217753772107,0.9999261794888368,0.0,1.0,2,[2001],1,False,True
89,-0.32914909979767465,0.38123243313100796,0.1111111111111111,-0.4078265494269982,0.2736119489050103,1.0543400713436384,0.042845993756503636,0.16179693206720236,1.5881320642474717,1791,32,0.01786711334450028,0.9345876595668968,0.9293374125068717,0.3266796204509976,0.9999490910638722,0.07692307692307693,1.0,1,[2002],1,False,True
90,-0.16271443018626522,0.3508369724816471,0.2222222222222222,-0.4849016482412274,0.48605636599438307,1.1233055885850178,0.04358792924037461,0.1639590942293645,1.6198393813206424,1409,43,0.030518097941802696,0.8613153034423164,0.7818703456243074,0.2871625408293682,0.9964826648605896,0.0,1.0,0,[],0,False,True
91,-0.027143958105719988,0.3882392311825472,0.4444444444444444,-0.061976747055456714,0.607901244570884,1.192271105826397,0.04432986472424558,0.16612125639152667,0.3523200475907198,1245,88,0.07068273092369477,0.7408166154850737,0.49298650454716325,0.2881681797508616,0.9705065705003846,0.0,1.0,0,[],0,False,True
92,0.05595737817235607,0.3960634530428042,0.5555555555555556,-0.38905184586968594,0.6571869250358447,1.2612366230677763,0.02209573361082206,0.16828341855368883,0.38402736466389054,1240,78,0.06290322580645161,0.7336746990165817,0.4912044348798916,0.3104323438880864,0.9647041297705521,0.0,1.0,0,[],0,False,True
93,0.1245253811170988,0.4856877310140265,0.5555555555555556,0.03387305531608479,0.3611309538882425,1.3302021403091557,0.022837669094693026,0.170445580715851,0.41573468173706124,2362,16,0.006773920406435224,0.856857612202837,0.8571976723565354,0.41014459348999366,0.9942269908447687,0.0,1.0,0,[],0,False,True
94,-0.19010150969813153,0.36510665465852893,0.2222222222222222,-0.04320204349814442,0.2393060291209839,1.3991676575505352,0.023579604578563996,0.17260774287801317,0.447441998810232,3199,33,0.01031572366364489,0.8960398056336155,0.9160597195863424,0.4418709942602746,0.9953643388624135,0.0,1.0,3,"[2001, 2002]",2,True,True
95,0.14299982657994448,0.3427337372257351,0.5555555555555556,0.3797228576876263,0.23275827155934728,1.4681331747919142,0.024321540062434963,0.1747699050401753,0.4791493158834027,4674,13,0.0027813436029097134,0.902977969395174,0.9578206277110272,0.40012269951690044,0.9969085143408376,0.0,1.0,0,[],0,False,True
96,0.145371996191354,0.4222235106066439,0.7777777777777778,-0.18953974112660296,0.3899575309104622,1.5370986920332936,0.02506347554630593,0.17693206720233748,0.5108566329565735,2465,13,0.005273833671399594,0.8541972695381417,0.8981228797582627,0.29072583996700085,0.986686158566973,0.17857142857142858,1.0,1,[2003],1,False,True
97,0.2809424682718993,0.41354420581190837,0.8888888888888888,0.23338516005916787,0.38133827974147694,1.606064209274673,0.025805411030176896,0.17909422936449965,0.5425639500297442,2615,19,0.007265774378585086,0.8574540557622128,0.8890202311998918,0.4219284646080535,0.9903956180492287,0.0,1.0,0,[],0,False,True
98,0.013136506719600476,0.5221685744382066,0.6666666666666666,0.15631006124493863,0.9666153874764793,1.675029726516052,0.026547346514047866,0.18125639152666181,0.574271267102915,1005,21,0.020895522388059702,0.6986394741803473,0.5633563112025207,0.20452085545309429,0.9700498126573471,0.0,1.0,0,[],0,False,True
99,0.34623784299767646,0.6228179876393596,0.7777777777777778,0.5792349624307094,0.866204424383585,1.7439952437574318,0.027289281997918833,0.18341855368882398,0.6059785841760856,1039,2,0.0019249278152069298,0.6720465531183389,0.7788813994718239,0.20548236236375977,0.9698071668186173,0.0,1.0,0,[],0,False,True
100,0.011422640147092267,0.6312906487087814,0.4444444444444444,-0.4089971611769084,0.9815305058610657,1.812960760998811,0.0280312174817898,0.18558071585098612,0.6376859012492564,1058,44,0.04158790170132325,0.7028468705345717,0.4720101971030602,0.2996954460888458,0.9481237037872827,0.0,1.0,0,[],0,False,True
101,-0.09476974660420957,0.5642844761707476,0.5555555555555556,0.013927740008862322,0.6002777933333049,1.8819262782401902,0.02877315296566077,0.18774287801314832,0.6693932183224272,2238,16,0.0071492403932082215,0.8581272345861254,0.8945330178799545,0.43104537487021516,0.9957409118577739,0.0,1.0,0,[],0,False,True
102,0.07166492300719986,0.6230626392769664,0.4444444444444444,-0.06314735880536688,0.7436544819778369,1.9508917954815697,0.029515088449531737,0.18990504017531046,0.7011005353955979,1568,20,0.012755102040816327,0.8225607588016074,0.8072099993231792,0.3025735761026768,0.9930273324471363,0.0,1.0,0,[],0,False,True
103,-0.09388943344449088,0.6375877388258004,0.3333333333333333,0.35977754238040377,0.9503257093715892,2.019857312722949,0.030257023933402703,0.19206720233747263,0.7328078524687687,1216,4,0.003289473684210526,0.7003432951902945,0.666501970304635,0.30411322165749,0.9580658943931111,0.0,1.0,0,[],0,False,True
104,-0.27390805103031335,0.4870851541244126,0.3333333333333333,-0.09229755643382538,0.43491679074444295,2.0888228299643283,0.030998959417273673,0.1942293644996348,0.7645151695419393,1273,25,0.019638648860958365,0.7880899241157772,0.7556376026471794,0.3971815057246289,0.9777489142695365,0.0,1.0,0,[],0,False,True
105,0.05919328524776282,0.3873784763701551,0.5555555555555556,0.3306273447519454,0.5090965465147823,2.157788347205708,0.03174089490114464,0.19639152666179696,0.7962224866151101,3300,11,0.0033333333333333335,0.8629668905683415,0.9028664910244331,0.3367202753708465,0.9988672729427672,0.0,1.0,0,[],0,False,True
106,-0.193705051745416,0.5193868164056152,0.4444444444444444,-0.4118541812834559,0.8977542415256031,2.226753864447087,0.03248283038501561,0.19855368882395913,0.8279298036882807,923,41,0.044420368364030335,0.7092123721710448,0.41170886720802025,0.28511313159035895,0.9680488835843687,0.0,1.0,0,[],0,False,True
107,0.1393962845326601,0.5538835071005662,0.5555555555555556,0.01107071990231486,0.8814492588494333,2.2957193816884662,0.03322476586888658,0.20071585098612127,0.8596371207614515,1068,13,0.012172284644194757,0.7448757043389628,0.7284455237802182,0.37629716593517903,0.9890426895640306,0.0,1.0,0,[],0,False,True
108,-0.20852278735252913,0.5957562246358044,0.3333333333333333,-0.31600437891191435,0.7741399645145064,2.3646848989298457,0.03396670135275754,0.20287801314828344,0.8913444378346222,843,26,0.03084223013048636,0.7186200398173419,0.46758770390483745,0.3446528914485732,0.9581231355208478,0.0,1.0,0,[],0,False,True
109,-0.07295231527198391,0.4835875550851482,0.3333333333333333,0.10692052227385644,0.4387050322100708,2.4336504161712247,0.03470863683662851,0.2050401753104456,0.923051754907793,2563,20,0.007803355442840421,0.8232146042051259,0.8532113261621969,0.3486393987195275,0.999366509346467,0.0,1.0,0,[],0,False,True
110,0.09348235433942552,0.3537698000292335,0.4444444444444444,0.02984542345962719,0.5061319480895877,2.502615933412604,0.035450572320499474,0.20720233747260777,0.9547590719809638,876,38,0.04337899543378995,0.7836218130947515,0.6647111708703858,0.3246955815500834,0.9705336836483305,0.0,1.0,0,[],0,False,True
111,-0.01470928214400264,0.5406023516531214,0.5555555555555556,-0.20838670014799057,0.6259659005057243,2.5715814506539836,0.036192507804370444,0.20936449963476994,0.9864663890541344,1809,20,0.01105583195135434,0.8245131253988378,0.817862339415919,0.30052770944899115,0.9834638412322577,0.045454545454545456,1.0,1,[2001],1,False,True
112,-0.25748243146263433,0.5773252781066343,0.3333333333333333,-0.7229617989622198,0.8375766779107906,2.6405469678953626,0.036934443288241414,0.21152666179693208,1.018173706127305,1317,141,0.1070615034168565,0.7407662858622487,0.4284650026085497,0.39068443173361883,0.9692994112838589,0.0,1.0,0,[],0,False,True
113,-0.13771442851789167,0.39806322956635715,0.4444444444444444,-0.30003689777644904,0.6926037503643037,0.7118906064209274,0.037676378772112384,0.21368882395909425,1.0498810232004758,961,45,0.046826222684703434,0.7358201607599157,0.5051809855544069,0.3413829297683847,0.9506430384229501,0.0,1.0,0,[],0,False,True
114,0.028720241093517746,0.43236913296922314,0.4444444444444444,-0.37711199659067834,0.5119863487914481,0.7808561236623067,0.03841831425598335,0.21585098612125642,1.0815883402736466,1098,12,0.01092896174863388,0.7660896838079205,0.7126526328443599,0.23718840102947059,0.974379142435348,0.0,1.0,0,[],0,False,True
115,-0.0844945152030021,0.4301520358295244,0.4444444444444444,0.04581290459509243,0.4089335437261598,0.8498216409036861,0.03916024973985432,0.21801314828341856,1.1132956573468173,2898,13,0.004485852311939268,0.8885819855934669,0.9083927707335787,0.43520333556159824,0.9961496365281968,0.0,1.0,0,[],0,False,True
116,-0.0013931789249259888,0.36331155475267257,0.4444444444444444,-0.2812621942191368,0.4792926546962782,0.9187871581450653,0.03990218522372528,0.1402337472607743,1.145002974419988,2225,62,0.027865168539325844,0.8322363056380245,0.7554911118210953,0.3299537033270864,0.9989320313987311,0.0,1.0,0,[],0,False,True
117,0.33170815735315007,0.4276798613646673,0.7777777777777778,0.14166270696663394,0.627054766376928,0.9877526753864447,0.04064412070759625,0.14239590942293645,1.1767102914931589,2544,27,0.01061320754716981,0.8568177430416236,0.8757638508708444,0.2545105322754991,0.9986761148483507,0.0,1.0,2,[2001],1,False,True
118,0.0446119627670286,0.4245497948212691,0.5555555555555556,0.06458760815240476,0.8574087534630447,1.056718192627824,0.04138605619146722,0.14455807158509862,1.2084176085663296,2706,37,0.013673318551367332,0.8748469760205215,0.8659018148562443,0.2905977320407656,0.9986809596699924,0.0,1.0,0,[],0,False,True
119,0.3777132990451047,0.5067799657117713,0.8888888888888888,0.4875125093381754,0.7144648549003207,1.1256837098692034,0.04212799167533819,0.1467202337472608,1.2401249256395004,3716,9,0.0024219590958019376,0.8847252705878138,0.9195490546798416,0.3795168632235799,0.9999182606183518,0.0,1.0,0,[],0,False,True
120,0.1975413204570681,0.6289115805370927,0.6666666666666666,0.03543741052394633,0.8979118546458782,1.1946492271105826,0.042869927159209155,0.14888239590942295,1.2718322427126711,3138,41,0.013065646908859146,0.8525388958802406,0.8464899621832083,0.3514758967486675,0.999168969246479,0.0,1.0,1,[2003],1,False,True
121,0.04581488394120457,0.6196749858453656,0.6666666666666666,0.45836231170971703,1.1522644593699591,1.2636147443519619,0.04361186264308012,0.15104455807158512,1.3035395597858417,2306,38,0.01647875108412836,0.7745830341935008,0.7222440037266198,0.25516969796345856,0.9934729411029857,0.0,1.0,1,[2001],1,False,True
122,-0.2258231962084475,0.6381951661963547,0.3333333333333333,-0.27986981189790067,1.07411700422364,1.3325802615933413,0.04435379812695109,0.15320672023374726,1.3352468768590124,1120,72,0.06428571428571428,0.7431547748303908,0.5141909054011293,0.3846613839365978,0.9506987225766492,0.0,1.0,0,[],0,False,True
123,-0.10605519326370477,0.7086515689829553,0.4444444444444444,0.14305508928787,0.9521575662958609,1.4015457788347205,0.022119667013527574,0.15536888239590943,1.3669541939321834,3085,45,0.014586709886547812,0.8077675105340586,0.769641486259056,0.28712836785704243,0.9975067439613774,0.0,1.0,0,[],0,False,True
124,-0.4413920190135342,0.5720368415298123,0.1111111111111111,-0.18402000952635925,0.18398042475745832,1.4705112960760998,0.02286160249739854,0.1575310445580716,1.3986615110053542,922,3,0.0032537960954446853,0.9382005388840442,0.9560717474559663,0.5032502919709566,0.9998672811616336,0.0,1.0,0,[],0,False,True
125,-0.10829068273545822,0.3782508891407246,0.3333333333333333,0.23890489165941153,0.23181018539296863,1.5394768133174792,0.02360353798126951,0.15969320672023377,1.430368828078525,3655,19,0.005198358413132695,0.9118012577180435,0.9214838115387896,0.3449254328812204,0.9998911848960512,0.0,1.0,0,[],0,False,True
126,0.05814398687595121,0.3915221904546073,0.4444444444444444,0.16182979284518229,0.41785709631255247,1.6084423305588584,0.024345473465140478,0.16185536888239593,1.4620761451516953,4697,39,0.008303172237598468,0.9321879792073753,0.9499728926996268,0.4806696584851377,0.9999775132809522,0.125,1.0,2,[2002],1,False,True
127,0.19371445895649642,0.4685442594908249,0.4444444444444444,0.584754694030953,0.5959856692987557,1.6774078478002377,0.025087408949011444,0.16401753104455807,1.493783462224866,1678,5,0.0029797377830750892,0.7883304553506766,0.8348988831610185,0.22740959179062364,0.9975298193042116,0.0,1.0,0,[],0,False,True
128,-0.00943420476542747,0.49103275272549396,0.4444444444444444,0.038929595216723824,0.4010081064975004,1.746373365041617,0.025829344432882415,0.16617969320672024,1.5254907792980368,4529,11,0.002428792227864871,0.9523762597565427,0.9665787796126315,0.4256537530229653,0.9999854958137507,0.0,1.0,0,[],0,False,True
129,-0.1158220857243407,0.4157950816023946,0.4444444444444444,-0.20355193081867742,0.9113462049668323,1.8153388822829963,0.02657127991675338,0.1683418553688824,1.5571980963712075,1632,49,0.03002450980392157,0.7604938102866179,0.6195904665995112,0.33368970474026693,0.9883218609695423,0.0,1.0,1,[2001],1,False,True
130,-0.24202573344260664,0.41731102087070787,0.4444444444444444,-0.2806270296329067,0.18669993514008573,1.8843043995243756,0.027313215400624348,0.17050401753104458,1.5889054134443783,3496,45,0.012871853546910755,0.9080309443468506,0.8832667344205213,0.28881195735590703,0.9999366062286473,0.0,1.0,1,[2003],1,False,True
131,0.09107560283546952,0.41239569623321004,0.6666666666666666,0.1422978715528641,0.06693712414503118,1.953269916765755,0.028055150884495315,0.17266617969320674,1.620612730517549,4326,15,0.0034674063800277394,0.9485249198003967,0.9504733734198414,0.31752112746233174,0.9999888927465316,0.07142857142857142,1.0,1,[2001],1,False,True
132,0.17417693911354556,0.5002513135252961,0.6666666666666666,-0.18477722726136514,0.2740177310415328,2.0222354340071345,0.02879708636836628,0.17482834185536889,0.3530933967876264,2868,59,0.020571827057182707,0.8511892043933272,0.8554982857731135,0.4066360563975733,0.985474338732597,0.0,1.0,0,[],0,False,True
133,-0.12397159707037211,0.5560744973818351,0.5555555555555556,-0.4230093508689829,0.744675341727167,2.0912009512485135,0.02953902185223725,0.17699050401753105,0.3848007138607971,1288,107,0.08307453416149069,0.7214686678059051,0.43658048076729805,0.2912038525718668,0.9659930504114617,0.0,1.0,0,[],0,False,True
134,0.04246307254103733,0.4726194180545826,0.4444444444444444,-0.5000844496832122,0.5340119524780311,2.160166468489893,0.030280957336108222,0.17915266617969322,0.4165080309339679,1167,62,0.05312767780634105,0.7314774230833984,0.4969709816798917,0.3216651813090175,0.9614276265542282,0.0,1.0,0,[],0,False,True
135,0.3755644088191134,0.6023513300396299,0.7777777777777778,-0.0771595484974414,0.3417273646215248,2.2291319857312724,0.031022892819979185,0.1813148283418554,0.4482153480071386,2413,5,0.0020721094073767096,0.8548143194771376,0.9263031614035736,0.3133685672793752,0.9886445737586466,0.21052631578947367,1.0,0,[],0,False,True
136,0.001781139403060017,0.6655271174427654,0.4444444444444444,-0.5292346473116706,0.26063878676402236,2.2980975029726514,0.031764828303850155,0.18347699050401756,0.47992266508030934,2585,47,0.01818181818181818,0.8719760242981397,0.8645397265797454,0.37460830096853154,0.9948782271410865,0.0,1.0,2,[2003],1,False,True
137,0.09698230878688634,0.5539657375491165,0.5555555555555556,-0.1063097461258999,0.926097164191534,2.367063020214031,0.03250676378772112,0.1856391526661797,0.51162998215348,1714,22,0.012835472578763127,0.8321413160318131,0.8190603710017457,0.36712996748492327,0.9897631472528449,0.0,1.0,0,[],0,False,True
138,-0.17136964213226943,0.5565467209928747,0.2222222222222222,-0.18338484494012916,0.9921059844554982,2.4360285374554103,0.03324869927159209,0.18780131482834186,0.5433372992266507,962,21,0.02182952182952183,0.679529748679959,0.39767824336549357,0.30881731878944124,0.9289588836662963,0.0,1.0,0,[],0,False,True
139,-0.32324943965034714,0.5060472003148433,0.2222222222222222,0.2395400562456416,0.5150767547474455,2.5049940546967893,0.03399063475546306,0.18996347699050403,0.5750446162998215,3411,24,0.007036059806508356,0.8873272597550973,0.9139976449743188,0.417932129837612,0.9974002053779837,0.0,1.0,1,[2003],1,False,True
140,-0.24014810337227102,0.4095579786228614,0.3333333333333333,-0.08753504256858761,0.48703810233251477,2.5739595719381687,0.03473257023933402,0.1921256391526662,0.6067519333729923,1783,92,0.051598429613011774,0.8272318877960384,0.7506233445456929,0.26307534095822,0.9951763322575241,0.0,1.0,0,[],0,False,True
141,0.09295323290580505,0.4709914355702569,0.6666666666666666,0.3353898586171831,0.5568568833147362,2.642925089179548,0.03547450572320499,0.19428780131482837,0.638459250446163,3155,22,0.006973058637083994,0.8769563404831806,0.9043348103628016,0.345823245343562,0.9981635061494091,0.0,1.0,1,[2001],1,False,True
142,0.0618570383196836,0.5279894471595775,0.4444444444444444,0.2583147598029539,0.9997871241483065,0.714268727705113,0.03621644120707596,0.1964499634769905,0.6701665675193337,1988,23,0.011569416498993963,0.7706441730379554,0.7307834677091464,0.27934527462425784,0.991609704160239,0.0,1.0,0,[],0,False,True
143,-0.07872870023217227,0.5328884742246554,0.3333333333333333,0.6812396609887248,0.5228818284019032,0.7832342449464922,0.036958376690946926,0.1986121256391527,0.7018738845925045,4453,8,0.001796541657309679,0.8970014807329072,0.9462094702986645,0.3670422089837319,0.9985078741830816,0.0,1.0,0,[],0,False,True
144,-0.2785130388852257,0.5128989941332533,0.3333333333333333,-0.49449246261889307,0.6251543588520053,0.8521997621878715,0.037700312174817896,0.20077428780131484,0.7335812016656753,1236,34,0.02750809061488673,0.7694486842810748,0.6649846571979494,0.3595625009956756,0.9591789104405821,0.0,1.0,0,[],0,False,True
145,-0.14294256680468048,0.3098339977428992,0.3333333333333333,-0.07156756143312233,0.280179368154168,0.9211652794292509,0.038442247658688866,0.202936449963477,0.7652885187388458,2673,37,0.013842124953236064,0.8488725972707968,0.8382125808206022,0.363880914308304,0.9896398985777835,0.0,1.0,0,[],0,False,True
146,0.023492102806728914,0.2821477200410904,0.6666666666666666,-0.14864266024735162,0.31124987261874526,0.9901307966706301,0.039184183142559836,0.20509861212563918,0.7969958358120166,1855,24,0.01293800539083558,0.8615920443560517,0.8900585083369268,0.4248226374672454,0.9970045069759836,0.0,1.0,0,[],0,False,True
147,0.3565934390848049,0.46291153638296234,0.7777777777777778,0.2742822409384191,0.4650095844172989,1.0590963139120095,0.0399261186264308,0.20726077428780132,0.8287031528851874,1478,0,0.0,0.8289852731969941,0.9200523017889763,0.32630091301311764,0.9981266833772798,0.171875,1.0,0,[],0,False,True
148,-0.037013043567160064,0.531871077461917,0.4444444444444444,-0.05279285787581008,0.9249131608011149,1.1280618311533888,0.04066805411030176,0.20942293644996351,0.8604104699583581,1533,8,0.005218525766470972,0.8056951757760468,0.8337522973383912,0.44460141844443435,0.9906094607454363,0.0,1.0,0,[],0,False,True
149,0.29608829271091597,0.4428185400539172,0.6666666666666666,0.3701320433099607,0.7311025307877699,1.197027348394768,0.04140998959417273,0.21158509861212565,0.8921177870315289,1810,7,0.0038674033149171273,0.8109201157765965,0.8746861556661218,0.14264224235129144,0.9914699001975019,0.0,1.0,0,[],0,False,True
150,0.023928589662018645,0.46813270170174537,0.5555555555555556,0.2930569444957314,0.8663156289061568,1.2659928656361474,0.0421519250780437,0.21374726077428782,0.9238251041046995,1208,13,0.01076158940397351,0.7365475877574782,0.645851185036116,0.30168970336199186,0.9877075076182843,0.0,1.0,0,[],0,False,True
151,0.15949906174256395,0.5904522370532674,0.6666666666666666,0.7159818456815022,0.5595897418809002,1.3349583828775269,0.04289386056191467,0.21590942293645,0.9555324211778703,3236,8,0.002472187886279357,0.8637229050037954,0.9273523147023336,0.3581001355087533,0.9989206902214723,0.0,1.0,0,[],0,False,True
152,-0.020868411053084027,0.5635208952504759,0.5555555555555556,-0.4014996803538991,0.5318988471571312,1.403923900118906,0.04363579604578564,0.21807158509861213,0.987239738251041,950,47,0.049473684210526316,0.7543915306416206,0.6025916075798231,0.25652881229332347,0.9654228686387831,0.0,1.0,0,[],0,False,True
153,0.0988995918916587,0.5907472848322431,0.6666666666666666,0.021425220831871705,0.9658361194936006,1.4728894173602853,0.04437773152965661,0.14029218407596789,1.0189470553242117,1581,47,0.029728020240354206,0.7427081895786858,0.6592963034661404,0.3174848935071981,0.968690391653807,0.0,1.0,0,[],0,False,True
154,0.06780339730553729,0.5648913850177505,0.4444444444444444,-0.05564987798235754,0.8707161965336483,1.5418549346016648,0.02214360041623309,0.14245434623813003,1.0506543723973825,1973,46,0.02331474911302585,0.7766941038243043,0.7151981860794886,0.2528467796925531,0.9857974667979407,0.0,1.0,0,[],0,False,True
155,-0.04093422854474796,0.5712676639590747,0.4444444444444444,-0.2938820015899753,0.6483109892422705,1.610820451843044,0.022885535900104056,0.1446165084002922,1.0823616894705532,3015,81,0.026865671641791045,0.8484364196659789,0.7932941274926822,0.3612663430387803,0.9973567572815947,0.0,1.0,2,[2003],1,False,True
156,0.0421671077333281,0.6495622410755961,0.4444444444444444,-0.6209571004042045,0.7086465300759376,1.6797859690844232,0.023627471383975026,0.14677867056245436,1.114069006543724,2923,69,0.023605884365378037,0.871559942243181,0.8281567067443061,0.45902275336557247,0.9982437221253319,0.0,1.0,1,[2001],1,False,True
157,-0.1277409902149612,0.6401917828085438,0.4444444444444444,-0.19803219921843376,0.8139696649810277,1.7487514863258027,0.024369406867845993,0.14894083272461653,1.1457763236168947,3532,64,0.01812004530011325,0.89281181939199,0.8684524272440078,0.3691823974972236,0.9998323033895413,0.0,1.0,1,[2002],1,False,True
158,-0.3962463021363311,0.45036049826236163,0.1111111111111111,-0.27510729803266304,0.5697550875635501,1.817717003567182,0.02511134235171696,0.1511029948867787,1.1774836406900655,1608,104,0.06467661691542288,0.7890349385792859,0.6046241510428298,0.3422457554802437,0.9871106663085977,0.0,1.0,0,[],0,False,True
159,-0.06314496585825505,0.45168010655183494,0.3333333333333333,0.14781760315310774,0.6391390259857388,1.8866825208085611,0.025853277835587926,0.15326515704894084,1.2091909577632363,2069,72,0.03479942000966651,0.796073630859289,0.6965619258361806,0.30699053381399705,0.9944485054998246,0.0,1.0,0,[],0,False,True
160,-0.2556994937777098,0.42363434052614507,0.4444444444444444,-0.4136324956611214,0.7533241899178045,1.9556480380499406,0.026595213319458896,0.155427319211103,1.240898274836407,1321,150,0.11355034065102196,0.7712657823178992,0.5257559653065977,0.27266459829905415,0.9905873857421196,0.0,1.0,0,[],0,False,True
161,0.07740184250036633,0.3227143645544293,0.5555555555555556,0.009292405524649236,0.7431948659644646,2.02461355529132,0.027337148803329863,0.15758948137326517,1.2726055919095778,1390,63,0.045323741007194246,0.7616249961682756,0.5918372124958526,0.2740437904659593,0.9787240556440415,0.0,1.0,1,[2001],1,False,True
162,0.24383651211177565,0.5106461261227226,0.5555555555555556,-0.06778269328958005,0.7988499909278389,2.093579072532699,0.02807908428720083,0.15975164353542734,1.3043129089827485,2011,30,0.014917951268025857,0.8400088367947197,0.8181616576659925,0.33005679962479,0.998414109368032,0.0,1.0,0,[],0,False,True
163,-0.05483364697138718,0.5154195493643204,0.4444444444444444,0.3551422078961908,0.8126909586123037,2.1625445897740785,0.0288210197710718,0.1619138056975895,1.3360202260559193,2727,21,0.007700770077007701,0.8417074127180069,0.8425215954255716,0.26456885157907484,0.9999440066124875,0.0,1.0,0,[],0,False,True
164,-0.22051753907037622,0.46451204987421946,0.4444444444444444,0.028067109081961528,0.6105265992625728,2.231510107015458,0.029562955254942767,0.16407596785975165,1.36772754312909,1961,13,0.006629270780214177,0.798651421544502,0.7889193601911677,0.39636890336700525,0.9944941227112793,0.0,1.0,0,[],0,False,True
165,0.11258379720769993,0.4606831422733675,0.6666666666666666,0.45099201026773234,0.745480424009642,2.300475624256837,0.030304890738813733,0.16623813002191382,1.3994348602022608,1843,11,0.005968529571351058,0.8107878894777689,0.8401980539778514,0.10707157120829609,0.9991655257316234,0.0,1.0,0,[],0,False,True
166,-0.20474169370872797,0.4654259749470769,0.3333333333333333,-0.2872401133398854,0.3103387886417643,2.3694411414982164,0.031046826222684704,0.16840029218407598,1.4311421772754316,3246,26,0.008009858287122612,0.9396631573496417,0.9541956284134434,0.5053373567125693,0.9999602275802696,0.1875,1.0,0,[],0,False,True
167,0.1283596425693481,0.4391715639279236,0.5555555555555556,0.13568478784588534,0.2827345035313318,2.438406658739596,0.03178876170655567,0.17056245434623815,1.462849494348602,3654,7,0.0019157088122605363,0.9383291685362918,0.9615052231610723,0.4772257509503123,0.9999302893052079,0.2727272727272727,1.0,0,[],0,False,True
168,-0.08620568781924251,0.47506348704024354,0.5555555555555556,-0.3163903109683439,0.7593031442840706,2.507372175980975,0.03253069719042664,0.17272461650840032,1.4945568114217727,1986,59,0.029707955689828803,0.8437272408704619,0.7871706579636192,0.3264341220616437,0.9977901290270574,0.0,1.0,1,[2003],1,False,True
169,0.04936478426130267,0.4051505379352071,0.5555555555555556,0.1065345902174268,0.8069830771254061,2.5763376932223543,0.03327263267429761,0.17488677867056246,1.5262641284949434,1912,82,0.04288702928870293,0.7728158930553394,0.641030476414787,0.3028260598708469,0.9957101804052216,0.0,1.0,0,[],0,False,True
170,0.2157994538727121,0.3615516013808513,0.6666666666666666,0.029459491403197553,0.5896318980767351,2.6453032104637337,0.03401456815816857,0.17704894083272463,1.5579714455681142,1610,23,0.014285714285714285,0.837359711821339,0.8082952159304382,0.26051814623513,0.9988838020437971,0.0,1.0,0,[],0,False,True
171,0.3312137153208562,0.5391826171673091,0.8888888888888888,0.4523843925889684,0.8313207023036531,0.7166468489892984,0.03475650364203954,0.1792111029948868,1.589678762641285,2703,40,0.014798372179060304,0.8727950416795742,0.9040753921929374,0.40431672513776984,0.9993669865838167,0.0,1.0,0,[],0,False,True
172,-0.004669099795830374,0.5751070130936776,0.5555555555555556,0.1253092937747391,0.7479612468548348,0.7856123662306778,0.03549843912591051,0.18137326515704896,1.6213860797144557,1347,5,0.003711952487008166,0.7339879277929418,0.8388647986909692,0.2787878601784794,0.9854781696348813,0.0,1.0,0,[],0,False,True
173,0.11509890314891234,0.5667743354506847,0.6666666666666666,0.5482341949605098,0.28241891030417804,0.854577883472057,0.03624037460978148,0.18353542731921113,0.353866745984533,3252,14,0.004305043050430504,0.8759581381743956,0.9197392230341146,0.40666649083033507,0.9893189252287129,0.11764705882352941,1.0,1,[2001],1,False,True
174,0.2815335727603218,0.5772537062759129,0.5555555555555556,0.47115909614628065,0.4690578094690388,0.9235434007134363,0.036982310093652444,0.18569758948137327,0.38557406305770375,1116,7,0.0062724014336917565,0.7395042753844631,0.790470046641129,0.021087398967543407,0.9620759691297948,0.0,1.0,0,[],0,False,True
175,0.12945828103463267,0.6648998286522906,0.5555555555555556,0.22867757011087939,0.5336690350259644,0.9925089179548157,0.03772424557752341,0.18785975164353544,0.41728138013087446,3806,29,0.0076195480819758275,0.8752740305049064,0.9078318734716117,0.3674188717428934,0.9930267579865459,0.0,1.0,0,[],0,False,True
176,-0.07084768051766593,0.6729447475265503,0.4444444444444444,-0.28589752870334983,1.0189752571419277,1.061474435196195,0.03846618106139438,0.1900219138056976,0.4489886972040452,1037,16,0.015429122468659595,0.6763329804023538,0.412596678875995,0.31776517787620523,0.9285624813432387,0.0,1.0,0,[],0,False,True
177,-0.1797386673701654,0.6504490897774196,0.4444444444444444,-0.5241296523109676,0.5175975200246064,1.1304399524375743,0.03920811654526535,0.19218407596785977,0.4806960142772159,1992,23,0.011546184738955823,0.8578526302284053,0.8455651313909724,0.4477146169218985,0.9896430792642856,0.0,1.0,0,[],0,False,True
178,-0.6418552701195521,0.6418552701195521,0.0,-0.6012047511251969,0.31951367166232364,1.1994054696789536,0.03995005202913632,0.19434623813002194,0.5124033313503866,681,95,0.1395007342143906,0.7858400407005797,0.5145303410880468,0.42921570402792697,0.9612933912341127,0.0,1.0,0,[],0,False,True
179,-0.3087539338414761,0.4563376672662589,0.2222222222222222,-0.17827984993942614,0.368547565001785,1.268370986920333,0.04069198751300728,0.19650840029218408,0.5441106484235574,1055,15,0.014218009478672985,0.8156129435536527,0.7810146609453629,0.4110377231941715,0.9891829376965172,0.0,1.0,0,[],0,False,True
180,-0.22565259756340003,0.39904757986681916,0.3333333333333333,-0.5053549487536554,0.5201413793260425,1.3373365041617122,0.041433922996878245,0.19867056245434625,0.5758179654967281,1171,119,0.10162254483347566,0.7480495553774644,0.43855366354838987,0.30750532772511663,0.9742820943453003,0.0,1.0,0,[],0,False,True
181,-0.09008212548285473,0.28763901706301626,0.3333333333333333,-0.08243004756788463,0.25170752001342844,1.4063020214030915,0.042175858480749215,0.20083272461650842,0.6075252825698989,2289,42,0.01834862385321101,0.9074993963414513,0.9138402543798769,0.45742274534810934,0.9967798176864408,0.08333333333333333,1.0,2,[2001],1,False,True
182,0.07635254412855469,0.29292866660435823,0.5555555555555556,-0.1595051463821138,0.3147059919940126,1.475267538644471,0.042917793964620185,0.20299488677867056,0.6392325996430697,1420,27,0.019014084507042252,0.7943689380733476,0.746434627138153,0.36187021156475446,0.9887373487417652,0.04878048780487805,1.0,0,[],0,False,True
183,0.19612054707329735,0.482031788281149,0.6666666666666666,0.26341975480365687,0.5858264106525514,1.5442330558858501,0.043659729448491155,0.20515704894083275,0.6709399167162403,1890,7,0.003703703703703704,0.8386640310984071,0.8570503440637487,0.3680242905352171,0.9865236621989214,0.125,1.0,1,[2001],1,False,True
184,-0.047767142711726635,0.48947725382211515,0.4444444444444444,-0.18865534401057238,0.935774115529892,1.6131985731272294,0.044401664932362125,0.2073192111029949,0.7026472337894111,960,22,0.022916666666666665,0.687137922893117,0.45252398734671767,0.2888927660088489,0.9593959801456032,0.0,1.0,0,[],0,False,True
185,0.06764711873641747,0.359886750591877,0.5555555555555556,0.2342695571751984,0.4432893810014691,1.6821640903686088,0.022167533818938604,0.20948137326515706,0.7343545508625818,4002,19,0.004747626186906547,0.889393462778186,0.9294081002983955,0.38176818728634027,0.9976233849149594,0.0,1.0,0,[],0,False,True
186,0.23408178834782697,0.4267545473199908,0.6666666666666666,0.1571944583609692,0.5404719196693665,1.751129607609988,0.02290946930280957,0.21164353542731923,0.7660618679357525,1837,9,0.004899292324442025,0.8226132262720167,0.8905306101708593,0.2561825758439496,0.9983068541691846,0.0,1.0,1,[2002],1,False,True
187,0.36965226042837224,0.5907040360278928,0.7777777777777778,0.58011935954674,0.3541661545411794,1.8200951248513673,0.02365140478668054,0.2138056975894814,0.7977691850089232,1268,2,0.0015772870662460567,0.8242204101407554,0.9187693654381653,0.2999174624902868,0.9929936197993413,0.1111111111111111,1.0,0,[],0,False,True
188,0.01903458844198538,0.47744948389345626,0.5555555555555556,-0.40811276406087776,0.8143609476060263,1.8890606420927465,0.024393340270551508,0.21596785975164356,0.829476502082094,1171,45,0.03842869342442357,0.719351306170625,0.48339679902317406,0.34112424098736704,0.9693086819780657,0.0,1.0,0,[],0,False,True
189,-0.09022466030754514,0.5227766396257525,0.5555555555555556,0.014812137124893007,0.6996212778813383,1.958026159334126,0.025135275754422474,0.2181300219138057,0.8611838191552648,2942,19,0.00645819170632223,0.8896977888821628,0.9095581421834612,0.4900558781483886,0.9978863531705897,0.0,1.0,1,[2003],1,False,True
190,-0.12132085489366656,0.4576055649659674,0.4444444444444444,-0.06226296168933624,0.8903065038855068,2.026991676575505,0.02587721123829344,0.14035062089116143,0.8928911362284355,1286,52,0.04043545878693624,0.7425073827712958,0.5857803121950452,0.2877027736973947,0.9724718116549319,0.0,1.0,0,[],0,False,True
191,0.21178048138440952,0.5724656059897671,0.6666666666666666,0.3606619394964345,0.8702872014023184,2.0959571938168846,0.02661914672216441,0.1425127830533236,0.9245984533016062,2133,24,0.011251758087201125,0.795528196057573,0.7948563427077217,0.2218404916954639,0.995921045337502,0.0,1.0,0,[],0,False,True
192,0.004278076165886959,0.6550547972666526,0.4444444444444444,-0.18516315931779478,1.1887033552140078,2.1649227110582636,0.027361082206035378,0.14467494521548577,0.9563057703747769,1420,36,0.02535211267605634,0.7299787394889763,0.5683092917176067,0.29910327205963655,0.9745450678376425,0.0,1.0,0,[],0,False,True
193,-0.18199507315274477,0.5060923131915369,0.4444444444444444,0.23776174186797597,0.5818674390267049,2.233888228299643,0.028103017689906345,0.14683710737764794,0.9880130874479477,3161,48,0.01518506801645049,0.8456184492747624,0.8382202408722228,0.39273202770859517,0.9970928576974945,0.0,1.0,0,[],0,False,True
194,-0.015560403541335366,0.4106243905694718,0.3333333333333333,0.16068664305374672,0.49751362980381464,2.3028537455410225,0.02884495317377731,0.1489992695398101,1.0197204045211183,2359,20,0.00847816871555744,0.8306787438409391,0.8194214070083162,0.27107090610222934,0.9969307987310053,0.0,1.0,0,[],0,False,True
195,0.31754093273674067,0.39879153622123786,0.6666666666666666,0.5836115442395174,0.5073966225848233,2.3718192627824015,0.029586888657648282,0.15116143170197227,1.051427721594289,2222,10,0.004500450045004501,0.829321756883302,0.8789695528366084,0.4056285755927518,0.9950345320390466,0.0,1.0,0,[],0,False,True
196,-0.018495243382160007,0.5044371517636426,0.5555555555555556,0.25653644542528825,0.6962774496407362,2.440784780023781,0.030328824141519252,0.1533235938641344,1.0831350386674599,3703,22,0.00594112881447475,0.8828631632929593,0.8929132078472806,0.3846753633827192,0.9991597096923981,0.0,1.0,0,[],0,False,True
197,0.314606092895916,0.4986627257060115,0.8888888888888888,0.6794613466110592,0.6623915052024907,2.5097502972651604,0.031070759625390215,0.15548575602629658,1.1148423557406306,1661,2,0.0012040939193257074,0.7902317860941115,0.8404763684681591,0.014542551540068933,0.9970252283246941,0.0,1.0,0,[],0,False,True
198,0.04590528676693474,0.6533046215193465,0.5555555555555556,-0.06302017942434224,0.7274567815152743,2.5787158145065394,0.031812695109261185,0.15764791818845875,1.1465496728138014,3031,33,0.010887495875948531,0.8886941504866493,0.8910364137574667,0.4211909918618185,0.9987837932633816,0.0625,1.0,2,[2001],1,False,True
199,-0.25659699091358146,0.6250042431354694,0.3333333333333333,-0.30125230303196,0.6823796195480984,2.647681331747919,0.032554630593132156,0.15981008035062091,1.1782569898869721,1914,76,0.03970741901776385,0.7869741552593245,0.6793156258644331,0.4177553163408116,0.9801670180436112,0.0,1.0,0,[],0,False,True
200,-0.21516232130217203,0.5208661333582925,0.3333333333333333,-0.7533274018461892,0.7157649686191261,0.7190249702734839,0.03329656607700312,0.16197224251278308,1.209964306960143,1254,147,0.11722488038277512,0.7627085872014635,0.4993572312878471,0.3519011867596586,0.9814560119744056,0.0,1.0,0,[],0,False,True
201,0.11793901497590406,0.513330881377183,0.5555555555555556,-0.3304025006604185,0.8123905839920332,0.7879904875148632,0.03403850156087409,0.16413440467494522,1.2416716240333137,2037,65,0.031909671084928815,0.7760154878731375,0.6808818957028612,0.2947593323325646,0.973398547410834,0.0,1.0,0,[],0,False,True
202,-0.19990809883976915,0.5223803805255527,0.3333333333333333,-0.4074775994746478,0.5123419497278804,0.8569560047562426,0.03478043704474505,0.1662965668371074,1.2733789411064844,2715,37,0.013627992633517496,0.9422188195631386,0.9403064095971595,0.40317648052100485,0.9998662846157473,0.06666666666666667,1.0,1,[2003],1,False,True
203,-0.0801400958950264,0.4772454541447688,0.3333333333333333,0.015447301711122999,0.798146307327268,0.9259215219976218,0.03552237252861602,0.16845872899926956,1.305086258179655,1289,31,0.02404965089216447,0.7446215733405194,0.5886025447613346,0.3456686439248611,0.9655636434989828,0.0,1.0,0,[],0,False,True
204,0.002961240383049667,0.47122894949103344,0.4444444444444444,-0.31162779710310623,0.6343797725081267,0.9948870392390011,0.03626430801248699,0.17062089116143173,1.3367935752528257,1530,40,0.026143790849673203,0.780350148279355,0.7131446269566173,0.27873928124905084,0.97826447368727,0.0,1.0,0,[],0,False,True
205,0.13853171246359489,0.4486789971855557,0.6666666666666666,0.11129710408266451,0.8694826021762173,1.0638525564803805,0.037006243496357956,0.1727830533235939,1.3685008923259967,2366,13,0.005494505494505495,0.8292239956100341,0.8578662152439361,0.4289643127980097,0.9992687239872479,0.0,1.0,1,[2003],1,False,True
206,-0.13417397995215943,0.3761102889234571,0.4444444444444444,0.03422200526843533,0.7693018924761592,1.1328180737217597,0.037748178980228926,0.17494521548575603,1.4002082093991675,1243,44,0.035398230088495575,0.7563355648820353,0.6382803845081402,0.225091082389479,0.9769826628217755,0.0,1.0,0,[],0,False,True
207,0.19892735632591657,0.5504390651741776,0.5555555555555556,0.457146906454206,0.9700494935002847,1.2017835909631391,0.038490114464099896,0.1771073776479182,1.4319155264723382,2164,8,0.0036968576709796672,0.8215295756843392,0.8270670813645268,0.17134387683837227,0.9983798393482655,0.0,1.0,0,[],0,False,True
208,-0.19133550492687149,0.44306781856252986,0.2222222222222222,-0.05742819236002313,0.18469891082569134,1.2707491082045184,0.03923204994797086,0.17926953981008037,1.4636228435455085,2539,57,0.022449783379283182,0.902311643760375,0.9195754138909871,0.39783873663932057,0.9986652919268412,0.08333333333333333,1.0,0,[],0,False,True
209,0.14176583135120457,0.33035340643683764,0.6666666666666666,0.36549670882574753,0.2081023022687141,1.3397146254458976,0.03997398543184183,0.18143170197224254,1.4953301606186793,4118,21,0.005099562894609034,0.9344817990691876,0.952766017179843,0.3986427775909314,0.9999702163623218,0.25,1.0,2,"[2001, 2003]",2,True,True
210,0.06777976467410911,0.47052047408599507,0.6666666666666666,-0.43284059885399645,0.39176635165329016,1.408680142687277,0.0407159209157128,0.1835938641344047,1.52703747769185,1212,16,0.013201320132013201,0.8895824731330428,0.8994914511816476,0.30767564171057543,0.999070763059586,0.15,1.0,0,[],0,False,True
211,0.10580413097809589,0.5785401237529427,0.6666666666666666,-0.009915697668225679,0.8926752343244244,1.4776456599286563,0.04145785639958376,0.18575602629656685,1.5587447947650208,1827,18,0.009852216748768473,0.7814098297591852,0.7679070272645355,0.393688679404827,0.995410723417153,0.0,1.0,1,[2003],1,False,True
212,0.18890546725617197,0.5875704806291568,0.5555555555555556,-0.33699079648245484,0.8120130134478616,1.5466111771700355,0.04219979188345473,0.187918188458729,1.5904521118381916,2415,20,0.008281573498964804,0.8201972288453648,0.8630534452070926,0.31253504472367316,0.9955370345438274,0.0,1.0,0,[],0,False,True
213,0.0598882418238496,0.5298372310411642,0.5555555555555556,0.08593410470331582,0.6671815176510678,1.615576694411415,0.0429417273673257,0.19008035062089118,1.6221594289113623,4705,13,0.002763018065887354,0.9416642714877798,0.9642713785117679,0.4533671399775591,0.9999813574741403,0.08333333333333333,1.0,0,[],0,False,True
214,0.028792047237728127,0.49001426999589603,0.4444444444444444,0.008859005889086577,0.12826845928543365,1.6845422116527942,0.04368366285119667,0.19224251278305332,0.3546400951814396,2478,18,0.007263922518159807,0.8744846568799437,0.9039077038664637,0.3852882650961836,0.9912171833244653,0.0,1.0,0,[],0,False,True
215,-0.08062056251401652,0.4642127615119299,0.4444444444444444,0.4317839070748573,0.13800270343859716,1.7535077288941736,0.04442559833506764,0.1944046749452155,0.38634741225461033,2092,15,0.007170172084130019,0.8779726795481357,0.9226015438715981,0.42383094994688436,0.993367464974319,0.14285714285714285,1.0,0,[],0,False,True
216,-0.039185892902607135,0.5093624186684935,0.5555555555555556,-0.020291191739371994,0.3503756930094421,1.8224732461355528,0.02219146722164412,0.19656683710737766,0.4180547293277811,3700,46,0.012432432432432432,0.8561984756402783,0.8586654864940264,0.36878711527285024,0.9909013522213351,0.0,1.0,0,[],0,False,True
217,0.09638457917793813,0.5165301431230374,0.6666666666666666,0.4026337094463988,0.4447821982449521,1.891438763376932,0.022933402705515086,0.19872899926953982,0.4497620464009518,3442,6,0.0017431725740848344,0.8800668623393715,0.9456151045805992,0.3598681495990355,0.996066126111328,0.0,1.0,0,[],0,False,True
218,-0.001714084543985855,0.5160961720518954,0.5555555555555556,0.32555861063216956,0.7297208042274943,1.9604042806183115,0.023675338189386056,0.200891161431702,0.4814693634741225,2261,13,0.005749668288367979,0.8516577996744867,0.8848365044790035,0.29869845801309086,0.9941809148512458,0.0,1.0,1,[2003],1,False,True
219,0.33138725173409017,0.6454371057208845,0.6666666666666666,0.7484835118179403,0.5825707149096977,2.0293697978596907,0.024417273673257023,0.20305332359386413,0.5131766805472933,3029,3,0.0009904258831297458,0.8616059689543402,0.9152366729850205,0.38419577821970274,0.9964794246882603,0.0,1.0,0,[],0,False,True
220,-0.06657297241447344,0.6256801670121033,0.3333333333333333,0.4214084130037112,0.4565554772174467,2.09833531510107,0.02515920915712799,0.20521548575602633,0.544883997620464,1942,13,0.006694129763130793,0.8038150491099634,0.8451008340341088,0.361981076926801,0.9908257398391853,0.0,1.0,0,[],0,False,True
221,-0.17565945347458417,0.5223659413638575,0.3333333333333333,-0.48223013782507856,0.3842954969009003,2.167300832342449,0.025901144640998956,0.20737764791818847,0.5765913146936348,2250,15,0.006666666666666667,0.8749463598921638,0.898043949260503,0.3268637783432096,0.9971072503243092,0.1111111111111111,1.0,1,[2002],1,False,True
222,-0.009224783863174749,0.48580899993245297,0.4444444444444444,-0.5593052366393079,0.43347961846921573,2.2362663495838286,0.026643080124869926,0.20953981008035064,0.6082986317668055,1840,40,0.021739130434782608,0.8425274351134534,0.8251739259355585,0.30023933052071117,0.993673320984312,0.06666666666666667,1.0,0,[],0,False,True
223,-0.3084409323131947,0.596190483468811,0.2222222222222222,-0.13638033545353703,0.3482518857211456,2.305231866825208,0.027385015608740893,0.2117019722425128,0.6400059488399762,1838,15,0.008161044613710556,0.8494740568289625,0.9011105516783346,0.3630466202546279,0.9929881718147711,0.0,1.0,0,[],0,False,True
224,-0.3073708460351186,0.46042644694668994,0.3333333333333333,-0.7095491842677664,0.2676474116597589,2.374197384066587,0.02812695109261186,0.21386413440467494,0.6717132659131468,1541,147,0.0953926022063595,0.7967719646794084,0.6043068724223243,0.31543405347436676,0.9925316082281394,0.0,1.0,1,[2001],1,False,True
225,0.02573049024295741,0.3897924354041186,0.5555555555555556,-0.2866242830819956,0.350674098782403,2.4431629013079665,0.028868886576482827,0.21602629656683714,0.7034205829863177,1372,36,0.026239067055393587,0.8467713302404436,0.8368258539618328,0.3427942364648998,0.9938816233859507,0.1,1.0,2,"[2002, 2003]",2,True,True
226,-0.005365704343163931,0.46420957079036934,0.4444444444444444,-0.36369938189622486,0.7555664096461038,2.512128418549346,0.029610822060353797,0.21818845872899928,0.7351279000594885,1086,55,0.05064456721915286,0.7274535918754861,0.4955847894538657,0.3081944900248105,0.9563535017038273,0.0,1.0,0,[],0,False,True
227,0.11004855710498009,0.4992688531459606,0.6666666666666666,0.05922551928954586,0.7798220476772723,2.581093935790725,0.030352757544224764,0.140409057706355,0.7668352171326591,2206,55,0.024932003626473256,0.797963149274102,0.7409044927511486,0.3270644309402735,0.9919946752268637,0.0,1.0,1,[2002],1,False,True
228,-0.241090737780652,0.5938240726526363,0.3333333333333333,-0.26784957952468336,0.971019132372915,2.6500594530321044,0.031094693028095734,0.14257121986851717,0.7985425342058299,1154,59,0.0511265164644714,0.7319801354912315,0.49894912835677013,0.33539545893467143,0.9501694399374568,0.0,1.0,0,[],0,False,True
229,-0.17136388709928366,0.45440661166817947,0.3333333333333333,0.1550753216610874,0.675383923245545,0.7214030915576694,0.0318366285119667,0.14473338203067934,0.8302498512790006,1923,47,0.024440977639105563,0.7772809712330231,0.6829978357967122,0.359637944706503,0.9838978939252759,0.0,1.0,0,[],0,False,True
230,-0.004929217487874227,0.2953441842151964,0.2222222222222222,0.07800022284685815,0.5982465247381009,0.7903686087990487,0.03257856399583767,0.1468955441928415,0.8619571683521714,1249,40,0.032025620496397116,0.7565934974279783,0.6737015385253999,0.29660668538993545,0.9833834089144692,0.0,1.0,0,[],0,False,True
231,0.32817211879020186,0.4489627522149222,0.7777777777777778,0.500925124032629,0.6005295916711628,0.859334126040428,0.03332049947970864,0.14905770635500368,0.8936644854253422,2495,13,0.0052104208416833666,0.789085499206801,0.8534083788231791,0.2813417574430926,0.9950728386135446,0.0,1.0,0,[],0,False,True
232,-0.04830975072704908,0.5660617958923609,0.4444444444444444,-0.6123069995749887,0.8267402679711704,0.9282996432818074,0.03406243496357961,0.15121986851716582,0.9253718024985128,1720,150,0.0872093023255814,0.763270875646001,0.5449287261801761,0.27840927915700353,0.9673929336888697,0.0,1.0,0,[],0,False,True
233,0.07145825221769368,0.4453998898954945,0.6666666666666666,-0.18938209838921802,0.8063754373223079,0.9972651605231866,0.03480437044745057,0.15338203067932799,0.9570791195716836,1477,65,0.044008124576844956,0.7388120027463444,0.5648882644076337,0.2619415115930735,0.9553079630646618,0.0,1.0,0,[],0,False,True
234,-0.20140080120027484,0.4865610766904541,0.4444444444444444,-0.2664571972034473,0.9244651043181141,1.066230677764566,0.035546305931321534,0.15554419284149015,0.9887864366448542,1154,47,0.04072790294627383,0.7372216413258146,0.5154904694838012,0.33737919546888034,0.9618595852887641,0.0,1.0,0,[],0,False,True
235,-0.06583032911972961,0.4237258927166077,0.5555555555555556,0.15646770398232349,0.5166727252403776,1.1351961950059453,0.036288241415192504,0.15770635500365232,1.020493753718025,2705,20,0.0073937153419593345,0.8687354024985104,0.8950088539474705,0.43479062166170734,0.9961302510420201,0.0,1.0,0,[],0,False,True
236,0.01727100715834646,0.42763482930365126,0.5555555555555556,-0.17060739483190576,0.5535644637046799,1.2041617122473245,0.037030176899063474,0.1598685171658145,1.0522010707911957,2334,51,0.021850899742930592,0.8248183898488956,0.7839931475498321,0.4227678631598349,0.9990988325109241,0.0,1.0,0,[],0,False,True
237,0.35037234343642254,0.4973710500834888,0.7777777777777778,0.252317506353865,0.6685042643654776,1.2731272294887037,0.037772112382934445,0.16203067932797663,1.0839083878643665,1741,16,0.009190120620333142,0.7983176089500233,0.8607104093910493,0.284103584562949,0.9925701850982763,0.08333333333333333,1.0,0,[],0,False,True
238,0.018151320318065114,0.5222944201628628,0.5555555555555556,0.17524240753963563,1.079705174875212,1.3420927467300832,0.038514047866805415,0.1641928414901388,1.1156157049375373,1005,33,0.03283582089552239,0.7227842676598779,0.5208295907882401,0.3014752538843865,0.9757558856318616,0.0,1.0,0,[],0,False,True
239,0.35125265659614124,0.5680571843161826,0.6666666666666666,0.5981673087254065,0.9123992254673985,1.4110582639714626,0.03925598335067638,0.16635500365230096,1.147323022010708,1748,3,0.0017162471395881006,0.7403983190709866,0.8163450143037956,0.2447741058899918,0.9813433581356891,0.0,1.0,0,[],0,False,True
240,0.15040070567698546,0.6201175572687981,0.6666666666666666,0.08359220991117722,0.7855645210485306,1.4800237812128416,0.03999791883454734,0.16851716581446313,1.1790303390838788,1717,13,0.007571345369831101,0.8148276452473233,0.8161819071360458,0.18637736525207543,0.9953460385820888,0.0,1.0,1,[2003],1,False,True
241,-0.15262319490277598,0.6072790467451858,0.4444444444444444,0.5065171110969481,0.6999761753261432,1.548989298454221,0.04073985431841831,0.1706793279766253,1.2107376561570495,1953,10,0.005120327700972862,0.7634648683833065,0.7780713071139821,0.24469552088709529,0.9925800122634283,0.0,1.0,0,[],0,False,True
242,0.013811474708633371,0.5747040334798458,0.3333333333333333,0.4294420122827187,0.8351747270998661,1.6179548156956005,0.04148178980228928,0.17284149013878747,1.2424449732302203,2011,10,0.004972650422675286,0.7548202313788771,0.7441000066381522,0.2579482637707558,0.9890236080853454,0.0,1.0,0,[],0,False,True
243,-0.12947286394442006,0.6025748140977184,0.4444444444444444,0.1912098886751011,0.5275023003060445,1.6869203329369795,0.04222372528616025,0.1750036523009496,1.274152290303391,3297,31,0.00940248710949348,0.8772917451092819,0.8718850151805524,0.4731884858203853,0.9997266789880025,0.0,1.0,0,[],0,False,True
244,-0.46570453427093206,0.5056504427226917,0.2222222222222222,-0.8012716373603003,0.39083440827526006,1.7558858501783592,0.042965660770031215,0.17716581446311178,1.3058596073765614,462,79,0.170995670995671,0.8340441959629398,0.631490975005008,0.41721659571178377,0.9826797515336623,0.0,1.0,0,[],0,False,True
245,-0.13260319799285603,0.36053347243790246,0.4444444444444444,-0.3783467361745294,0.2704018605063697,1.8248513674197384,0.04370759625390218,0.17932797662527394,1.3375669244497321,2916,38,0.013031550068587106,0.9008889066603823,0.8834246207958228,0.3121104355886496,0.9996895165054054,0.15384615384615385,1.0,1,[2001],1,False,True
246,0.03383147161855333,0.40824054955442396,0.4444444444444444,-0.4554218349887587,0.30735032644782945,1.8938168846611176,0.04444953173777315,0.1814901387874361,1.369274241522903,2148,22,0.010242085661080074,0.878226491617857,0.8753706331397624,0.46866200883197956,0.9931337669161685,0.23076923076923078,1.0,0,[],0,False,True
247,0.10355832229992162,0.5209210066825685,0.5555555555555556,-0.032496933802987904,0.9327236888434104,1.962782401902497,0.022215400624349634,0.18365230094959828,1.4009815585960737,1113,14,0.012578616352201259,0.7223997345019885,0.697614635281591,0.2374459768080659,0.9845248479029127,0.0,1.0,0,[],0,False,True
248,-0.2860274162519343,0.4583957755831224,0.3333333333333333,-0.48457203261721715,0.5438870930656152,2.0317479191438763,0.0229573361082206,0.18581446311176042,1.4326888756692444,2844,16,0.005625879043600563,0.9284230405151562,0.941056349909744,0.45160112436908767,0.9999162920522794,0.05263157894736842,1.0,1,[2001],1,False,True
249,0.04707392002614182,0.3800735497925321,0.6666666666666666,-0.06164713143144648,0.5563671588771122,2.1007134363852558,0.02369927159209157,0.1879766252739226,1.4643961927424152,2895,26,0.008981001727115717,0.861468306262869,0.8793618289910284,0.38813800260899406,0.9980388000530079,0.0,1.0,0,[],0,False,True
250,0.015977725440020345,0.396131089428773,0.4444444444444444,-0.13872223024567568,0.3192523001465709,2.1696789536266348,0.024441207075962538,0.19013878743608476,1.496103509815586,3465,22,0.006349206349206349,0.9365290861089939,0.9555307238968442,0.3446085628141998,0.999792475081939,0.13333333333333333,1.0,1,[2003],1,False,True
251,0.3490790617180965,0.428087488957132,0.7777777777777778,0.2842026709400951,0.12890583993625895,2.238644470868014,0.025183142559833505,0.19230094959824692,1.5278108268887567,3118,9,0.0028864656831302116,0.9223071304749605,0.9528350215341869,0.35401907477503636,0.9999732465405411,0.2777777777777778,1.0,1,[2003],1,False,True
252,0.4321803979961726,0.6138632771182058,0.7777777777777778,-0.042872427874134145,0.17970204650842497,2.3076099881093937,0.025925078043704475,0.1944631117604091,1.5595181439619274,4830,3,0.0006211180124223603,0.9453931308476073,0.9762048474982512,0.4244746337251235,0.9999714906391075,0.21428571428571427,1.0,0,[],0,False,True
253,0.13281088854393844,0.6573812953143943,0.5555555555555556,0.3800524733116366,1.2314995903339168,2.3765755053507727,0.02666701352757544,0.19662527392257123,1.5912254610350982,1532,11,0.007180156657963447,0.7165954431078415,0.6736324039316978,0.21673934411703674,0.9790252406439695,0.0,1.0,0,[],0,False,True
254,-0.14204741460615644,0.5682534947066192,0.3333333333333333,-0.35817965029598114,0.6545845221931977,2.445541022592152,0.027408949011446408,0.1987874360847334,1.622932778108269,1572,19,0.012086513994910942,0.8552908387156903,0.8412680480691607,0.4404999373569367,0.9996882937180933,0.07692307692307693,1.0,1,[2001],1,False,True
255,-0.02663315315801233,0.6261922263183028,0.4444444444444444,0.06474525088978966,0.8660679179451193,2.5145065398335316,0.02815088449531738,0.20094959824689557,0.3554134443783462,1052,11,0.010456273764258554,0.698233351396568,0.6188508673867232,0.270759005796125,0.9570290245599435,0.0,1.0,0,[],0,False,True
256,-0.27982296914331073,0.6052288504060793,0.3333333333333333,-0.4810798479244396,0.3401926907607776,2.5834720570749106,0.02889281997918834,0.2031117604090577,0.3871207614515169,1844,4,0.0021691973969631237,0.861132822714325,0.8965972701304192,0.3811157206934021,0.989402929235447,0.0,1.0,0,[],0,False,True
257,-0.18120158401524483,0.40194817349224543,0.3333333333333333,-0.05815494673866891,0.8405961597547383,2.65243757431629,0.029634755463059312,0.2052739225712199,0.4188280785246877,998,42,0.04208416833667335,0.688338745155393,0.390555984790166,0.30550202262257226,0.9601755581544802,0.0,1.0,0,[],0,False,True
258,-0.22810024773716872,0.428738377380222,0.3333333333333333,-0.13523004555289808,0.1979703416019298,0.7237812128418549,0.030376690946930282,0.20743608473338204,0.45053539559785843,2087,35,0.016770483948251078,0.8442055157145244,0.8191081466183794,0.29777909063627594,0.9910536306419999,0.0,1.0,0,[],0,False,True
259,-0.09252977565662349,0.3818147350157385,0.3333333333333333,0.28769485563287267,0.5263879995321277,0.7927467300832342,0.031118626430801245,0.2095982468955442,0.48224271267102914,1470,17,0.011564625850340135,0.7345029811348452,0.6716355699861727,0.28510772772073606,0.9769650612215044,0.0,1.0,0,[],0,False,True
260,-0.009428439378547426,0.3331384254976609,0.6666666666666666,-0.039380243181356654,0.460512836939541,0.8617122473246135,0.031860561914672215,0.21176040905770638,0.5139500297441999,1880,36,0.019148936170212766,0.7851026211305798,0.6988271942608476,0.25530189309877194,0.9808047830796705,0.0,1.0,0,[],0,False,True
261,0.32367289689952866,0.45784999139390004,0.7777777777777778,0.3835446580044141,0.49803739362584065,0.9306777645659928,0.03260249739854318,0.21392257121986855,0.5456573468173707,1633,6,0.003674219228413962,0.8321831351294581,0.9001985834620391,0.3068465401675394,0.9920711557539416,0.0,1.0,0,[],0,False,True
262,0.04379147393634213,0.48183336616990974,0.5555555555555556,0.30646955919018487,0.676497961255074,0.9996432818073722,0.03334443288241415,0.2160847333820307,0.5773646638905414,1227,3,0.0024449877750611247,0.7339257513325151,0.7320906509060687,0.3585150056719165,0.965212194176943,0.0,1.0,0,[],0,False,True
263,0.16355947688108488,0.5259174447378601,0.6666666666666666,0.7293944603759557,0.5147838273737855,1.0686087990487514,0.03408636836628512,0.21824689554419285,0.6090719809637121,2674,6,0.002243829468960359,0.8493517987709447,0.9279771954452503,0.35200149829748895,0.9974288518786548,0.07142857142857142,1.0,1,[2003],1,False,True
264,0.20499414649249428,0.5754593155630885,0.5555555555555556,0.27731936156172643,0.6641359422427382,1.1375743162901308,0.03482830385015608,0.14046749452154858,0.6407792980368828,2130,39,0.018309859154929577,0.7991860894245654,0.803315510129945,0.34773377797492,0.9855358614639502,0.0,1.0,2,[2003],1,False,True
265,0.03238744844300746,0.48316791037694745,0.5555555555555556,0.0390872379541087,0.45984601692363153,1.20653983353151,0.03557023933402705,0.14262965668371075,0.6724866151100535,5207,19,0.003648934127136547,0.9121777815750965,0.9327194496991849,0.34889222605184284,0.9990787736087681,0.0,1.0,0,[],0,False,True
266,0.19882211805441688,0.4996182989295332,0.6666666666666666,-0.037987860860120515,0.393342652895896,1.2755053507728893,0.03631217481789802,0.14479181884587292,0.7041939321832242,3238,22,0.0067943174799258805,0.8856092522361378,0.923049077032523,0.4478282263327869,0.9960120249410355,0.0,1.0,0,[],0,False,True
267,0.0892140140950608,0.6186164325726194,0.6666666666666666,-0.28046938689552176,0.7686388053309732,1.3444708680142687,0.037054110301768986,0.14695398100803508,0.735901249256395,2230,81,0.03632286995515695,0.798408994117864,0.7021789759655107,0.3400540391253826,0.9777537233968489,0.0,1.0,0,[],0,False,True
268,-0.2812155138243939,0.6602923424531567,0.3333333333333333,-0.6075444857097511,1.12372683066055,1.4134363852556482,0.037796045785639956,0.14911614317019722,0.7676085663295658,896,45,0.05022321428571429,0.7196821566190509,0.4296219780813319,0.2533625595691522,0.9412719393123672,0.0,1.0,0,[],0,False,True
269,-0.16580125237624987,0.519054820936574,0.3333333333333333,-0.1846195845239803,0.8810864264846033,1.4824019024970272,0.038537981269510926,0.1512783053323594,0.7993158834027365,1594,41,0.025721455457967377,0.7585357295815095,0.6391547412233771,0.2597565850482197,0.9779953792856833,0.0,1.0,0,[],0,False,True
270,0.000633417235159528,0.4460503118914246,0.3333333333333333,-0.2616946833382095,0.9067273773818578,1.5513674197384066,0.0392799167533819,0.15344046749452156,0.8310232004759072,1091,58,0.05316223648029331,0.7314838262515547,0.49463534824978045,0.31039115722394234,0.9626568138398346,0.0,1.0,0,[],0,False,True
271,0.1362038893157048,0.5194451040553757,0.5555555555555556,0.16123021784756117,0.6210354182932752,1.620332936979786,0.04002185223725286,0.15560262965668373,0.8627305175490779,3109,75,0.024123512383403024,0.8187558657064902,0.7757873217747634,0.36451889516105057,0.9904318421114396,0.0,1.0,0,[],0,False,True
272,-0.06480142260566513,0.49260751972054906,0.4444444444444444,-0.3533448809666681,0.39688720778773323,1.689298454221165,0.04076378772112382,0.1577647918188459,0.8944378346222487,2067,37,0.017900338655055636,0.868139487306799,0.8469689626797724,0.2654323337458925,0.9985893163180761,0.0,1.0,0,[],0,False,True
273,0.054966580339077614,0.5253678501205024,0.6666666666666666,0.0695800202191027,0.9668288610461118,1.7582639714625445,0.04150572320499479,0.15992695398100804,0.9261451516954193,2553,20,0.007833920877399139,0.8346901567773759,0.8355126664389414,0.31430262653902313,0.9955732545343398,0.0,1.0,0,[],0,False,True
274,-0.2634265228434526,0.5795517019478104,0.3333333333333333,-0.00749507859512651,0.8117441223725109,1.8272294887039238,0.042247658688865763,0.1620891161431702,0.9578524687685901,1703,10,0.005871990604815032,0.8706660526285153,0.8814906225297474,0.34357069586570654,0.9984859073939903,0.0,1.0,0,[],0,False,True
275,0.0696748134346235,0.5173470037538723,0.4444444444444444,0.41542982259064426,0.748051444226657,1.896195005945303,0.042989594172736734,0.16425127830533237,0.9895597858417609,2022,20,0.009891196834817012,0.8483017619831722,0.8693597001220791,0.27954772120980437,0.9987888595553511,0.0,1.0,1,[2002],1,False,True
276,-0.2852966000483619,0.5701416044560712,0.3333333333333333,-0.5728023010169735,0.9367915036933484,1.9651605231866824,0.0437315296566077,0.16641344046749454,1.0212671029149316,972,82,0.08436213991769548,0.7417800456817041,0.46290944761244296,0.36229146423562336,0.943032712941337,0.0,1.0,0,[],0,False,True
277,-0.14972612796781665,0.5327864204120588,0.3333333333333333,-0.1498773998312027,0.8075708888658726,2.0341260404280614,0.04447346514047867,0.1685756026296567,1.0529744199881024,1872,105,0.05608974358974359,0.7888902246445836,0.6530622627129636,0.2727144385595756,0.9909404842479119,0.0,1.0,1,[2001],1,False,True
278,-0.19662479168974056,0.3815851162646919,0.3333333333333333,-0.22695249864543196,0.5529934707335806,2.1030915576694413,0.02223933402705515,0.17073776479181887,1.0846817370612731,1791,144,0.08040201005025126,0.7787646356324789,0.5948885493711974,0.42439367520062377,0.9834811910448711,0.0,1.0,0,[],0,False,True
279,0.13647654458833547,0.43851168937593815,0.4444444444444444,0.19597240254033876,0.6325764562861996,2.1720570749108203,0.022981269510926116,0.17289992695398104,1.116389054134444,2791,53,0.01898960945897528,0.7973290712473367,0.7561001931891355,0.29998399606431314,0.9946839625825042,0.0,1.0,0,[],0,False,True
280,-0.24052694782816067,0.3380956899708004,0.2222222222222222,-0.2561026962738905,0.5153805744931875,2.2410225921521993,0.023723204994797086,0.17506208911614318,1.1480963712076147,2311,73,0.03158805711813068,0.8352924053171296,0.7598263447722771,0.40754310030453683,0.991483972984688,0.0,1.0,0,[],0,False,True
281,0.09257438844991536,0.28906529708358736,0.7777777777777778,0.16682220491188038,0.4669072889356174,2.3099881093935792,0.024465140478668053,0.17722425127830535,1.1798036882807854,3164,40,0.012642225031605562,0.8690410135664806,0.8869029006876665,0.3475582113154195,0.9970250740199267,0.0,1.0,0,[],0,False,True
282,0.25900905806132474,0.4568000861017338,0.6666666666666666,0.08974710609765106,0.5209310145175998,2.3789536266349582,0.02520707596253902,0.17938641344046752,1.2115110053539562,2658,11,0.004138449962377728,0.8818527856845609,0.9205092144401452,0.31405187211052804,0.9996177380096076,0.0,1.0,0,[],0,False,True
283,-0.10228449942057227,0.5135521540555392,0.5555555555555556,0.5126720072834218,0.4830428214962587,2.4479191438763372,0.025949011446409986,0.18154857560262969,1.243218322427127,3389,20,0.005901445854234287,0.8506171571338021,0.8884857467527134,0.41234772694421706,0.9992491761407666,0.0,1.0,0,[],0,False,True
284,-0.019183163142496167,0.37912385561648065,0.4444444444444444,0.18559690846919255,0.42201876233964997,2.516884661117717,0.026690946930280957,0.18371073776479185,1.2749256395002977,2529,18,0.0071174377224199285,0.8497773781499619,0.878802003929217,0.3306104812139445,0.9993640607281338,0.0,1.0,0,[],0,False,True
285,0.3139181731355799,0.3963222642342731,0.7777777777777778,0.6085218096549633,0.47312866079234833,2.585850178359096,0.027432882414151923,0.185872899926954,1.3066329565734682,1510,3,0.001986754966887417,0.8205013654648918,0.8964525187594462,0.24187274827655894,0.991331294223905,0.0,1.0,0,[],0,False,True
286,0.2828219785494585,0.41723246285063215,0.7777777777777778,0.5314467108407341,0.3688738646945467,2.654815695600475,0.02817481789802289,0.18803506208911616,1.338340273646639,2067,16,0.0077406869859700045,0.849594128316739,0.899987209379351,0.3623448446527909,0.9962007080153253,0.18181818181818182,1.0,0,[],0,False,True
287,0.395537639896405,0.5913803646647496,0.8888888888888888,0.2932145872331164,0.2877190659277441,0.7261593341260404,0.02891675338189386,0.19019722425127833,1.3700475907198095,3807,14,0.0036774363015497765,0.9317623145802081,0.9660857297667005,0.29392915036991746,0.9999644697489068,0.2857142857142857,1.0,1,[2003],1,False,True
288,0.18718064284114777,0.7030790494276742,0.6666666666666666,-0.26823551158111286,0.6458996418793884,0.7951248513674197,0.029658688865764827,0.19235938641344047,1.4017549077929803,1232,14,0.011363636363636364,0.7393172570948803,0.7228704263128596,0.2500102846823821,0.9877440212776785,0.0,1.0,0,[],0,False,True
289,0.322751114921693,0.5704260271337477,0.6666666666666666,0.15468938960465792,0.7694627480442149,0.8640903686087991,0.030400624349635794,0.19452154857560264,1.433462224866151,1913,26,0.013591217982226868,0.8344277285841686,0.8150752967828679,0.2625993306776795,0.9990591650475331,0.0,1.0,0,[],0,False,True
290,0.04969656729611317,0.6197244962803924,0.5555555555555556,-0.5877921364307435,0.6450373549320871,0.9330558858501783,0.031142559833506764,0.1966837107377648,1.4651695419393218,1349,34,0.025203854707190512,0.815590086405719,0.7659176911383574,0.29134724583699984,0.973567210862597,0.0,1.0,0,[],0,False,True
291,-0.060262031822488585,0.7001240130607431,0.4444444444444444,-0.16486723524497263,1.3001605518479076,1.0020214030915575,0.03188449531737773,0.19884587289992697,1.4968768590124926,1369,12,0.008765522279035792,0.7402338589294792,0.6558542695122478,0.28908626714639024,0.9900995147420583,0.0,1.0,0,[],0,False,True
292,-0.26979901287408786,0.7061190886188398,0.3333333333333333,-0.4919423340592019,1.2536446448267378,1.070986920332937,0.0326264308012487,0.20100803506208914,1.5285841760856633,1243,52,0.0418342719227675,0.7096269147374944,0.44565493357216945,0.33875600521324495,0.9685348676379542,0.0,1.0,0,[],0,False,True
293,-0.4136049744263866,0.5323920111946913,0.3333333333333333,-0.06901743287343116,0.21445162796543701,1.1399524375743162,0.03336836628511967,0.20317019722425128,1.560291493158834,2751,17,0.0061795710650672485,0.9016252951352565,0.9197304659075237,0.5329550529516927,0.9985824154264056,0.0,1.0,0,[],0,False,True
294,-0.24717030481497718,0.4864703388645404,0.3333333333333333,-0.14609253168766037,0.0673813685840455,1.2089179548156954,0.03411030176899063,0.20533235938641348,1.5919988102320048,2826,11,0.00389242745930644,0.933076789448537,0.9496262420577259,0.2884575287025286,0.9999323959681287,0.043478260869565216,1.0,1,[2002],1,False,True
295,-0.11159983273443193,0.5492901884060556,0.3333333333333333,0.27683236949811035,0.6803506831952425,1.2778834720570749,0.0348522372528616,0.20749452154857562,1.6237061273051756,1397,4,0.002863278453829635,0.8175024280020861,0.8641365966009831,0.07884558390580101,0.9980924706330192,0.0,1.0,0,[],0,False,True
296,-0.07016516312302251,0.49727801157963886,0.3333333333333333,-0.17524272931611887,0.5677950679308847,1.3468489892984543,0.03559417273673257,0.20965668371073778,0.3561867935752528,1170,41,0.03504273504273504,0.7111862795840469,0.48091447739296045,0.30527879534468866,0.9441790257927075,0.0,1.0,0,[],0,False,True
297,0.045249098325121584,0.4663843014925864,0.4444444444444444,0.2476821718696519,0.7653721874722641,1.4158145065398335,0.03633610822060354,0.21181884587289995,0.38789411064842355,1035,14,0.01352657004830918,0.6828260009042284,0.5963830746539153,0.20315411725548804,0.9413003750517944,0.0,1.0,0,[],0,False,True
298,-0.41956610452546267,0.41956610452546267,0.0,-0.4905499517379659,0.3353713150689864,1.4847800237812128,0.037078043704474505,0.2139810080350621,0.41960142772159426,1237,66,0.05335489086499596,0.8511578146806936,0.8138701725203243,0.44028332210429477,0.9792124791382437,0.0,1.0,2,"[2002, 2003]",2,True,True
299,-0.0864647682473866,0.271490409953765,0.3333333333333333,-0.0676250505521951,0.25437262402826233,1.5537455410225922,0.03781997918834547,0.2161431701972243,0.451308744794765,1698,37,0.021790341578327443,0.8458959903545604,0.8386569162658201,0.3860453736553595,0.9874018937085207,0.0,1.0,0,[],0,False,True
