DELIVERED_FRACTION,I0,M256,REPLACEMENT_EFFICIENCY,ambient_removed_total,arm,axis,block,bound_by,first_failure_time,first_failure_type,fresh_removed_total,incumbent_removed_over_M256,incumbent_removed_total,law,loss,max_global_balance_residual,max_identity_residual,merger,n_events,n_rejected,n_scheduled,planned_sink,quantum,realized_sink,realized_source,reject_causes,same_track_continuous,seed,size,split,terminal_A,terminal_F,terminal_F_over_T,terminal_I,terminal_I_over_I0,terminal_T,terminal_T_over_M256,terminal_area,terminal_boundary_site_turnover,terminal_incumbent_in_frozen_C256,terminal_jaccard_C256_Ct,terminal_mass_in_frozen_C256
,166.11466237515734,166.1146623751574,,0.0,SHAM,+x,LAW_16_L24_S950000,"{""PLANNED"": 0, ""SOURCE"": 0, ""SINK"": 0, ""OTHER"": 0}",,NONE,0.0,0.0,0.0,LAW_16,False,0.0,0.0,False,0,0,0,0.0,2.0764332796894673,0.0,0.0,{},True,950000,24,False,38.67113329202302,0.0,0.0,126.02043903984226,0.7586352537335607,164.6915723318653,0.9914330859001588,232,0.12077294685990338,119.20408206028647,0.8922413793103449,152.69808128246467
0.1546556207818975,166.11466237515734,166.1146623751574,0.7511019965452888,7.787634600985484,PARENT,+x,LAW_16_L24_S950000,"{""PLANNED"": 11, ""SOURCE"": 302, ""SINK"": 3, ""OTHER"": 0}",,NONE,17.789687968689254,0.46464858218493715,77.1849423527464,LAW_16,False,8.526512829121202e-14,1.021405182655144e-14,False,316,4,320,664.4586495006296,2.0764332796894673,102.76226492242112,102.76226492242115,"{""NO_SINK_CAPACITY"": 4}",True,950000,24,False,33.44896234283964,65.42882390792892,0.3922749627650355,67.9154840786442,0.4088470163173329,166.79327032941282,1.0040851779400595,213,0.9178743961352657,64.26794018414776,0.3770491803278688,119.61394225649146
1.0,166.11466237515734,166.1146623751574,0.02824560443334799,9.925375509370697,SRC_SINKSIDE,+x,LAW_16_L24_S950000,"{""PLANNED"": 320, ""SOURCE"": 0, ""SINK"": 0, ""OTHER"": 0}",,NONE,635.7652378151475,0.11298241773339196,18.7680361761114,LAW_16,False,1.1368683772161603e-13,3.1086244689504383e-15,False,320,0,320,664.4586495006296,2.0764332796894673,664.4586495006296,664.4586495006297,{},True,950000,24,False,33.0451882352099,16.628952413526672,0.10129859804558805,114.48363383539831,0.6891843994893463,164.1577744841349,0.9882196558507099,232,0.13043478260869565,108.59614074219252,0.8841201716738197,151.216193193039
,165.32565125826372,165.3256512582638,,0.0,SHAM,-x,LAW_16_L24_S950001,"{""PLANNED"": 0, ""SOURCE"": 0, ""SINK"": 0, ""OTHER"": 0}",,NONE,0.0,0.0,0.0,LAW_16,False,0.0,0.0,False,0,0,0,0.0,2.0665706407282975,0.0,0.0,{},True,950001,24,False,37.69016857725285,0.0,0.0,124.19570450522578,0.7512186013482763,161.8858730824786,0.9791939233288623,229,0.0947867298578199,119.23208943658398,0.9130434782608695,153.30446090038322
0.15983536523911002,165.32565125826372,165.3256512582638,0.7347612669851675,7.506269198952515,PARENT,-x,LAW_16_L24_S950001,"{""PLANNED"": 12, ""SOURCE"": 272, ""SINK"": 13, ""OTHER"": 0}",,NONE,20.529343775105605,0.46976334188850016,77.66393043497473,LAW_16,False,8.526512829121202e-14,8.881784197001252e-15,False,297,23,320,661.3026050330527,2.0665706407282975,105.6995434090329,105.6995434090329,"{""NO_SINK_CAPACITY"": 23}",True,950001,24,False,32.134485947347244,64.99337125125437,0.3962104672376963,66.90963455262778,0.4047141749836799,164.03749175122945,0.9922083506265942,210,0.8957345971563981,63.42559472696259,0.380327868852459,119.33961902857506
0.9999999999999998,165.32565125826372,165.3256512582638,0.02808216035539444,9.711271533443043,SRC_SINKSIDE,-x,LAW_16_L24_S950001,"{""PLANNED"": 320, ""SOURCE"": 0, ""SINK"": 0, ""OTHER"": 0}",,NONE,633.0205277016338,0.11232864142157732,18.57080579797826,LAW_16,False,5.684341886080802e-14,2.9976021664879227e-15,False,320,0,320,661.3026050330527,2.0665706407282975,661.3026050330526,661.3026050330526,{},True,950001,24,False,31.757981697372053,16.984852518293156,0.10515663649331367,112.77671495109738,0.6821489230060437,161.51954916676257,0.976978151529822,228,0.10900473933649289,108.91545451264301,0.9004329004329005,152.94531263232986
,166.50246015712943,166.5024601571295,,0.0,SHAM,+y,LAW_16_L24_S950002,"{""PLANNED"": 0, ""SOURCE"": 0, ""SINK"": 0, ""OTHER"": 0}",,NONE,0.0,0.0,0.0,LAW_16,False,0.0,0.0,False,0,0,0,0.0,2.0812807519641185,0.0,0.0,{},True,950002,24,False,38.54321141361526,0.0,0.0,125.33608741312004,0.7527581712296597,163.87929882673538,0.9842455100788384,232,0.0892018779342723,120.09859954420882,0.9181034482758621,154.70075035694438
0.15578236801137896,166.50246015712943,166.5024601571295,0.7293883216399941,7.1254012829510645,PARENT,+y,LAW_16_L24_S950002,"{""PLANNED"": 13, ""SOURCE"": 212, ""SINK"": 22, ""OTHER"": 0}",,NONE,20.951261256040322,0.4545033597796934,75.6759275529999,LAW_16,False,5.684341886080802e-14,8.215650382226158e-15,False,247,73,320,666.0098406285165,2.0812807519641185,103.75259009199141,103.75259009199141,"{""NO_SINK_CAPACITY"": 73}",True,950002,24,False,35.31810575327776,63.93541574483919,0.37448516503857826,71.47531294917754,0.4292748160100807,170.7288344472945,1.0253832543145402,221,0.8732394366197183,66.48073079818074,0.4,122.12905758110512
1.0,166.50246015712943,166.5024601571295,0.02502184680053101,9.12419811356894,SRC_SINKSIDE,+y,LAW_16_L24_S950002,"{""PLANNED"": 320, ""SOURCE"": 0, ""SINK"": 0, ""OTHER"": 0}",,NONE,640.2208463150957,0.10008738720212382,16.664796199852812,LAW_16,False,8.526512829121202e-14,3.1086244689504383e-15,False,320,0,320,666.0098406285165,2.0812807519641185,666.0098406285165,666.0098406285165,{},True,950002,24,False,33.476585331278585,15.917721360817861,0.09623476672391032,116.01079483929198,0.6967512355662003,165.40510153138837,0.9934093548845733,234,0.107981220657277,111.1502468187447,0.902127659574468,155.06891809536395
,171.18151079102523,171.1815107910253,,0.0,SHAM,-y,LAW_16_L24_S950003,"{""PLANNED"": 0, ""SOURCE"": 0, ""SINK"": 0, ""OTHER"": 0}",,NONE,0.0,0.0,0.0,LAW_16,False,0.0,0.0,False,0,0,0,0.0,2.139768884887816,0.0,0.0,{},True,950003,24,False,35.572239175849845,0.0,0.0,128.41331630898614,0.7501587976154177,163.98555548483597,0.9579630108827933,230,0.06422018348623854,125.05185110063928,0.9393939393939394,158.26407385170634
0.15084293562287812,171.18151079102523,171.1815107910253,0.745474512602521,6.943510349333328,PARENT,-y,LAW_16_L24_S950003,"{""PLANNED"": 12, ""SOURCE"": 215, ""SINK"": 18, ""OTHER"": 0}",,NONE,19.345431145301262,0.44979825565199677,76.99714495367664,LAW_16,False,8.526512829121202e-14,8.215650382226158e-15,False,245,75,320,684.7260431641054,2.139768884887816,103.28608644831121,103.28608644831121,"{""NO_SINK_CAPACITY"": 75}",True,950003,24,False,32.29145213948012,64.52337537160659,0.3780970066701243,73.83813782143403,0.4313441181832661,170.65296533252075,0.9969123683039006,222,0.8715596330275229,70.0271483528539,0.3968253968253968,124.14142300374485
1.0,171.18151079102523,171.1815107910253,0.02857151540435457,9.566364489058433,SRC_SINKSIDE,-y,LAW_16_L24_S950003,"{""PLANNED"": 320, ""SOURCE"": 0, ""SINK"": 0, ""OTHER"": 0}",,NONE,655.5960179850167,0.11428606161741897,19.563660690025987,LAW_16,False,8.526512829121202e-14,3.552713678800501e-15,False,320,0,320,684.7260431641054,2.139768884887816,684.7260431641054,684.7260431641054,{},True,950003,24,False,29.97267298679001,17.41442836819766,0.1062223545924042,116.55605764407801,0.6808916284561081,163.94315899906573,0.9577153411106648,231,0.06880733944954129,113.66782532621268,0.9353448275862069,157.37909267979092
,165.38829733000205,165.38829733000193,,0.0,SHAM,+x,LAW_16_L24_S950004,"{""PLANNED"": 0, ""SOURCE"": 0, ""SINK"": 0, ""OTHER"": 0}",,NONE,0.0,0.0,0.0,LAW_16,False,0.0,0.0,False,0,0,0,0.0,2.067353716625024,0.0,0.0,{},True,950004,24,False,36.780997477041616,0.0,0.0,124.18629825463368,0.7508771797005848,160.96729573167525,0.9732689575399317,227,0.0861244019138756,119.29617135950078,0.920704845814978,152.3875819917264
0.15449896223539575,165.38829733000205,165.38829733000193,0.735457812366808,6.834044681713467,PARENT,+x,LAW_16_L24_S950004,"{""PLANNED"": 12, ""SOURCE"": 236, ""SINK"": 21, ""OTHER"": 0}",,NONE,20.20462216691062,0.45450987511434315,75.17061436483303,LAW_16,False,8.526512829121202e-14,1.1879386363489175e-14,False,269,51,320,661.553189320005,2.067353716625024,102.20928121345707,102.20928121345707,"{""NO_SINK_CAPACITY"": 51}",True,950004,24,False,33.031601911125534,62.771433552428995,0.3782067152463072,70.16819408362338,0.42426335609233345,165.97122954717787,1.0035246279609058,215,0.8803827751196173,65.64834871179828,0.39473684210526316,119.653779937516
1.0,165.38829733000205,165.38829733000193,0.023322215873841673,10.56318151986374,SRC_SINKSIDE,+x,LAW_16_L24_S950004,"{""PLANNED"": 320, ""SOURCE"": 0, ""SINK"": 0, ""OTHER"": 0}",,NONE,635.5611215067951,0.0932888634953663,15.428886293349606,LAW_16,False,1.4210854715202004e-13,2.9976021664879227e-15,False,320,0,320,661.553189320005,2.067353716625024,661.553189320005,661.553189320005,{},True,950004,24,False,30.78778036692809,15.71648044916597,0.09702441007494056,115.48054730617895,0.6982389272425888,161.98480812227294,0.9794212210738348,227,0.0861244019138756,111.65926387577882,0.920704845814978,153.23435969335182
,165.4704665628719,165.47046656287193,,0.0,SHAM,-x,LAW_16_L24_S950005,"{""PLANNED"": 0, ""SOURCE"": 0, ""SINK"": 0, ""OTHER"": 0}",,NONE,0.0,0.0,0.0,LAW_16,False,0.0,0.0,False,0,0,0,0.0,2.068380832035899,0.0,0.0,{},True,950005,24,False,35.74129218804277,0.0,0.0,122.78000595685873,0.7420055584976998,158.52129814490152,0.9580035727080638,223,0.06635071090047394,119.41193743362861,0.9375,152.77844597090436
0.15894954726432722,165.4704665628719,165.47046656287193,0.739017517064612,7.024051793295895,PARENT,-x,LAW_16_L24_S950005,"{""PLANNED"": 12, ""SOURCE"": 258, ""SINK"": 20, ""OTHER"": 0}",,NONE,20.432825108105696,0.46986599903131315,77.74894608174132,LAW_16,False,1.1368683772161603e-13,7.216449660063518e-15,False,290,30,320,661.8818662514933,2.068380832035899,105.20582298314285,105.20582298314285,"{""NO_SINK_CAPACITY"": 30}",True,950005,24,False,31.938713384616857,65.23505893066549,0.3980114352040419,66.72870173605361,0.4032665352442182,163.90247405133601,0.9905240340218648,212,0.9052132701421801,63.234718899811035,0.3778501628664495,118.46385453630435
0.9999999999999994,165.4704665628719,165.47046656287193,0.02969909569295678,10.943775138381612,SRC_SINKSIDE,-x,LAW_16_L24_S950005,"{""PLANNED"": 320, ""SOURCE"": 0, ""SINK"": 0, ""OTHER"": 0}",,NONE,631.2807982298705,0.11879638277182807,19.65729288323591,LAW_16,False,5.115907697472721e-13,3.3306690738754696e-15,False,320,0,320,661.8818662514933,2.068380832035899,661.881866251493,661.8818662514925,{},True,950005,24,False,29.47867683213135,17.70575587620843,0.1117612405848787,111.24040029771064,0.6722673997866798,158.4248330060504,0.9574205977467013,222,0.061611374407582936,108.72088253809574,0.9417040358744395,152.9382621701133
,162.94268207312288,162.94268207312285,,0.0,SHAM,+y,LAW_16_L24_S950006,"{""PLANNED"": 0, ""SOURCE"": 0, ""SINK"": 0, ""OTHER"": 0}",,NONE,0.0,0.0,0.0,LAW_16,False,0.0,0.0,False,0,0,0,0.0,2.0367835259140357,0.0,0.0,{},True,950006,24,False,37.795806856964695,0.0,0.0,121.79130315032901,0.7474487445571407,159.58711000729372,0.9794064267070105,227,0.08095238095238096,117.1909587362878,0.9251101321585903,151.53899895436922
0.15029059355040875,162.94268207312288,162.94268207312285,0.7476794960341141,6.446305083578938,PARENT,+y,LAW_16_L24_S950006,"{""PLANNED"": 13, ""SOURCE"": 185, ""SINK"": 24, ""OTHER"": 0}",,NONE,18.26975230817343,0.44947678097775057,73.23895222210828,LAW_16,False,8.526512829121202e-14,7.993605777301127e-15,False,222,98,320,651.7707282924923,2.0367835259140357,97.95500961386085,97.95500961386085,"{""NO_SINK_CAPACITY"": 98}",True,950006,24,False,34.582217533787244,61.335574317828076,0.36901839416879406,70.29499126990117,0.431409317531396,166.21278312151657,1.0200690267693409,218,0.8571428571428571,65.41918012262022,0.40789473684210525,120.07065332439404
1.0,162.94268207312288,162.94268207312285,0.02855780870578796,7.12333827054122,SRC_SINKSIDE,+y,LAW_16_L24_S950006,"{""PLANNED"": 320, ""SOURCE"": 0, ""SINK"": 0, ""OTHER"": 0}",,NONE,626.0342462433414,0.114231234823152,18.613143778609096,LAW_16,False,1.7053025658242404e-13,3.219646771412954e-15,False,320,0,320,651.7707282924923,2.0367835259140357,651.7707282924923,651.7707282924924,{},True,950006,24,False,33.66480692355031,16.47540064003796,0.10333373398973138,109.29853527401383,0.6707790364280646,159.43874283760206,0.9784958784835249,230,0.11428571428571428,105.25125554091294,0.896551724137931,148.9056573157395
,166.3820048673079,166.3820048673079,,0.0,SHAM,-y,LAW_16_L24_S950007,"{""PLANNED"": 0, ""SOURCE"": 0, ""SINK"": 0, ""OTHER"": 0}",,NONE,0.0,0.0,0.0,LAW_16,False,0.0,0.0,False,0,0,0,0.0,2.0797750608413486,0.0,0.0,{},True,950007,24,False,38.33253994979639,0.0,0.0,125.2450497438142,0.7527559836996734,163.57758969361063,0.9831447206328964,230,0.09004739336492891,119.96219136713546,0.9173913043478261,154.37941616362332
0.14780973851248497,166.3820048673079,166.3820048673079,0.7522775091515652,6.6110280066250935,PARENT,-y,LAW_16_L24_S950007,"{""PLANNED"": 13, ""SOURCE"": 185, ""SINK"": 25, ""OTHER"": 0}",,NONE,17.757810583178223,0.444775767666068,74.00268394067633,LAW_16,False,5.684341886080802e-14,7.993605777301127e-15,False,223,97,320,665.5280194692353,2.0797750608413486,98.37152253047968,98.37152253047968,"{""NO_SINK_CAPACITY"": 97}",True,950007,24,False,35.062736795336775,62.149756307507836,0.3656124700830943,72.77557183756286,0.4374004983027008,169.98806494040753,1.021673377935165,221,0.8530805687203792,67.77120219381275,0.4117647058823529,122.23472531450814
1.0,166.3820048673079,166.3820048673079,0.03168892496024718,8.97108616530566,SRC_SINKSIDE,-y,LAW_16_L24_S950007,"{""PLANNED"": 320, ""SOURCE"": 0, ""SINK"": 0, ""OTHER"": 0}",,NONE,635.4670658360233,0.12675569984098942,21.089867467902522,LAW_16,False,1.1368683772161603e-13,3.219646771412954e-15,False,320,0,320,665.5280194692353,2.0797750608413486,665.5280194692353,665.5280194692353,{},True,950007,24,False,33.50551666582457,18.65673500346868,0.11395391126130247,111.5595091458119,0.6705022531419924,163.72176081510514,0.9840112273299968,237,0.12322274881516587,106.57828610533379,0.890295358649789,150.36826763520747
,163.4881442588619,163.48814425886192,,0.0,SHAM,+x,LAW_16_L24_S950008,"{""PLANNED"": 0, ""SOURCE"": 0, ""SINK"": 0, ""OTHER"": 0}",,NONE,0.0,0.0,0.0,LAW_16,False,0.0,0.0,False,0,0,0,0.0,2.043601803235774,0.0,0.0,{},True,950008,24,False,37.45712723546284,0.0,0.0,121.89497518859977,0.7455890807323323,159.35210242406265,0.9747012735782823,225,0.09569377990430622,117.39329134675887,0.9118942731277533,151.44711098328503
0.16732563313638465,163.4881442588619,163.48814425886192,0.7063868142890609,8.264090508937267,PARENT,+x,LAW_16_L24_S950008,"{""PLANNED"": 12, ""SOURCE"": 238, ""SINK"": 23, ""OTHER"": 0}",,NONE,23.86395362402203,0.472786483760446,77.29498486066788,LAW_16,False,1.1368683772161603e-13,8.659739592076221e-15,False,273,47,320,653.9525770354512,2.043601803235774,109.42302899362723,109.42302899362723,"{""NO_SINK_CAPACITY"": 47}",True,950008,24,False,33.37430634783938,65.75201722599964,0.3961941102711772,66.83277455862768,0.4087927896031825,165.95909813246672,1.0151139636748971,216,0.8947368421052632,62.47805070712955,0.3888888888888889,118.32819637409219
1.0,163.4881442588619,163.48814425886192,0.023571479662258168,9.361965226126525,SRC_SINKSIDE,+x,LAW_16_L24_S950008,"{""PLANNED"": 320, ""SOURCE"": 0, ""SINK"": 0, ""OTHER"": 0}",,NONE,629.1759819396482,0.09428591864903318,15.414629869672456,LAW_16,False,2.2737367544323206e-13,3.1086244689504383e-15,False,320,0,320,653.9525770354512,2.043601803235774,653.9525770354512,653.9525770354511,{},True,950008,24,False,31.859746503149626,13.386098717035777,0.08486026849160966,112.49698254802148,0.6881048351120639,157.7428277682069,0.9648579013683214,222,0.08133971291866028,109.08871348106015,0.9241071428571429,151.19737209762997
,295.64059786421444,295.64059786421444,,0.0,SHAM,+x,LAW_16_L32_S950000,"{""PLANNED"": 0, ""SOURCE"": 0, ""SINK"": 0, ""OTHER"": 0}",,NONE,0.0,0.0,0.0,LAW_16,False,0.0,0.0,False,0,0,0,0.0,3.6955074733026807,0.0,0.0,{},True,950000,32,False,55.38156850704343,0.0,0.0,240.59732396715862,0.8138169307777655,295.97889247420204,1.0011442765724041,405,0.09164420485175202,231.5229193469085,0.9160493827160494,279.65462148904487
0.1114205685422883,295.64059786421444,295.64059786421444,0.8710435195169979,6.937406860066788,PARENT,+x,LAW_16_L32_S950000,"{""PLANNED"": 12, ""SOURCE"": 308, ""SINK"": 0, ""OTHER"": 0}",,NONE,10.054127776247924,0.38820865667863835,114.77023935653621,LAW_16,False,2.8421709430404007e-13,9.769962616701378e-15,False,320,0,320,1182.5623914568564,3.6955074733026807,131.76177399285103,131.76177399285103,{},True,950000,32,False,52.41318751870314,101.09596892219757,0.3373738302474001,146.1464773350289,0.49433832291921187,299.65563377592963,1.0135808002714135,362,0.7681940700808625,146.71463170237848,0.4400785854616896,232.92103950527854
1.0,295.64059786421444,295.64059786421444,0.02643214446330359,13.096214897458664,SRC_SINKSIDE,+x,LAW_16_L32_S950000,"{""PLANNED"": 320, ""SOURCE"": 0, ""SINK"": 0, ""OTHER"": 0}",,NONE,1138.208516591541,0.10572857785321424,31.2576599678574,LAW_16,False,2.2737367544323206e-13,3.219646771412954e-15,False,320,0,320,1182.5623914568564,3.6955074733026807,1182.5623914568564,1182.5623914568564,{},True,950000,32,False,48.660085216409875,26.580483552303637,0.08977912498232904,220.82473101601258,0.7469364241965027,296.06529978472605,1.0014365480369738,409,0.1293800539083558,212.30969172692812,0.8840579710144928,276.5441250695907
,292.47336264616234,292.4733626461623,,0.0,SHAM,-x,LAW_16_L32_S950001,"{""PLANNED"": 0, ""SOURCE"": 0, ""SINK"": 0, ""OTHER"": 0}",,NONE,0.0,0.0,0.0,LAW_16,False,0.0,0.0,False,0,0,0,0.0,3.6559170330770288,0.0,0.0,{},True,950001,32,False,50.807157934860165,0.0,0.0,234.89846423748577,0.8031448132993522,285.70562217234607,0.9768603184488841,390,0.056910569105691054,229.18169891589542,0.9461538461538461,275.7588830185399
0.12607554164845683,292.47336264616234,292.4733626461623,0.8242973334260917,7.071406366497992,PARENT,-x,LAW_16_L32_S950001,"{""PLANNED"": 12, ""SOURCE"": 308, ""SINK"": 0, ""OTHER"": 0}",,NONE,18.843849734358166,0.4156949311642903,121.57969435258495,LAW_16,False,2.8421709430404007e-13,9.103828801926284e-15,False,320,0,320,1169.893450584643,3.6559170330770288,147.49495045344102,147.49495045344102,{},True,950001,32,False,45.911578460388945,103.75346225447272,0.3598655612401263,138.64668852349533,0.47404894336046494,288.31172923835715,0.9857708976634568,350,0.7615176151761518,137.7779662729399,0.438,226.74632703895807
1.0,292.47336264616234,292.4733626461623,0.026097362872098854,11.651335039574835,SRC_SINKSIDE,-x,LAW_16_L32_S950001,"{""PLANNED"": 320, ""SOURCE"": 0, ""SINK"": 0, ""OTHER"": 0}",,NONE,1127.7109816434752,0.10438945148839486,30.531133901599276,LAW_16,False,1.7053025658242404e-13,3.885780586188048e-15,False,320,0,320,1169.893450584643,3.6559170330770288,1169.893450584643,1169.893450584643,{},True,950001,32,False,43.55610280354704,26.9043953061022,0.09407980271857892,215.5136911281979,0.7368660488542639,285.974189237847,0.977778580074733,387,0.05962059620596206,211.02885985799975,0.9434447300771208,277.1273428603777
,293.4119394966929,293.4119394966925,,0.0,SHAM,+y,LAW_16_L32_S950002,"{""PLANNED"": 0, ""SOURCE"": 0, ""SINK"": 0, ""OTHER"": 0}",,NONE,0.0,0.0,0.0,LAW_16,False,0.0,0.0,False,0,0,0,0.0,3.6676492437086567,0.0,0.0,{},True,950002,32,False,53.952201482142755,0.0,0.0,237.46532267408242,0.8093239937046219,291.4175241562252,0.9932026783099268,398,0.07277628032345014,230.2502982734637,0.9321608040201005,278.554185586224
0.10133831186257566,293.4119394966929,293.4119394966925,0.9196753921466772,5.780537947101356,PARENT,+y,LAW_16_L32_S950002,"{""PLANNED"": 11, ""SOURCE"": 309, ""SINK"": 0, ""OTHER"": 0}",,NONE,3.77290804581596,0.3727934068067848,109.38203652275823,LAW_16,False,1.7053025658242404e-13,8.215650382226158e-15,False,320,0,320,1173.6477579867658,3.6676492437086567,118.9354825156756,118.9354825156756,{},True,950002,32,False,48.605106068405505,96.76421142529871,0.33583705623334503,142.75913536548651,0.48654848746226825,288.12845285919065,0.9819929391879384,349,0.7547169811320755,147.74781895558968,0.44,230.82072487725745
1.0,293.4119394966929,293.4119394966925,0.023431908798198224,11.71755010565026,SRC_SINKSIDE,+y,LAW_16_L32_S950002,"{""PLANNED"": 320, ""SOURCE"": 0, ""SINK"": 0, ""OTHER"": 0}",,NONE,1134.429400654764,0.09372763519279255,27.500807226355718,LAW_16,False,2.2737367544323206e-13,3.6637359812630166e-15,False,320,0,320,1173.6477579867658,3.6676492437086567,1173.6477579867658,1173.6477579867658,{},True,950002,32,False,47.987375242655894,25.758251250600203,0.08779199135513538,219.65529599411664,0.7486242597043069,293.40092248737307,0.9999624520756096,406,0.09433962264150944,212.96551494521464,0.9137931034482759,275.8887756154743
,294.3987311456302,294.3987311456302,,0.0,SHAM,-y,LAW_16_L32_S950003,"{""PLANNED"": 0, ""SOURCE"": 0, ""SINK"": 0, ""OTHER"": 0}",,NONE,0.0,0.0,0.0,LAW_16,False,0.0,0.0,False,0,0,0,0.0,3.6799841393203776,0.0,0.0,{},True,950003,32,False,53.957822446237415,0.0,0.0,238.70287452786224,0.8108148890417027,292.66069697409984,0.9940963258748876,399,0.08130081300813008,230.6396271664885,0.924812030075188,278.2148959473954
0.10046473487348126,294.3987311456302,294.3987311456302,0.9252842683038458,6.1654949323284765,PARENT,-y,LAW_16_L32_S950003,"{""PLANNED"": 11, ""SOURCE"": 309, ""SINK"": 0, ""OTHER"": 0}",,NONE,2.6738813466270925,0.371833754790995,109.46738560758433,LAW_16,False,1.1368683772161603e-13,8.215650382226158e-15,False,320,0,320,1177.5949245825182,3.6799841393203776,118.30676188653985,118.30676188653985,{},True,950003,32,False,51.27510397282702,98.33824505698495,0.3330076404761314,145.68992063806058,0.49487278722676337,295.3032696678724,1.0030724946358371,359,0.7750677506775068,149.2933445654275,0.4358974358974359,231.17053663306493
1.0,294.3987311456302,294.3987311456302,0.022808594352427415,13.091465795237378,SRC_SINKSIDE,-y,LAW_16_L32_S950003,"{""PLANNED"": 320, ""SOURCE"": 0, ""SINK"": 0, ""OTHER"": 0}",,NONE,1137.6441738410037,0.09123437740970945,26.859284946280013,LAW_16,False,1.7053025658242404e-13,3.6637359812630166e-15,False,320,0,320,1177.5949245825182,3.6799841393203776,1177.5949245825182,1177.5949245825182,{},True,950003,32,False,46.58325500924607,24.664455239873675,0.08399240408075943,222.40331105226582,0.7554492853511979,293.6510213013856,0.9974602137674473,401,0.0975609756097561,215.16478847710948,0.9106699751861043,277.7326684082207
,296.7434660939178,296.74346609391785,,0.0,SHAM,+x,LAW_16_L32_S950004,"{""PLANNED"": 0, ""SOURCE"": 0, ""SINK"": 0, ""OTHER"": 0}",,NONE,0.0,0.0,0.0,LAW_16,False,0.0,0.0,False,0,0,0,0.0,3.709293326173973,0.0,0.0,{},True,950004,32,False,51.36232878329663,0.0,0.0,238.9705361182648,0.8053101868218788,290.33286490156144,0.9783968244465828,394,0.05630026809651475,233.19611722937293,0.9467005076142132,280.2158364055883
0.09889132309623533,296.7434660939178,296.74346609391785,0.926426942793164,5.792468334931294,PARENT,+x,LAW_16_L32_S950004,"{""PLANNED"": 11, ""SOURCE"": 309, ""SINK"": 0, ""OTHER"": 0}",,NONE,2.843641294214835,0.3664623444992675,108.74530629961603,LAW_16,False,1.7053025658242404e-13,1.1546319456101628e-14,False,320,0,320,1186.9738643756789,3.709293326173973,117.38141592876228,117.38141592876231,{},True,950004,32,False,48.46938538556167,96.7668337847276,0.33148853902439657,146.67985753487204,0.4942985248020545,291.9160767051613,0.9837321122776509,353,0.7560321715817694,151.25915652135987,0.44047619047619047,233.13331208322347
1.0,296.7434660939178,296.74346609391785,0.0224701827279265,12.97583668707067,SRC_SINKSIDE,+x,LAW_16_L32_S950004,"{""PLANNED"": 320, ""SOURCE"": 0, ""SINK"": 0, ""OTHER"": 0}",,NONE,1147.3265080628053,0.08988073091170656,26.67151962579455,LAW_16,False,2.2737367544323206e-13,3.4416913763379853e-15,False,320,0,320,1186.9738643756789,3.709293326173973,1186.9738643756789,1186.9738643756789,{},True,950004,32,False,44.47165611824236,24.889555145924486,0.08513419697679105,222.99551528967356,0.7514757383709221,292.3567265538404,0.9852170644300251,399,0.07506702412868632,217.49969442756947,0.93,279.5843963531938
,296.9059103853204,296.9059103853203,,0.0,SHAM,-x,LAW_16_L32_S950005,"{""PLANNED"": 0, ""SOURCE"": 0, ""SINK"": 0, ""OTHER"": 0}",,NONE,0.0,0.0,0.0,LAW_16,False,0.0,0.0,False,0,0,0,0.0,3.7113238798165034,0.0,0.0,{},True,950005,32,False,51.27599762097488,0.0,0.0,239.53153986149277,0.8067590825343693,290.8075374824677,0.9794602509093261,393,0.056451612903225805,233.81175356605698,0.9465648854961832,280.8575116655874
0.098812531686906,296.9059103853204,296.9059103853203,0.9251799517963436,5.892801689530633,PARENT,-x,LAW_16_L32_S950005,"{""PLANNED"": 11, ""SOURCE"": 309, ""SINK"": 0, ""OTHER"": 0}",,NONE,2.8874879928954194,0.3656774932118665,108.57180902949099,LAW_16,False,1.7053025658242404e-13,1.0547118733938987e-14,False,320,0,320,1187.6236415412843,3.7113238798165034,117.35209871191685,117.35209871191685,{},True,950005,32,False,46.93156455794307,96.23719929312797,0.3318519039746834,146.83167954090013,0.494539429512683,290.00044339197103,0.976741901215818,351,0.75,151.58518942932938,0.4431137724550898,232.51687190460368
1.0,296.9059103853204,296.9059103853203,0.026824883446725067,12.379468693074877,SRC_SINKSIDE,-x,LAW_16_L32_S950005,"{""PLANNED"": 320, ""SOURCE"": 0, ""SINK"": 0, ""OTHER"": 0}",,NONE,1143.3863070852858,0.10729953378690055,31.85786576292014,LAW_16,False,2.2737367544323206e-13,3.6637359812630166e-15,False,320,0,320,1187.6236415412843,3.7113238798165034,1187.6236415412843,1187.6236415412845,{},True,950005,32,False,45.578122634801765,29.10811434384153,0.0990535608011487,219.17613514017876,0.7382006469852183,293.8623721188221,0.9897491489389743,408,0.0967741935483871,212.949431319464,0.9117647058823529,275.87796306738767
,295.34188222609265,295.34188222609265,,0.0,SHAM,+y,LAW_16_L32_S950006,"{""PLANNED"": 0, ""SOURCE"": 0, ""SINK"": 0, ""OTHER"": 0}",,NONE,0.0,0.0,0.0,LAW_16,False,0.0,0.0,False,0,0,0,0.0,3.6917735278261583,0.0,0.0,{},True,950006,32,False,52.71531777709062,0.0,0.0,239.07095572650516,0.8094719039661619,291.7862735035957,0.987961041300011,398,0.08064516129032258,231.95768263130452,0.925,279.2166646050308
0.12511269604576483,295.34188222609265,295.34188222609265,0.826229690866178,7.215468775875009,PARENT,+y,LAW_16_L32_S950006,"{""PLANNED"": 12, ""SOURCE"": 308, ""SINK"": 0, ""OTHER"": 0}",,NONE,18.468491299568733,0.4134872967093068,122.12011648670551,LAW_16,False,2.8421709430404007e-13,8.881784197001252e-15,False,320,0,320,1181.3675289043742,3.6917735278261583,147.80407656214928,147.80407656214928,{},True,950006,32,False,49.74926345789744,105.0556565737399,0.3547565315983017,141.32960383583756,0.4785288248676011,296.1345238674749,1.0026838104890774,360,0.7741935483870968,140.75446666955244,0.43529411764705883,230.1334691393521
1.0,295.34188222609265,295.34188222609265,0.024012521036371033,14.826800983979673,SRC_SINKSIDE,+y,LAW_16_L32_S950006,"{""PLANNED"": 320, ""SOURCE"": 0, ""SINK"": 0, ""OTHER"": 0}",,NONE,1138.1731152808889,0.09605008414548444,28.367612639501953,LAW_16,False,1.1368683772161603e-13,3.774758283725532e-15,False,320,0,320,1181.3675289043742,3.6917735278261583,1181.3675289043742,1181.3675289043742,{},True,950006,32,False,43.466506668094006,27.09048218721326,0.0930449283541704,220.59786145630585,0.7469237339234938,291.15485031161325,0.9858231014073577,396,0.08064516129032258,215.7427001379952,0.924812030075188,278.97681415852514
,297.30757617490076,297.3075761749004,,0.0,SHAM,-y,LAW_16_L32_S950007,"{""PLANNED"": 0, ""SOURCE"": 0, ""SINK"": 0, ""OTHER"": 0}",,NONE,0.0,0.0,0.0,LAW_16,False,0.0,0.0,False,0,0,0,0.0,3.7163447021862552,0.0,0.0,{},True,950007,32,False,55.060602302520174,0.0,0.0,242.79640499734666,0.816650581600093,297.8570072998667,1.001848022616965,405,0.0975609756097561,233.0041641258733,0.9111111111111111,280.49659142749476
0.09262979925348057,297.30757617490076,297.3075761749004,0.9308983182941787,5.772513500141911,PARENT,-y,LAW_16_L32_S950007,"{""PLANNED"": 10, ""SOURCE"": 310, ""SINK"": 0, ""OTHER"": 0}",,NONE,1.8396009128663828,0.3449156973959683,102.54604997747074,LAW_16,False,2.2737367544323206e-13,1.0325074129013956e-14,False,320,0,320,1189.2303046995967,3.7163447021862552,110.15816439047917,110.15816439047917,{},True,950007,32,False,49.87785252062126,92.41945889788083,0.31309064979757334,152.8870352160396,0.5142386116864337,295.18434663454184,0.9928584748236973,359,0.7479674796747967,157.04662114156505,0.450199203187251,234.6560778676495
1.0,297.30757617490076,297.3075761749004,0.023774299177623703,13.820361520940102,SRC_SINKSIDE,-y,LAW_16_L32_S950007,"{""PLANNED"": 320, ""SOURCE"": 0, ""SINK"": 0, ""OTHER"": 0}",,NONE,1147.136826123636,0.09509719671049441,28.273117055024805,LAW_16,False,1.7053025658242404e-13,3.9968028886505635e-15,False,320,0,320,1189.2303046995967,3.7163447021862552,1189.2303046995967,1189.2303046995967,{},True,950007,32,False,46.494839575525695,26.675190247697344,0.08966985287408072,224.31222750975257,0.7544786796075243,297.4822573329756,1.0005875435813734,404,0.0948509485094851,216.53053991107944,0.9133663366336634,280.44924513388895
,295.5060712445269,295.5060712445269,,0.0,SHAM,+x,LAW_16_L32_S950008,"{""PLANNED"": 0, ""SOURCE"": 0, ""SINK"": 0, ""OTHER"": 0}",,NONE,0.0,0.0,0.0,LAW_16,False,0.0,0.0,False,0,0,0,0.0,3.693825890556586,0.0,0.0,{},True,950008,32,False,51.6979781243887,0.0,0.0,237.69862758427408,0.8043781523107253,289.39660570866266,0.9793254144994918,393,0.06149732620320856,232.50007691009665,0.9417721518987342,280.25453462721686
0.10120762898909896,295.5060712445269,295.5060712445269,0.9279015920753874,5.808472655860321,PARENT,+x,LAW_16_L32_S950008,"{""PLANNED"": 11, ""SOURCE"": 309, ""SINK"": 0, ""OTHER"": 0}",,NONE,2.816650892780931,0.37564288027663983,111.00475174152801,LAW_16,False,1.7053025658242404e-13,9.547918011776346e-15,False,320,0,320,1182.0242849781064,3.693825890556586,119.62987529016917,119.62987529016917,{},True,950008,32,False,48.45447814314521,98.77002212396268,0.33952569218068823,143.6813852038492,0.48622143226612424,290.90588547095695,0.9844328552905997,354,0.7754010695187166,148.5205461731274,0.4302554027504912,231.39390773786351
1.0,295.5060712445269,295.5060712445269,0.022617393963967242,13.75179695473021,SRC_SINKSIDE,+x,LAW_16_L32_S950008,"{""PLANNED"": 320, ""SOURCE"": 0, ""SINK"": 0, ""OTHER"": 0}",,NONE,1141.5381790950519,0.09046957585586889,26.73430892832652,LAW_16,False,2.2737367544323206e-13,3.6637359812630166e-15,False,320,0,320,1182.0242849781064,3.693825890556586,1182.0242849781064,1182.0242849781064,{},True,950008,32,False,43.73335220198973,25.6549412724492,0.08834660493638798,221.0013744807863,0.7478742265769251,290.3896679552256,0.9826859621944365,395,0.06684491978609626,216.81881788996895,0.9370277078085643,279.7237155853505
,464.5925168044161,464.5925168044159,,0.0,SHAM,+x,LAW_16_L40_S950000,"{""PLANNED"": 0, ""SOURCE"": 0, ""SINK"": 0, ""OTHER"": 0}",,NONE,0.0,0.0,0.0,LAW_16,False,0.0,0.0,False,0,0,0,0.0,5.807406460055199,0.0,0.0,{},True,950000,40,False,67.71367481401774,0.0,0.0,394.17143970979237,0.8484239961956392,461.88511452381,0.9941725228395238,614,0.06782608695652174,383.4479551650148,0.9364820846905537,442.9186364752149
0.07978554549564265,464.5925168044161,464.5925168044159,0.9620428686218281,5.013902965534403,PARENT,+x,LAW_16_L40_S950000,"{""PLANNED"": 10, ""SOURCE"": 310, ""SINK"": 0, ""OTHER"": 0}",,NONE,0.614041500795139,0.30702846025274344,142.64312507940664,LAW_16,False,2.2737367544323206e-13,1.2656542480726785e-14,False,320,0,320,1858.370067217674,5.807406460055199,148.27106954573622,148.27106954573622,{},True,950000,40,False,67.23386743829698,130.6223092936186,0.2828128754139214,264.0121491087709,0.5682660386454623,461.86832584068674,0.9941363864780544,545,0.6608695652173913,274.791697369413,0.49333333333333335,381.938162460666
1.0,464.5925168044161,464.5925168044159,0.020261954078042297,15.53178322202977,SRC_SINKSIDE,+x,LAW_16_L40_S950000,"{""PLANNED"": 320, ""SOURCE"": 0, ""SINK"": 0, ""OTHER"": 0}",,NONE,1805.1840750336619,0.08104781631216963,37.654208961972884,LAW_16,False,3.410605131648481e-13,3.774758283725532e-15,False,320,0,320,1858.370067217674,5.807406460055199,1858.370067217674,1858.370067217674,{},True,950000,40,False,58.75598424272108,35.56353453129063,0.07674845237773194,369.05835308531937,0.7943699903386204,463.37787185933087,0.9973855692867383,618,0.07478260869565218,359.80859714616827,0.93042071197411,442.0672536110782
,462.15204478158466,462.15204478158427,,0.0,SHAM,-x,LAW_16_L40_S950001,"{""PLANNED"": 0, ""SOURCE"": 0, ""SINK"": 0, ""OTHER"": 0}",,NONE,0.0,0.0,0.0,LAW_16,False,0.0,0.0,False,0,0,0,0.0,5.776900559769803,0.0,0.0,{},True,950001,40,False,66.66651994848786,0.0,0.0,392.0781085582971,0.8483747134421858,458.74462850678503,0.9926270665395204,608,0.06108202443280977,382.3519919590915,0.9424342105263158,441.7601184218191
0.08196096631584535,462.15204478158466,462.15204478158427,0.9545906784697732,5.8862584112851195,PARENT,-x,LAW_16_L40_S950001,"{""PLANNED"": 10, ""SOURCE"": 310, ""SINK"": 0, ""OTHER"": 0}",,NONE,0.993876484973395,0.3129566977739228,144.6335778043107,LAW_16,False,3.410605131648481e-13,1.2323475573339238e-14,False,320,0,320,1848.6081791263293,5.776900559769803,151.51371270056927,151.51371270056927,{},True,950001,40,False,62.29534392896305,132.20424489500752,0.29018938050735693,261.0796079883533,0.5649214602344577,455.5791968123239,0.9857777369082794,537,0.6561954624781849,271.3376740561469,0.4939434724091521,379.87137330112415
1.0,462.15204478158466,462.15204478158427,0.02220610289304812,15.270833088514964,SRC_SINKSIDE,-x,LAW_16_L40_S950001,"{""PLANNED"": 320, ""SOURCE"": 0, ""SINK"": 0, ""OTHER"": 0}",,NONE,1792.2869626032111,0.0888244115721921,41.0503834346096,LAW_16,False,2.2737367544323206e-13,3.6637359812630166e-15,False,320,0,320,1848.6081791263293,5.776900559769803,1848.6081791263293,1848.6081791263293,{},True,950001,40,False,59.47077040473323,38.39007276255441,0.08306383347897217,364.31470489807987,0.7883005366129167,462.1755480653678,1.0000508561717922,624,0.08900523560209424,355.1469030491703,0.9182692307692307,436.1285971244893
,464.86153298319107,464.8615329831906,,0.0,SHAM,+y,LAW_16_L40_S950002,"{""PLANNED"": 0, ""SOURCE"": 0, ""SINK"": 0, ""OTHER"": 0}",,NONE,0.0,0.0,0.0,LAW_16,False,0.0,0.0,False,0,0,0,0.0,5.8107691622898825,0.0,0.0,{},True,950002,40,False,68.50203857044286,0.0,0.0,396.09452276332655,0.852069906110405,464.59656133376956,0.9994299987617374,617,0.07491289198606271,384.52200442666754,0.9303079416531604,444.0685782358071
0.07928108003751949,464.86153298319107,464.8615329831906,0.9611340542865376,5.126847006774314,PARENT,+y,LAW_16_L40_S950002,"{""PLANNED"": 10, ""SOURCE"": 310, ""SINK"": 0, ""OTHER"": 0}",,NONE,0.6027278649215353,0.3047989835387071,141.68932273952166,LAW_16,False,4.547473508864641e-13,1.2323475573339238e-14,False,320,0,320,1859.4461319327668,5.8107691622898825,147.41889761121772,147.41889761121772,{},True,950002,40,False,64.80084695621213,129.44327813577203,0.2822145843859479,264.4255727105554,0.568826529942448,458.66969780253964,0.986680259085075,540,0.6480836236933798,275.8885307445365,0.4993270524899058,383.0490213985125
1.0000000000000002,464.86153298319107,464.8615329831906,0.021952141343499022,14.94242285463723,SRC_SINKSIDE,+y,LAW_16_L40_S950002,"{""PLANNED"": 320, ""SOURCE"": 0, ""SINK"": 0, ""OTHER"": 0}",,NONE,1803.6848847693145,0.08780856537399631,40.81882430881063,LAW_16,False,4.547473508864641e-13,4.551914400963142e-15,False,320,0,320,1859.4461319327668,5.8107691622898825,1859.446131932767,1859.4461319327668,{},True,950002,40,False,60.60124809538758,38.1674947116127,0.08182688144117978,367.673263039806,0.7909307115181343,466.44200584680624,1.0033998787842762,628,0.09407665505226481,357.62002148535623,0.9140127388535032,439.54207392201994
,465.13377953558415,465.1337795355841,,0.0,SHAM,-y,LAW_16_L40_S950003,"{""PLANNED"": 0, ""SOURCE"": 0, ""SINK"": 0, ""OTHER"": 0}",,NONE,0.0,0.0,0.0,LAW_16,False,0.0,0.0,False,0,0,0,0.0,5.814172244194801,0.0,0.0,{},True,950003,40,False,66.6105842446105,0.0,0.0,393.73082580474835,0.8464894254678116,460.3414100493587,0.9896967932730871,611,0.055267702936096716,384.9724518665782,0.9476268412438625,444.8751736331925
0.08561343285128055,465.13377953558415,465.1337795355841,0.9483481698233712,6.3912129001921105,PARENT,-y,LAW_16_L40_S950003,"{""PLANNED"": 11, ""SOURCE"": 309, ""SINK"": 0, ""OTHER"": 0}",,NONE,1.8362417603777725,0.3247653694272335,151.05934374395935,LAW_16,False,4.547473508864641e-13,1.4432899320127035e-14,False,320,0,320,1860.535118142345,5.814172244194801,159.28679840452898,159.28679840452898,{},True,950003,40,False,62.09783801832462,137.03491461988514,0.29962352107431883,258.224247000997,0.5551612425543953,457.3569996392069,0.983280552308753,535,0.6528497409326425,268.88759269469955,0.4932975871313673,383.0173823146639
1.0,465.13377953558415,465.1337795355841,0.018656053332961123,14.721319801041513,SRC_SINKSIDE,-y,LAW_16_L40_S950003,"{""PLANNED"": 320, ""SOURCE"": 0, ""SINK"": 0, ""OTHER"": 0}",,NONE,1811.1035559493853,0.07462421333184484,34.71024239191071,LAW_16,False,3.410605131648481e-13,3.885780586188048e-15,False,320,0,320,1860.535118142345,5.814172244194801,1860.535118142345,1860.535118142345,{},True,950003,40,False,58.48379777013881,33.123089458097034,0.07163438042706216,370.7840661188489,0.7971557483721364,462.3909533470849,0.9941031455697804,616,0.06390328151986183,363.14395402630254,0.939935064935065,444.06487289612585
,470.900107858639,470.9001078586392,,0.0,SHAM,+x,LAW_16_L40_S950004,"{""PLANNED"": 0, ""SOURCE"": 0, ""SINK"": 0, ""OTHER"": 0}",,NONE,0.0,0.0,0.0,LAW_16,False,0.0,0.0,False,0,0,0,0.0,5.886251348232991,0.0,0.0,{},True,950004,40,False,66.22540454349888,0.0,0.0,399.5912396275201,0.8485690127458512,465.81664417101894,0.9892047939620641,614,0.05679862306368331,390.42908235520764,0.9462540716612378,449.7970705872627
0.07743317152548632,470.900107858639,470.9001078586392,0.9607491369431931,5.3385394236190225,PARENT,+x,LAW_16_L40_S950004,"{""PLANNED"": 10, ""SOURCE"": 310, ""SINK"": 0, ""OTHER"": 0}",,NONE,0.38632280117992435,0.2975754108555397,140.1282930679525,LAW_16,False,4.547473508864641e-13,1.1657341758564144e-14,False,320,0,320,1883.6004314345494,5.886251348232991,145.8531552927515,145.8531552927515,{},True,950004,40,False,62.58709035918306,128.37267015157107,0.2778304615975855,271.0942180681261,0.5756936843800995,462.0539785788799,0.9812144250295758,545,0.6333907056798623,282.92595821860135,0.5073627844712182,389.2230773851736
1.0,470.900107858639,470.9001078586392,0.018969695907675582,17.429033705106647,SRC_SINKSIDE,+x,LAW_16_L40_S950004,"{""PLANNED"": 320, ""SOURCE"": 0, ""SINK"": 0, ""OTHER"": 0}",,NONE,1830.4400703335693,0.07587878363070202,35.73132739587993,LAW_16,False,2.2737367544323206e-13,3.885780586188048e-15,False,320,0,320,1883.6004314345494,5.886251348232991,1883.6004314345494,1883.6004314345494,{},True,950004,40,False,56.504300880564465,35.083116502952365,0.07481089655445215,377.36988855408316,0.8013799153075731,468.9573059376,0.9958742801528038,618,0.06712564543889846,369.7275579986248,0.9369951534733441,450.67489470474817
,466.69939351343646,466.69939351343686,,0.0,SHAM,-x,LAW_16_L40_S950005,"{""PLANNED"": 0, ""SOURCE"": 0, ""SINK"": 0, ""OTHER"": 0}",,NONE,0.0,0.0,0.0,LAW_16,False,0.0,0.0,False,0,0,0,0.0,5.833742418917961,0.0,0.0,{},True,950005,40,False,67.84497302046569,0.0,0.0,396.4609590307416,0.8494996234001477,464.30593205120704,0.9948715136649071,618,0.06529209621993128,386.5635319102381,0.938610662358643,446.8481687825728
0.08015020112711863,466.69939351343646,466.69939351343686,0.963169520277361,4.881580898301188,PARENT,-x,LAW_16_L40_S950005,"{""PLANNED"": 10, ""SOURCE"": 310, ""SINK"": 0, ""OTHER"": 0}",,NONE,0.6291502035299955,0.3087929230789656,144.1134699221946,LAW_16,False,3.410605131648481e-13,9.43689570931383e-15,False,320,0,320,1866.7975740537609,5.833742418917961,149.62420102402606,149.62420102402606,{},True,950005,40,False,64.22295970945443,130.78676553152542,0.2855309212399343,263.0379179479837,0.5636131557141412,458.0476431889634,0.9814618350811626,539,0.6580756013745704,275.34089902413655,0.49069148936170215,383.27186256872045
1.0,466.69939351343646,466.69939351343686,0.021166378874478725,16.384409638580884,SRC_SINKSIDE,-x,LAW_16_L40_S950005,"{""PLANNED"": 320, ""SOURCE"": 0, ""SINK"": 0, ""OTHER"": 0}",,NONE,1810.8998196807875,0.08466551549791551,39.51334473437966,LAW_16,False,2.2737367544323206e-13,3.6637359812630166e-15,False,320,0,320,1866.7975740537609,5.833742418917961,1866.7975740537609,1866.7975740537609,{},True,950005,40,False,58.72678132685824,38.20151937440945,0.08188768171564637,369.5828835701785,0.7919077862687175,466.5111842714463,0.999596722762861,625,0.08419243986254296,361.35685544114364,0.9219745222929936,444.74463133984847
,466.57867223206,466.57867223205983,,0.0,SHAM,+y,LAW_16_L40_S950006,"{""PLANNED"": 0, ""SOURCE"": 0, ""SINK"": 0, ""OTHER"": 0}",,NONE,0.0,0.0,0.0,LAW_16,False,0.0,0.0,False,0,0,0,0.0,5.832233402900748,0.0,0.0,{},True,950006,40,False,67.05889126802737,0.0,0.0,396.16562977447586,0.8490864528360543,463.22452104250317,0.9928111776444671,614,0.06044905008635579,386.508875885116,0.9429967426710097,446.3054247189824
0.0844520258839365,466.57867223206,466.57867223205983,0.9516242421566997,6.128765877606011,PARENT,+y,LAW_16_L40_S950006,"{""PLANNED"": 11, ""SOURCE"": 309, ""SINK"": 0, ""OTHER"": 0}",,NONE,1.4959335483200202,0.32146638052159754,149.98935699101307,LAW_16,False,4.547473508864641e-13,1.0880185641326534e-14,False,320,0,320,1866.3146889282468,5.832233402900748,157.61405641693918,157.6140564169392,{},True,950006,40,False,64.58488426261465,136.7587247177121,0.2953022108224858,261.7708537824376,0.5610433338715531,463.11446276276445,0.9925752939954949,546,0.6614853195164075,272.15675705197975,0.4920424403183024,383.47510395945375
1.0,466.57867223206,466.57867223205983,0.019454791998676467,15.164369254286788,SRC_SINKSIDE,+y,LAW_16_L40_S950006,"{""PLANNED"": 320, ""SOURCE"": 0, ""SINK"": 0, ""OTHER"": 0}",,NONE,1814.84155559678,0.07781916799470617,36.30876407717361,LAW_16,False,2.2737367544323206e-13,3.774758283725532e-15,False,320,0,320,1866.3146889282468,5.832233402900748,1866.3146889282468,1866.3146889282468,{},True,950006,40,False,57.70576022587075,33.86332259993257,0.07311325694735442,371.59346817799155,0.7964218904398911,463.16255100379453,0.9926783596602842,614,0.06044905008635579,364.08902351892374,0.9429967426710097,445.86855709699364
,462.27374648034845,462.27374648034845,,0.0,SHAM,-y,LAW_16_L40_S950007,"{""PLANNED"": 0, ""SOURCE"": 0, ""SINK"": 0, ""OTHER"": 0}",,NONE,0.0,0.0,0.0,LAW_16,False,0.0,0.0,False,0,0,0,0.0,5.778421831004356,0.0,0.0,{},True,950007,40,False,68.6477294951727,0.0,0.0,391.9443569173406,0.8478620295907339,460.59208641251325,0.9963621986309217,616,0.06551724137931035,382.178835886912,0.9384116693679092,443.217416298545
0.08515880133441849,462.27374648034845,462.27374648034845,0.9530312863646743,6.091607151125679,PARENT,-y,LAW_16_L40_S950007,"{""PLANNED"": 11, ""SOURCE"": 309, ""SINK"": 0, ""OTHER"": 0}",,NONE,1.3044017779449741,0.3246360079240595,150.07070362547907,LAW_16,False,3.410605131648481e-13,9.880984919163893e-15,False,320,0,320,1849.0949859214002,5.778421831004356,157.46671255454987,157.46671255454987,{},True,950007,40,False,65.13230336269143,137.62057219328483,0.3005851494422303,255.08934468895384,0.5518144749321122,457.8422202449301,0.9904136320326234,539,0.6603448275862069,267.09016344020506,0.49001331557922767,382.35583567075224
1.0,462.27374648034845,462.27374648034845,0.02144042270699847,16.64188709776172,SRC_SINKSIDE,-y,LAW_16_L40_S950007,"{""PLANNED"": 320, ""SOURCE"": 0, ""SINK"": 0, ""OTHER"": 0}",,NONE,1792.807720700086,0.08576169082799419,39.64537812354621,LAW_16,False,2.2737367544323206e-13,3.6637359812630166e-15,False,320,0,320,1849.0949859214002,5.778421831004356,1849.0949859214002,1849.0949859214002,{},True,950007,40,False,58.862647885349425,37.87147078047931,0.08186000399132198,365.9029315900456,0.7915286870084032,462.6370502558744,1.0007859061395807,619,0.0706896551724138,358.14794695703597,0.9338709677419355,443.7764581449687
,459.783841597217,459.783841597217,,0.0,SHAM,+x,LAW_16_L40_S950008,"{""PLANNED"": 0, ""SOURCE"": 0, ""SINK"": 0, ""OTHER"": 0}",,NONE,0.0,0.0,0.0,LAW_16,False,0.0,0.0,False,0,0,0,0.0,5.747298019965212,0.0,0.0,{},True,950008,40,False,68.18530889221402,0.0,0.0,389.3348847062189,0.8467780932747234,457.5201935984328,0.9950767125897233,612,0.06412478336221837,379.6625754445255,0.9396411092985318,440.3060088553627
0.08504854247388097,459.783841597217,459.783841597217,0.9542634180550192,5.609665881322672,PARENT,+x,LAW_16_L40_S950008,"{""PLANNED"": 11, ""SOURCE"": 309, ""SINK"": 0, ""OTHER"": 0}",,NONE,1.544257364406208,0.32463485136689324,149.26185907781172,LAW_16,False,5.684341886080801e-13,1.1546319456101628e-14,False,320,0,320,1839.135366388872,5.747298019965212,156.4157823235406,156.41578232354055,{},True,950008,40,False,64.05361220330232,135.97753509252016,0.29965375647106124,253.75103349139582,0.5518920208459359,453.7821807872181,0.9869467774483982,535,0.6655112651646448,264.71863362794625,0.48663101604278075,379.1820527015464
1.0000000000000002,459.783841597217,459.783841597217,0.01892556229824492,16.40552453914402,SRC_SINKSIDE,+x,LAW_16_L40_S950008,"{""PLANNED"": 320, ""SOURCE"": 0, ""SINK"": 0, ""OTHER"": 0}",,NONE,1787.923170898226,0.07570224919297984,34.80667095149809,LAW_16,False,4.547473508864641e-13,3.4416913763379853e-15,False,320,0,320,1839.135366388872,5.747298019965212,1839.1353663888722,1839.135366388872,{},True,950008,40,False,58.15121439447213,34.37802674093458,0.07503786542691442,365.61314531638016,0.7951848504425414,458.1423864517866,0.9964299416444731,612,0.06759098786828423,358.42488173915655,0.9364820846905537,440.27689839988636
,159.92996312606007,159.92996312605993,,0.0,SHAM,+x,LAW_29_L24_S950000,"{""PLANNED"": 0, ""SOURCE"": 0, ""SINK"": 0, ""OTHER"": 0}",,NONE,0.0,0.0,0.0,LAW_29,False,0.0,0.0,False,0,0,0,0.0,1.999124539075749,0.0,0.0,{},True,950000,24,False,30.86595812629847,0.0,0.0,78.749095961026,0.4923973870922133,109.61505408732444,0.6853941059245021,219,0.06132075471698113,76.73398489658948,0.9414414414414415,106.41006278571663
0.13455134948780892,159.92996312606007,159.92996312605993,0.8243170323831626,4.000273658603536,PARENT,+x,LAW_29_L24_S950000,"{""PLANNED"": 17, ""SOURCE"": 40, ""SINK"": 32, ""OTHER"": 0}",2960,TRACK_LOST_OR_DISSOLVED,11.121667548246489,0.4436518764517621,70.9532282417376,LAW_29,True,8.526512829121202e-14,3.9968028886505635e-15,False,89,231,320,639.7198525042403,1.999124539075749,86.07516944858762,86.07516944858763,"{""NO_SINK_CAPACITY"": 79, ""NO_TRACK"": 152}",False,950000,24,False,,,,,,,,,,,,
1.0,159.92996312606007,159.92996312605993,0.044447844062533215,12.578275632009145,SRC_SINKSIDE,+x,LAW_29_L24_S950000,"{""PLANNED"": 320, ""SOURCE"": 0, ""SINK"": 0, ""OTHER"": 0}",6112,TRACK_LOST_OR_DISSOLVED,598.7074086244156,0.17779137625013303,28.434168247815222,LAW_29,True,1.4210854715202004e-13,2.220446049250313e-15,False,320,0,320,639.7198525042403,1.999124539075749,639.7198525042403,639.7198525042403,{},False,950000,24,False,,,,,,,,,,,,
,158.92905491980017,158.92905491980017,,0.0,SHAM,-x,LAW_29_L24_S950001,"{""PLANNED"": 0, ""SOURCE"": 0, ""SINK"": 0, ""OTHER"": 0}",,NONE,0.0,0.0,0.0,LAW_29,False,0.0,0.0,False,0,0,0,0.0,1.986613186497502,0.0,0.0,{},True,950001,24,False,28.317639938616207,0.0,0.0,74.1928886375585,0.46683023865584683,102.51052857617476,0.6450081052070957,206,0.08837209302325581,76.6914948123861,0.9136363636363637,106.46700098366411
0.12853203909293132,158.92905491980017,158.92905491980017,0.8468067579780324,3.5495930823794097,PARENT,-x,LAW_29_L24_S950001,"{""PLANNED"": 19, ""SOURCE"": 24, ""SINK"": 38, ""OTHER"": 0}",4000,TRACK_LOST_OR_DISSOLVED,8.967811710269896,0.4353671972823621,69.192497207168,LAW_29,True,1.1368683772161603e-13,4.884981308350689e-15,False,81,239,320,635.7162196791986,1.986613186497502,81.70990199981726,81.70990199981728,"{""NO_SINK_CAPACITY"": 152, ""NO_TRACK"": 87}",False,950001,24,False,,,,,,,,,,,,
1.0,158.92905491980017,158.92905491980017,0.052208945277144495,13.734553613232212,SRC_SINKSIDE,-x,LAW_29_L24_S950001,"{""PLANNED"": 320, ""SOURCE"": 0, ""SINK"": 0, ""OTHER"": 0}",5776,TRACK_LOST_OR_DISSOLVED,588.7915927409441,0.2088357811085773,33.19007332502445,LAW_29,True,1.1368683772161603e-13,2.4424906541753444e-15,False,320,0,320,635.7162196791986,1.986613186497502,635.7162196791986,635.7162196791986,{},False,950001,24,False,,,,,,,,,,,,
,159.2896297318907,159.28962973189073,,0.0,SHAM,+y,LAW_29_L24_S950002,"{""PLANNED"": 0, ""SOURCE"": 0, ""SINK"": 0, ""OTHER"": 0}",,NONE,0.0,0.0,0.0,LAW_29,False,0.0,0.0,False,0,0,0,0.0,1.991120371648634,0.0,0.0,{},True,950002,24,False,31.730396274980222,0.0,0.0,79.04445886008949,0.49623104148797165,110.77485513506974,0.6954304264597833,222,0.11627906976744186,76.94703531681519,0.8917748917748918,107.51256484144186
0.117323401408311,159.2896297318907,159.28962973189073,0.8700131110296693,3.4064197787035884,PARENT,+y,LAW_29_L24_S950002,"{""PLANNED"": 20, ""SOURCE"": 18, ""SINK"": 26, ""OTHER"": 0}",3056,TRACK_LOST_OR_DISSOLVED,6.310568732559975,0.4082915898233128,65.0366161656005,LAW_29,True,8.526512829121202e-14,4.218847493575595e-15,False,64,256,320,637.1585189275684,1.991120371648634,74.75360467686403,74.75360467686403,"{""NO_SINK_CAPACITY"": 110, ""NO_TRACK"": 146}",False,950002,24,False,,,,,,,,,,,,
0.949999999999998,159.2896297318907,159.28962973189073,0.04650904744286321,11.888986433051368,SRC_SINKSIDE,+y,LAW_29_L24_S950002,"{""PLANNED"": 304, ""SOURCE"": 0, ""SINK"": 0, ""OTHER"": 0}",5136,TRACK_LOST_OR_DISSOLVED,565.2596525519778,0.17673438028288133,28.151953996155335,LAW_29,True,3.410605131648481e-13,2.1094237467877974e-15,False,304,16,320,637.1585189275684,1.991120371648634,605.3005929811886,605.3005929811885,"{""NO_TRACK"": 16}",False,950002,24,False,,,,,,,,,,,,
,165.80874838290276,165.80874838290268,,0.0,SHAM,-y,LAW_29_L24_S950003,"{""PLANNED"": 0, ""SOURCE"": 0, ""SINK"": 0, ""OTHER"": 0}",,NONE,0.0,0.0,0.0,LAW_29,False,0.0,0.0,False,0,0,0,0.0,2.0726093547862834,0.0,0.0,{},True,950003,24,False,27.29348730466007,0.0,0.0,78.7294603912822,0.47482090757643236,106.0229476959422,0.6394291539497244,212,0.07142857142857142,82.22416421299478,0.9292035398230089,111.34640186777706
0.12061426421500027,165.80874838290276,165.80874838290268,0.8640659650681939,3.28675015410614,PARENT,-y,LAW_29_L24_S950003,"{""PLANNED"": 19, ""SOURCE"": 17, ""SINK"": 31, ""OTHER"": 0}",3408,TRACK_LOST_OR_DISSOLVED,7.5873746321533595,0.4168747224396981,69.12147596019629,LAW_29,True,1.1368683772161603e-13,4.551914400963142e-15,False,67,253,320,663.234993531612,2.0726093547862834,79.99560074645584,79.99560074645585,"{""NO_SINK_CAPACITY"": 129, ""NO_TRACK"": 124}",False,950003,24,False,,,,,,,,,,,,
0.9093749999999985,165.80874838290276,165.80874838290268,0.05402056777065564,12.75246446725821,SRC_SINKSIDE,-y,LAW_29_L24_S950003,"{""PLANNED"": 291, ""SOURCE"": 0, ""SINK"": 0, ""OTHER"": 0}",4928,TRACK_LOST_OR_DISSOLVED,557.7954693488631,0.19649981526575994,32.58138842668725,LAW_29,True,1.1368683772161603e-13,2.1094237467877974e-15,False,291,29,320,663.234993531612,2.0726093547862834,603.1293222428086,603.1293222428086,"{""NO_TRACK"": 29}",False,950003,24,False,,,,,,,,,,,,
,158.04483424889784,158.04483424889779,,0.0,SHAM,+x,LAW_29_L24_S950004,"{""PLANNED"": 0, ""SOURCE"": 0, ""SINK"": 0, ""OTHER"": 0}",,NONE,0.0,0.0,0.0,LAW_29,False,0.0,0.0,False,0,0,0,0.0,1.9755604281112222,0.0,0.0,{},True,950004,24,False,28.032482969900446,0.0,0.0,73.36283321400917,0.4641900101491029,101.39531618390959,0.6415604576118357,204,0.08056872037914692,75.34559315513793,0.9212962962962963,104.48633963788491
0.1262390975895187,158.04483424889784,158.04483424889779,0.847146689672168,3.5642513949453942,PARENT,+x,LAW_29_L24_S950004,"{""PLANNED"": 18, ""SOURCE"": 25, ""SINK"": 34, ""OTHER"": 0}",4640,TRACK_LOST_OR_DISSOLVED,8.634321525504832,0.42777213452064905,67.60717609661319,LAW_29,True,5.684341886080802e-14,4.6629367034256575e-15,False,77,243,320,632.1793369955896,1.9755604281112222,79.80574901706346,79.80574901706346,"{""NO_SINK_CAPACITY"": 196, ""NO_TRACK"": 47}",False,950004,24,False,,,,,,,,,,,,
0.7218750000000027,158.04483424889784,158.04483424889779,0.058510527114896176,10.583664626073467,SRC_SINKSIDE,+x,LAW_29_L24_S950004,"{""PLANNED"": 231, ""SOURCE"": 0, ""SINK"": 0, ""OTHER"": 0}",2720,SPLIT,419.06925432651536,0.16894914704426292,26.701539941103192,LAW_29,True,2.2737367544323206e-13,2.4424906541753444e-15,True,231,89,320,632.1793369955896,1.9755604281112222,456.35445889369294,456.35445889369305,"{""NO_TRACK"": 89}",False,950004,24,True,,,,,,,,,,,,
,159.01072021144267,159.01072021144256,,0.0,SHAM,-x,LAW_29_L24_S950005,"{""PLANNED"": 0, ""SOURCE"": 0, ""SINK"": 0, ""OTHER"": 0}",,NONE,0.0,0.0,0.0,LAW_29,False,0.0,0.0,False,0,0,0,0.0,1.987634002643032,0.0,0.0,{},True,950005,24,False,27.60853869404164,0.0,0.0,73.24274116978864,0.46061511495825536,100.85127986383029,0.6342420167000347,203,0.08372093023255814,76.58732079940737,0.9174311926605505,106.14127197347334
0.1289825911549115,159.01072021144267,159.01072021144256,0.8494073345493699,3.4487778527260375,PARENT,-x,LAW_29_L24_S950005,"{""PLANNED"": 19, ""SOURCE"": 25, ""SINK"": 33, ""OTHER"": 0}",4000,TRACK_LOST_OR_DISSOLVED,8.905612336029769,0.43823503582465717,69.68406866836607,LAW_29,True,1.1368683772161603e-13,3.552713678800501e-15,False,77,243,320,636.042880845769,1.987634002643032,82.03845885712191,82.03845885712191,"{""NO_SINK_CAPACITY"": 156, ""NO_TRACK"": 87}",False,950005,24,False,,,,,,,,,,,,
1.0,159.01072021144267,159.01072021144256,0.051830976624545166,13.956826464493302,SRC_SINKSIDE,-x,LAW_29_L24_S950005,"{""PLANNED"": 320, ""SOURCE"": 0, ""SINK"": 0, ""OTHER"": 0}",5856,TRACK_LOST_OR_DISSOLVED,589.1193306919515,0.20732390649818025,32.96672368932542,LAW_29,True,1.7053025658242404e-13,1.887379141862766e-15,False,320,0,320,636.042880845769,1.987634002643032,636.042880845769,636.042880845769,{},False,950005,24,False,,,,,,,,,,,,
,155.804491198768,155.80449119876795,,0.0,SHAM,+y,LAW_29_L24_S950006,"{""PLANNED"": 0, ""SOURCE"": 0, ""SINK"": 0, ""OTHER"": 0}",,NONE,0.0,0.0,0.0,LAW_29,False,0.0,0.0,False,0,0,0,0.0,1.9475561399845993,0.0,0.0,{},True,950006,24,False,27.131796168771277,0.0,0.0,69.5945106599008,0.44667846301757386,96.7263068286721,0.6208184763125556,195,0.10849056603773585,74.3687639691644,0.8930232558139535,104.26827966243572
0.11295366860657675,155.804491198768,155.80449119876795,0.8794704529375837,3.0255728216563185,PARENT,+y,LAW_29_L24_S950006,"{""PLANNED"": 21, ""SOURCE"": 13, ""SINK"": 24, ""OTHER"": 0}",3104,TRACK_LOST_OR_DISSOLVED,5.459075170125142,0.39735765636155335,61.9101074733467,LAW_29,True,8.526512829121202e-14,3.6637359812630166e-15,False,58,262,320,623.2179647950752,1.9475561399845993,70.39475546512814,70.39475546512814,"{""NO_SINK_CAPACITY"": 119, ""NO_TRACK"": 143}",False,950006,24,False,,,,,,,,,,,,
1.0,155.804491198768,155.80449119876795,0.04985307655363725,12.7756059532286,SRC_SINKSIDE,+y,LAW_29_L24_S950006,"{""PLANNED"": 320, ""SOURCE"": 0, ""SINK"": 0, ""OTHER"": 0}",5216,SPLIT,579.373025933313,0.19941230621455008,31.06933290853089,LAW_29,True,8.526512829121202e-14,2.3314683517128287e-15,True,320,0,320,623.2179647950752,1.9475561399845993,623.2179647950752,623.2179647950752,{},False,950006,24,True,,,,,,,,,,,,
,162.38806109912446,162.38806109912457,,0.0,SHAM,-y,LAW_29_L24_S950007,"{""PLANNED"": 0, ""SOURCE"": 0, ""SINK"": 0, ""OTHER"": 0}",,NONE,0.0,0.0,0.0,LAW_29,False,0.0,0.0,False,0,0,0,0.0,2.029850763739057,0.0,0.0,{},True,950007,24,False,30.847663777447764,0.0,0.0,80.9662544674498,0.4985973348005345,111.81391824489756,0.6885599685597844,224,0.07272727272727272,79.74509779917639,0.9304347826086956,109.94505133862089
0.11086441404804784,162.38806109912446,162.38806109912457,0.8867982439843979,2.7904178807051365,PARENT,-y,LAW_29_L24_S950007,"{""PLANNED"": 20, ""SOURCE"": 13, ""SINK"": 22, ""OTHER"": 0}",2288,TRACK_LOST_OR_DISSOLVED,5.361492893139392,0.3932574707926721,63.86031819476763,LAW_29,True,8.526512829121202e-14,3.9968028886505635e-15,False,55,265,320,649.5522443964982,2.029850763739057,72.01222896861213,72.01222896861215,"{""NO_SINK_CAPACITY"": 71, ""NO_TRACK"": 194}",False,950007,24,False,,,,,,,,,,,,
0.996875,162.38806109912446,162.38806109912457,0.04584198753087543,11.907596172661057,SRC_SINKSIDE,-y,LAW_29_L24_S950007,"{""PLANNED"": 319, ""SOURCE"": 0, ""SINK"": 0, ""OTHER"": 0}",5376,TRACK_LOST_OR_DISSOLVED,605.9310839652228,0.18279492527936572,29.68371349487555,LAW_29,True,1.1368683772161603e-13,2.1094237467877974e-15,False,319,1,320,649.5522443964982,2.029850763739057,647.5223936327591,647.5223936327591,"{""NO_TRACK"": 1}",False,950007,24,False,,,,,,,,,,,,
,159.02899538091896,159.02899538091893,,0.0,SHAM,+x,LAW_29_L24_S950008,"{""PLANNED"": 0, ""SOURCE"": 0, ""SINK"": 0, ""OTHER"": 0}",,NONE,0.0,0.0,0.0,LAW_29,False,0.0,0.0,False,0,0,0,0.0,1.9878624422614866,0.0,0.0,{},True,950008,24,False,27.565282450592367,0.0,0.0,72.950792886072,0.458726364405022,100.51607533666434,0.6320613111835375,202,0.07834101382488479,77.228254746902,0.9220183486238532,107.20832119032679
0.12471480165324907,159.02899538091896,159.02899538091893,0.8511877917390656,3.5463406535361774,PARENT,+x,LAW_29_L24_S950008,"{""PLANNED"": 20, ""SOURCE"": 22, ""SINK"": 30, ""OTHER"": 0}",2448,TRACK_LOST_OR_DISSOLVED,8.259389940857456,0.4246228664656187,67.52734786979343,LAW_29,True,5.684341886080802e-14,4.884981308350689e-15,False,72,248,320,636.1159815236759,1.9878624422614866,79.3330784641871,79.3330784641871,"{""NO_SINK_CAPACITY"": 64, ""NO_TRACK"": 184}",False,950008,24,False,,,,,,,,,,,,
0.8718749999999972,159.02899538091896,159.02899538091893,0.0743938014434017,14.581230495950564,SRC_SINKSIDE,+x,LAW_29_L24_S950008,"{""PLANNED"": 279, ""SOURCE"": 0, ""SINK"": 0, ""OTHER"": 0}",1504,SPLIT,498.77257526743927,0.25944838253386265,41.259815627564535,LAW_29,True,1.1368683772161603e-13,2.220446049250313e-15,True,279,41,320,636.1159815236759,1.9878624422614866,554.6136213909532,554.6136213909532,"{""NO_TRACK"": 41}",False,950008,24,True,,,,,,,,,,,,
,286.4879677047561,286.4879677047562,,0.0,SHAM,+x,LAW_29_L32_S950000,"{""PLANNED"": 0, ""SOURCE"": 0, ""SINK"": 0, ""OTHER"": 0}",,NONE,0.0,0.0,0.0,LAW_29,False,0.0,0.0,False,0,0,0,0.0,3.5810995963094525,0.0,0.0,{},True,950000,32,False,47.381851739601196,0.0,0.0,172.85841698769758,0.6033706000729464,220.24026872729863,0.7687592274530357,400,0.07733333333333334,165.61464177738569,0.927860696517413,208.74557941658458
0.12378821193107482,286.4879677047561,286.4879677047562,0.8365986254932176,5.116062886609043,PARENT,+x,LAW_29_L32_S950000,"{""PLANNED"": 16, ""SOURCE"": 48, ""SINK"": 48, ""OTHER"": 0}",4768,TRACK_LOST_OR_DISSOLVED,18.0632935145118,0.41424419181519945,118.6759766466357,LAW_29,True,1.1368683772161603e-13,5.440092820663267e-15,False,112,208,320,1145.9518708190199,3.5810995963094525,141.85533304775652,141.8553330477565,"{""NO_SINK_CAPACITY"": 169, ""NO_TRACK"": 39}",False,950000,32,False,,,,,,,,,,,,
1.0,286.4879677047561,286.4879677047562,0.05120522993237875,18.65622435626208,SRC_SINKSIDE,+x,LAW_29_L32_S950000,"{""PLANNED"": 320, ""SOURCE"": 0, ""SINK"": 0, ""OTHER"": 0}",2192,SPLIT,1068.6169174260356,0.2048209197295141,58.6787290367275,LAW_29,True,2.2737367544323206e-13,2.55351295663786e-15,True,320,0,320,1145.9518708190199,3.5810995963094525,1145.9518708190199,1145.9518708190199,{},False,950000,32,True,,,,,,,,,,,,
,284.53564426305167,284.53564426305155,,0.0,SHAM,-x,LAW_29_L32_S950001,"{""PLANNED"": 0, ""SOURCE"": 0, ""SINK"": 0, ""OTHER"": 0}",,NONE,0.0,0.0,0.0,LAW_29,False,0.0,0.0,False,0,0,0,0.0,3.5566955532881446,0.0,0.0,{},True,950001,32,False,40.40018537654503,0.0,0.0,162.03027428414066,0.5694551018512976,202.4304596606857,0.7114414792739988,369,0.05585106382978723,163.9541272174102,0.9451697127937336,205.45593333430324
0.12221554326276149,284.53564426305167,284.53564426305155,0.8492969854659455,4.706272198385314,PARENT,-x,LAW_29_L32_S950001,"{""PLANNED"": 17, ""SOURCE"": 40, ""SINK"": 55, ""OTHER"": 0}",,NONE,16.25632322351573,0.41518916988058396,118.13611794301352,LAW_29,False,1.7053025658242404e-13,6.217248937900877e-15,False,112,208,320,1138.1425770522042,3.5566955532881446,139.09871336491452,139.09871336491452,"{""NO_SINK_CAPACITY"": 208}",True,950001,32,False,46.83532185307366,74.50539731239687,0.33741837210440356,99.46941884723834,0.3495850901382303,220.81013801270876,0.776036825138755,384,0.898936170212766,102.66915323451033,0.3843351548269581,187.6480943199625
1.0,284.53564426305167,284.53564426305155,0.047202685520583036,18.296608848942494,SRC_SINKSIDE,-x,LAW_29_L32_S950001,"{""PLANNED"": 320, ""SOURCE"": 0, ""SINK"": 0, ""OTHER"": 0}",3200,SPLIT,1066.1225820610828,0.1888107420823318,53.72338614218114,LAW_29,False,1.1368683772161603e-13,2.4424906541753444e-15,True,320,0,320,1138.1425770522042,3.5566955532881446,1138.1425770522042,1138.1425770522042,{},False,950001,32,True,34.80236236907794,37.01161317524591,0.17888193055598986,135.09128906350247,0.4747780876922798,206.9052646078264,0.7271681730551259,390,0.18617021276595744,137.08229522501622,0.8325358851674641,199.35548232666653
,285.0775526112493,285.0775526112493,,0.0,SHAM,+y,LAW_29_L32_S950002,"{""PLANNED"": 0, ""SOURCE"": 0, ""SINK"": 0, ""OTHER"": 0}",,NONE,0.0,0.0,0.0,LAW_29,False,0.0,0.0,False,0,0,0,0.0,3.5634694076406164,0.0,0.0,{},True,950002,32,False,44.81188188076064,0.0,0.0,168.4313874032679,0.5908265517943188,213.24326928402851,0.7480184508768434,388,0.06914893617021277,164.88667604777615,0.9341772151898734,207.69891940810834
0.13488892255766874,285.0775526112493,285.0775526112493,0.8111714409565156,5.355705383504294,PARENT,+y,LAW_29_L32_S950002,"{""PLANNED"": 15, ""SOURCE"": 68, ""SINK"": 55, ""OTHER"": 0}",5104,TRACK_LOST_OR_DISSOLVED,23.689000150128862,0.43767216672070364,124.77051013480087,LAW_29,True,1.7053025658242404e-13,6.106226635438361e-15,False,138,182,320,1140.3102104449963,3.5634694076406164,153.81521566843406,153.81521566843404,"{""NO_SINK_CAPACITY"": 164, ""NO_TRACK"": 18}",False,950002,32,False,,,,,,,,,,,,
1.0,285.0775526112493,285.0775526112493,0.04228829167960851,17.847281307878355,SRC_SINKSIDE,+y,LAW_29_L32_S950002,"{""PLANNED"": 320, ""SOURCE"": 0, ""SINK"": 0, ""OTHER"": 0}",4928,SPLIT,1074.2411583525845,0.1691531667184339,48.22177078453376,LAW_29,False,1.7053025658242404e-13,2.6645352591003757e-15,True,320,0,320,1140.3102104449963,3.5634694076406164,1140.3102104449963,1140.3102104449963,{},False,950002,32,True,39.67371105623776,33.93091198225586,0.15464816811192053,145.80251509003378,0.511448599703884,219.4071381285273,0.7696401772738853,413,0.15159574468085107,140.74445710544228,0.8652482269503546,202.06262591712573
,287.1590942090483,287.1590942090482,,0.0,SHAM,-y,LAW_29_L32_S950003,"{""PLANNED"": 0, ""SOURCE"": 0, ""SINK"": 0, ""OTHER"": 0}",,NONE,0.0,0.0,0.0,LAW_29,False,0.0,0.0,False,0,0,0,0.0,3.5894886776131023,0.0,0.0,{},True,950003,32,False,45.04025983787164,0.0,0.0,170.68886178954634,0.5944052103231908,215.72912162741807,0.75125296735464,392,0.05570291777188329,166.297717372352,0.9468354430379747,208.85837257636894
0.1361003237564823,287.1590942090483,287.1590942090482,0.8105007021547173,5.5671454149076975,PARENT,-y,LAW_29_L32_S950003,"{""PLANNED"": 16, ""SOURCE"": 68, ""SINK"": 48, ""OTHER"": 0}",5024,TRACK_LOST_OR_DISSOLVED,24.057238651531815,0.441237631872452,126.70539869943877,LAW_29,True,1.1368683772161603e-13,5.218048215738236e-15,False,132,188,320,1148.6363768361903,3.5894886776131023,156.3297827658783,156.32978276587824,"{""NO_SINK_CAPACITY"": 165, ""NO_TRACK"": 23}",False,950003,32,False,,,,,,,,,,,,
1.0,287.1590942090483,287.1590942090482,0.03940538964737682,16.16311353047139,SRC_SINKSIDE,-y,LAW_29_L32_S950003,"{""PLANNED"": 320, ""SOURCE"": 0, ""SINK"": 0, ""OTHER"": 0}",,NONE,1087.2107993133395,0.15762155858950694,45.26246399238123,LAW_29,False,1.1368683772161603e-13,3.1086244689504383e-15,False,320,0,320,1148.6363768361903,3.5894886776131023,1148.6363768361903,1148.6363768361903,{},True,950003,32,False,41.02110110681127,31.694936373784078,0.1418604935407618,150.70723973137152,0.5248214065672546,223.423277211967,0.778047018943853,418,0.16180371352785147,144.62617663526777,0.8574766355140186,204.2049959237446
,289.5692981658873,289.56929816588735,,0.0,SHAM,+x,LAW_29_L32_S950004,"{""PLANNED"": 0, ""SOURCE"": 0, ""SINK"": 0, ""OTHER"": 0}",,NONE,0.0,0.0,0.0,LAW_29,False,0.0,0.0,False,0,0,0,0.0,3.6196162270735917,0.0,0.0,{},True,950004,32,False,41.39465169363334,0.0,0.0,167.42502882350297,0.5781863957400248,208.81968051713636,0.7211388839900719,379,0.07874015748031496,167.8328656747414,0.9240506329113924,209.58486859472524
0.13219816093597894,289.5692981658873,289.56929816588735,0.8212983418145895,5.309994110353298,PARENT,+x,LAW_29_L32_S950004,"{""PLANNED"": 16, ""SOURCE"": 65, ""SINK"": 51, ""OTHER"": 0}",5792,TRACK_LOST_OR_DISSOLVED,22.053181695719623,0.4342965214706306,125.75893891813672,LAW_29,True,1.1368683772161603e-13,5.662137425588298e-15,False,132,188,320,1158.2771926635482,3.6196162270735917,153.12211472420964,153.12211472420964,"{""NO_SINK_CAPACITY"": 188}",False,950004,32,False,,,,,,,,,,,,
1.0,289.5692981658873,289.56929816588735,0.041087419989819685,16.343042623281956,SRC_SINKSIDE,+x,LAW_29_L32_S950004,"{""PLANNED"": 320, ""SOURCE"": 0, ""SINK"": 0, ""OTHER"": 0}",4944,SPLIT,1094.3435285606706,0.16434967995927857,47.5906214795965,LAW_29,False,3.410605131648481e-13,2.6645352591003757e-15,True,320,0,320,1158.2771926635482,3.6196162270735917,1158.2771926635482,1158.2771926635485,{},False,950004,32,True,37.682226514335184,32.78372661215929,0.150691141321043,147.0898124265351,0.5079606621219591,217.5557655530297,0.7513081218589589,407,0.1732283464566929,144.61103036416293,0.8454332552693209,204.96658153597846
,286.35976559826173,286.35976559826184,,0.0,SHAM,-x,LAW_29_L32_S950005,"{""PLANNED"": 0, ""SOURCE"": 0, ""SINK"": 0, ""OTHER"": 0}",,NONE,0.0,0.0,0.0,LAW_29,False,0.0,0.0,False,0,0,0,0.0,3.579497069978273,0.0,0.0,{},True,950005,32,False,42.79746361689199,0.0,0.0,167.31484210508603,0.5842819495103738,210.1123057219779,0.7337354299163221,380,0.06702412868632708,165.16003364831127,0.9357326478149101,206.81229601196262
0.13525311735801934,286.35976559826173,286.35976559826184,0.8124127657584411,5.715502783054025,PARENT,-x,LAW_29_L32_S950005,"{""PLANNED"": 15, ""SOURCE"": 70, ""SINK"": 50, ""OTHER"": 0}",5152,TRACK_LOST_OR_DISSOLVED,23.34630014968262,0.43952543660111926,125.86240099957021,LAW_29,True,1.7053025658242404e-13,6.217248937900877e-15,False,135,185,320,1145.4390623930506,3.579497069978273,154.9242039323069,154.9242039323069,"{""NO_SINK_CAPACITY"": 170, ""NO_TRACK"": 15}",False,950005,32,False,,,,,,,,,,,,
1.0,286.35976559826173,286.35976559826184,0.047043296049810376,16.944699096998136,SRC_SINKSIDE,-x,LAW_29_L32_S950005,"{""PLANNED"": 320, ""SOURCE"": 0, ""SINK"": 0, ""OTHER"": 0}",3248,SPLIT,1074.6091343768758,0.18817318419924203,53.8852289191735,LAW_29,False,2.2737367544323206e-13,2.7755575615628914e-15,True,320,0,320,1145.4390623930506,3.579497069978273,1145.4390623930506,1145.4390623930506,{},False,950005,32,True,38.87375703451689,38.10903324416076,0.1740006686990221,142.03380045684358,0.4959977535954016,219.01659073552136,0.7648301788414746,411,0.17158176943699732,137.1434125516493,0.8490566037735849,200.9685307115615
,286.84456674942305,286.84456674942317,,0.0,SHAM,+y,LAW_29_L32_S950006,"{""PLANNED"": 0, ""SOURCE"": 0, ""SINK"": 0, ""OTHER"": 0}",,NONE,0.0,0.0,0.0,LAW_29,False,0.0,0.0,False,0,0,0,0.0,3.5855570843677897,0.0,0.0,{},True,950006,32,False,42.59578780689189,0.0,0.0,167.2312144827595,0.5830029007620932,209.8270022896515,0.7315007032116757,381,0.03183023872679045,166.03289883799604,0.9688311688311688,207.95099529492484
0.1398056867161478,286.84456674942305,286.84456674942317,0.8078898197487824,5.735322770154995,PARENT,+y,LAW_29_L32_S950006,"{""PLANNED"": 16, ""SOURCE"": 72, ""SINK"": 50, ""OTHER"": 0}",4656,TRACK_LOST_OR_DISSOLVED,25.081072500496372,0.45179036416385376,129.59361127014475,LAW_29,True,1.7053025658242404e-13,5.10702591327572e-15,False,138,182,320,1147.3782669976933,3.5855570843677897,160.41000654079608,160.41000654079605,"{""NO_SINK_CAPACITY"": 136, ""NO_TRACK"": 46}",False,950006,32,False,,,,,,,,,,,,
1.0,286.84456674942305,286.84456674942317,0.04132695728492283,17.378067565497005,SRC_SINKSIDE,+y,LAW_29_L32_S950006,"{""PLANNED"": 320, ""SOURCE"": 0, ""SINK"": 0, ""OTHER"": 0}",4816,SPLIT,1082.5825468023334,0.16530782913969144,47.41765262986246,LAW_29,False,1.7053025658242404e-13,2.9976021664879227e-15,True,320,0,320,1147.3782669976933,3.5855570843677897,1147.3782669976933,1147.3782669976933,{},False,950006,32,True,37.893710048618885,33.5408895162031,0.15447462327751796,145.6942000047097,0.5079203753299006,217.12879956953162,0.7569562917996886,406,0.13527851458885942,143.12850547196481,0.8776978417266187,203.25588831272097
,293.0988631591822,293.098863159182,,0.0,SHAM,-y,LAW_29_L32_S950007,"{""PLANNED"": 0, ""SOURCE"": 0, ""SINK"": 0, ""OTHER"": 0}",,NONE,0.0,0.0,0.0,LAW_29,False,0.0,0.0,False,0,0,0,0.0,3.663735789489775,0.0,0.0,{},True,950007,32,False,43.508030640920474,0.0,0.0,173.77890547442428,0.5929020112918174,217.2869361153447,0.741343496775476,393,0.0703125,170.9830010703817,0.9328358208955224,213.05469649594082
0.1338419153290811,293.0988631591822,293.098863159182,0.8130100512857902,5.407747234647735,PARENT,-y,LAW_29_L32_S950007,"{""PLANNED"": 15, ""SOURCE"": 76, ""SINK"": 53, ""OTHER"": 0}",4640,TRACK_LOST_OR_DISSOLVED,23.93390265432882,0.43525928978353823,127.574003015028,LAW_29,True,1.7053025658242404e-13,6.994405055138486e-15,False,144,176,320,1172.3954526367272,3.663735789489775,156.91565290400456,156.91565290400456,"{""NO_SINK_CAPACITY"": 129, ""NO_TRACK"": 47}",False,950007,32,False,,,,,,,,,,,,
1.0,293.0988631591822,293.098863159182,0.041990920068519656,16.199876472563982,SRC_SINKSIDE,-y,LAW_29_L32_S950007,"{""PLANNED"": 320, ""SOURCE"": 0, ""SINK"": 0, ""OTHER"": 0}",4464,SPLIT,1106.9656124237997,0.16796368027407854,49.22996374036474,LAW_29,False,1.7053025658242404e-13,2.6645352591003757e-15,True,320,0,320,1172.3954526367272,3.663735789489775,1172.3954526367272,1172.3954526367272,{},False,950007,32,True,40.40841704457445,35.70823585483402,0.15628938106755105,152.35847196784215,0.5198193890131063,228.47512486725049,0.7795155614205357,428,0.16666666666666666,145.28532203662039,0.8538812785388128,207.87176314179698
,287.2112702649214,287.2112702649216,,0.0,SHAM,+x,LAW_29_L32_S950008,"{""PLANNED"": 0, ""SOURCE"": 0, ""SINK"": 0, ""OTHER"": 0}",,NONE,0.0,0.0,0.0,LAW_29,False,0.0,0.0,False,0,0,0,0.0,3.5901408783115203,0.0,0.0,{},True,950008,32,False,42.673040318798954,0.0,0.0,167.68433628772362,0.5838361988129955,210.3573766065227,0.7324133778332953,383,0.0633245382585752,166.43254049144156,0.9389312977099237,208.45082679311508
0.13625136007662253,287.2112702649214,287.2112702649216,0.8162316852071752,5.495927464914064,PARENT,+x,LAW_29_L32_S950008,"{""PLANNED"": 16, ""SOURCE"": 67, ""SINK"": 57, ""OTHER"": 0}",5760,TRACK_LOST_OR_DISSOLVED,23.26964013998372,0.44485070898844714,127.76613720682289,LAW_29,True,1.7053025658242404e-13,5.10702591327572e-15,False,140,180,320,1148.8450810596921,3.5901408783115203,156.53170481172072,156.53170481172072,"{""NO_SINK_CAPACITY"": 180}",False,950008,32,False,,,,,,,,,,,,
1.0,287.2112702649214,287.2112702649216,0.03919742704204975,16.37052793730719,SRC_SINKSIDE,+x,LAW_29_L32_S950008,"{""PLANNED"": 320, ""SOURCE"": 0, ""SINK"": 0, ""OTHER"": 0}",,NONE,1087.4427818749234,0.1567897081681998,45.03177124745502,LAW_29,False,1.7053025658242404e-13,2.220446049250313e-15,False,320,0,320,1148.8450810596921,3.5901408783115203,1148.8450810596921,1148.8450810596921,{},True,950008,32,False,37.68929772878239,30.848137443464143,0.14320383893253444,146.87674417805127,0.5113892085173863,215.41417935029787,0.7500199388122945,403,0.1424802110817942,144.66896090924968,0.8708133971291866,203.8817008131465
