M256,PHI_per_step,block,bound_by,delivered_fraction,delivered_total,incumbent_removed,n_events,n_rejected,planned_total,quantum,size,spacing,track_alive_at_end,window
166.1146623751574,0.02711137521527909,LAW_16_L24_S950000,"{""PLANNED"": 10, ""SOURCE"": 1014, ""SINK"": 0, ""OTHER"": 0}",0.02611340848797645,55.524096440891576,53.48528390292869,1024,0,2126.2676784019545,2.0764332796894673,24,2,True,2048
166.1146623751574,0.026612742685492508,LAW_16_L24_S950000,"{""PLANNED"": 10, ""SOURCE"": 246, ""SINK"": 0, ""OTHER"": 0}",0.10253252226615235,54.50289701988866,52.248566585353984,256,0,531.5669196005036,2.0764332796894673,24,8,True,2048
166.1146623751574,0.025116689666811923,LAW_16_L24_S950000,"{""PLANNED"": 13, ""SOURCE"": 51, ""SINK"": 0, ""OTHER"": 0}",0.3870743535078482,51.43898043763082,48.470510792666865,64,0,132.8917299001259,2.0764332796894673,24,32,True,2048
166.1146623751574,0.016222134997573964,LAW_16_L24_S950000,"{""PLANNED"": 16, ""SOURCE"": 0, ""SINK"": 0, ""OTHER"": 0}",1.0,33.22293247503148,29.71087999724144,16,0,33.22293247503148,2.0764332796894673,24,128,True,2048
165.3256512582638,0.028207975357529214,LAW_16_L24_S950001,"{""PLANNED"": 10, ""SOURCE"": 1014, ""SINK"": 0, ""OTHER"": 0}",0.02729930910814473,57.76993353221983,55.03634729780209,1024,0,2116.168336105774,2.0665706407282975,24,2,True,2048
165.3256512582638,0.027635396292746948,LAW_16_L24_S950001,"{""PLANNED"": 11, ""SOURCE"": 245, ""SINK"": 0, ""OTHER"": 0}",0.10698069835351119,56.59729160754575,54.11923734166732,256,0,529.0420840264424,2.0665706407282975,24,8,True,2048
165.3256512582638,0.02598203222115788,LAW_16_L24_S950001,"{""PLANNED"": 14, ""SOURCE"": 50, ""SINK"": 0, ""OTHER"": 0}",0.40232112790687946,53.211201988931336,50.52298841813667,64,0,132.26052100661119,2.0665706407282975,24,32,True,2048
165.3256512582638,0.016145083130689825,LAW_16_L24_S950001,"{""PLANNED"": 16, ""SOURCE"": 0, ""SINK"": 0, ""OTHER"": 0}",1.0,33.06513025165276,29.714617982247557,16,0,33.06513025165276,2.0665706407282975,24,128,True,2048
166.5024601571295,0.030415069503659797,LAW_16_L24_S950002,"{""PLANNED"": 11, ""SOURCE"": 1013, ""SINK"": 0, ""OTHER"": 0}",0.02922726256412693,62.290062343495265,58.13876884046242,1024,0,2131.231490011284,2.0812807519641185,24,2,True,2048
166.5024601571295,0.029585545309954487,LAW_16_L24_S950002,"{""PLANNED"": 12, ""SOURCE"": 244, ""SINK"": 0, ""OTHER"": 0}",0.11372053590380568,60.59119679478679,56.649600376126415,256,0,532.8078725028158,2.0812807519641185,24,8,True,2048
166.5024601571295,0.027679616192975633,LAW_16_L24_S950002,"{""PLANNED"": 15, ""SOURCE"": 49, ""SINK"": 0, ""OTHER"": 0}",0.4255782009896238,56.687853963214096,53.008144023400554,64,0,133.20196812570347,2.0812807519641185,24,32,True,2048
166.5024601571295,0.016260005874719676,LAW_16_L24_S950002,"{""PLANNED"": 16, ""SOURCE"": 0, ""SINK"": 0, ""OTHER"": 0}",1.0,33.3004920314259,30.730494743125327,16,0,33.3004920314259,2.0812807519641185,24,128,True,2048
171.1815107910253,0.03035687818499785,LAW_16_L24_S950003,"{""PLANNED"": 10, ""SOURCE"": 1014, ""SINK"": 0, ""OTHER"": 0}",0.028373978516459085,62.1708865228756,58.53033896473714,1024,0,2191.123338125167,2.139768884887816,24,2,True,2048
171.1815107910253,0.029527655435669313,LAW_16_L24_S950003,"{""PLANNED"": 11, ""SOURCE"": 245, ""SINK"": 0, ""OTHER"": 0}",0.11039568111943025,60.47263833225075,57.00697910412695,256,0,547.7808345312816,2.139768884887816,24,8,True,2048
171.1815107910253,0.027530195014662345,LAW_16_L24_S950003,"{""PLANNED"": 14, ""SOURCE"": 50, ""SINK"": 0, ""OTHER"": 0}",0.41171093134919695,56.38183939002848,52.92576097759461,64,0,136.94520863282017,2.139768884887816,24,32,True,2048
171.1815107910253,0.01671694441318606,LAW_16_L24_S950003,"{""PLANNED"": 16, ""SOURCE"": 0, ""SINK"": 0, ""OTHER"": 0}",1.0,34.23630215820505,31.214088813718188,16,0,34.23630215820505,2.139768884887816,24,128,True,2048
165.38829733000193,0.02828443963089979,LAW_16_L24_S950004,"{""PLANNED"": 10, ""SOURCE"": 1014, ""SINK"": 0, ""OTHER"": 0}",0.027362941719594962,57.92653236408277,54.84016686007968,1024,0,2116.9702058240623,2.067353716625024,24,2,True,2048
165.38829733000193,0.02750650339707459,LAW_16_L24_S950004,"{""PLANNED"": 11, ""SOURCE"": 245, ""SINK"": 0, ""OTHER"": 0}",0.10644140158842028,56.33331895720876,53.377624045957276,256,0,529.2425514560045,2.067353716625024,24,8,True,2048
165.38829733000193,0.025907521707455573,LAW_16_L24_S950004,"{""PLANNED"": 13, ""SOURCE"": 51, ""SINK"": 0, ""OTHER"": 0}",0.40101540823502435,53.05860445686901,50.417038304837405,64,0,132.31063786400145,2.067353716625024,24,32,True,2048
165.38829733000193,0.016151200911133003,LAW_16_L24_S950004,"{""PLANNED"": 16, ""SOURCE"": 0, ""SINK"": 0, ""OTHER"": 0}",1.0,33.07765946600039,30.124858328063603,16,0,33.07765946600039,2.067353716625024,24,128,True,2048
165.47046656287193,0.028217058043697063,LAW_16_L24_S950005,"{""PLANNED"": 10, ""SOURCE"": 1014, ""SINK"": 0, ""OTHER"": 0}",0.02728419989845176,57.788534873491585,55.26125111317825,1024,0,2118.021972004786,2.068380832035899,24,2,True,2048
165.47046656287193,0.027730026674564454,LAW_16_L24_S950005,"{""PLANNED"": 11, ""SOURCE"": 245, ""SINK"": 0, ""OTHER"": 0}",0.10725307929785716,56.791094629508,54.40074026746649,256,0,529.5054930011939,2.068380832035899,24,8,True,2048
165.47046656287193,0.026099876958454116,LAW_16_L24_S950005,"{""PLANNED"": 14, ""SOURCE"": 50, ""SINK"": 0, ""OTHER"": 0}",0.4037922077669089,53.45254801091403,50.967233656573725,64,0,132.37637325029755,2.068380832035899,24,32,True,2048
165.47046656287193,0.016159225250280462,LAW_16_L24_S950005,"{""PLANNED"": 16, ""SOURCE"": 0, ""SINK"": 0, ""OTHER"": 0}",1.0,33.09409331257439,29.76952633733035,16,0,33.09409331257439,2.068380832035899,24,128,True,2048
162.94268207312285,0.03145157426212728,LAW_16_L24_S950006,"{""PLANNED"": 12, ""SOURCE"": 1012, ""SINK"": 0, ""OTHER"": 0}",0.030883570946022263,64.41282408883667,59.532345617660695,1024,0,2085.6663305359416,2.0367835259140357,24,2,True,2048
162.94268207312285,0.03018445890376397,LAW_16_L24_S950006,"{""PLANNED"": 12, ""SOURCE"": 244, ""SINK"": 0, ""OTHER"": 0}",0.11855735681176371,61.81777183490861,57.404552805708,256,0,521.4165826339915,2.0367835259140357,24,8,True,2048
162.94268207312285,0.028105565953268425,LAW_16_L24_S950006,"{""PLANNED"": 15, ""SOURCE"": 49, ""SINK"": 0, ""OTHER"": 0}",0.44156784413354966,57.560199072293734,53.23911567351826,64,0,130.35414565849814,2.0367835259140357,24,32,True,2048
162.94268207312285,0.015912371296203404,LAW_16_L24_S950006,"{""PLANNED"": 16, ""SOURCE"": 0, ""SINK"": 0, ""OTHER"": 0}",1.0,32.58853641462457,29.42847691140325,16,0,32.58853641462457,2.0367835259140357,24,128,True,2048
166.3820048673079,0.03134746046431103,LAW_16_L24_S950007,"{""PLANNED"": 11, ""SOURCE"": 1013, ""SINK"": 0, ""OTHER"": 0}",0.0301450489089242,64.19959903090898,59.53696492017712,1024,0,2129.6896623015,2.0797750608413486,24,2,True,2048
166.3820048673079,0.030371889764114163,LAW_16_L24_S950007,"{""PLANNED"": 12, ""SOURCE"": 244, ""SINK"": 0, ""OTHER"": 0}",0.11682759481432549,62.20163023690581,57.745459796912925,256,0,532.4224155753876,2.0797750608413486,24,8,True,2048
166.3820048673079,0.028231072182885994,LAW_16_L24_S950007,"{""PLANNED"": 15, ""SOURCE"": 49, ""SINK"": 0, ""OTHER"": 0}",0.4343711619884967,57.817235830550516,53.63652002680589,64,0,133.10560389384614,2.0797750608413486,24,32,True,2048
166.3820048673079,0.01624824266282304,LAW_16_L24_S950007,"{""PLANNED"": 16, ""SOURCE"": 0, ""SINK"": 0, ""OTHER"": 0}",1.0,33.276400973461584,30.201554104806675,16,0,33.276400973461584,2.0797750608413486,24,128,True,2048
163.48814425886192,0.03016304530964187,LAW_16_L24_S950008,"{""PLANNED"": 11, ""SOURCE"": 1013, ""SINK"": 0, ""OTHER"": 0}",0.029519493731002336,61.77391679414655,57.46888525462212,1024,0,2092.648246513441,2.043601803235774,24,2,True,2048
163.48814425886192,0.029195127006104365,LAW_16_L24_S950008,"{""PLANNED"": 11, ""SOURCE"": 245, ""SINK"": 0, ""OTHER"": 0}",0.1142889068110141,59.79162010850174,55.748819489506516,256,0,523.1620616283608,2.043601803235774,24,8,True,2048
163.48814425886192,0.027036187054914645,LAW_16_L24_S950008,"{""PLANNED"": 14, ""SOURCE"": 50, ""SINK"": 0, ""OTHER"": 0}",0.4233495901145737,55.370111088465194,51.89205784754264,64,0,130.79051540708954,2.043601803235774,24,32,True,2048
163.48814425886192,0.015965639087779485,LAW_16_L24_S950008,"{""PLANNED"": 16, ""SOURCE"": 0, ""SINK"": 0, ""OTHER"": 0}",1.0,32.697628851772386,29.628310856830435,16,0,32.697628851772386,2.043601803235774,24,128,True,2048
295.64059786421444,0.04114695164596445,LAW_16_L32_S950000,"{""PLANNED"": 10, ""SOURCE"": 1014, ""SINK"": 0, ""OTHER"": 0}",0.02226863397961996,84.26895697093519,82.40787327203856,1024,0,3784.1996526620055,3.6955074733026807,32,2,True,2048
295.64059786421444,0.04069643306357887,LAW_16_L32_S950000,"{""PLANNED"": 11, ""SOURCE"": 245, ""SINK"": 0, ""OTHER"": 0}",0.08809925750675558,83.34629491420952,81.18468394469588,256,0,946.0499131654816,3.6955074733026807,32,8,True,2048
295.64059786421444,0.03906961090740785,LAW_16_L32_S950000,"{""PLANNED"": 13, ""SOURCE"": 51, ""SINK"": 0, ""OTHER"": 0}",0.33831011249984566,80.01456313837127,77.49868151808111,64,0,236.5124782913717,3.6955074733026807,32,32,True,2048
295.64059786421444,0.0288711521351772,LAW_16_L32_S950000,"{""PLANNED"": 16, ""SOURCE"": 0, ""SINK"": 0, ""OTHER"": 0}",1.0,59.128119572842905,55.14685713522471,16,0,59.128119572842905,3.6955074733026807,32,128,True,2048
292.4733626461623,0.04325089789578334,LAW_16_L32_S950001,"{""PLANNED"": 11, ""SOURCE"": 1013, ""SINK"": 0, ""OTHER"": 0}",0.023660765550459546,88.57783889056428,86.6041452376967,1024,0,3743.6590418708533,3.6559170330770288,32,2,True,2048
292.4733626461623,0.04271309460554631,LAW_16_L32_S950001,"{""PLANNED"": 12, ""SOURCE"": 244, ""SINK"": 0, ""OTHER"": 0}",0.09346622304411921,87.47641775215884,85.15368210169936,256,0,935.9147604677148,3.6559170330770288,32,8,True,2048
292.4733626461623,0.04078073009992711,LAW_16_L32_S950001,"{""PLANNED"": 13, ""SOURCE"": 51, ""SINK"": 0, ""OTHER"": 0}",0.3569510334591259,83.51893524465072,80.38035328597037,64,0,233.97869011692998,3.6559170330770288,32,32,True,2048
292.4733626461623,0.028561851820914294,LAW_16_L32_S950001,"{""PLANNED"": 16, ""SOURCE"": 0, ""SINK"": 0, ""OTHER"": 0}",1.0,58.494672529232474,55.088019830060055,16,0,58.494672529232474,3.6559170330770288,32,128,True,2048
293.4119394966925,0.0392165838368062,LAW_16_L32_S950002,"{""PLANNED"": 10, ""SOURCE"": 1014, ""SINK"": 0, ""OTHER"": 0}",0.021385133218001687,80.3155636977791,78.99783282293369,1024,0,3755.6728255576472,3.6676492437086567,32,2,True,2048
293.4119394966925,0.038864789936670155,LAW_16_L32_S950002,"{""PLANNED"": 10, ""SOURCE"": 246, ""SINK"": 0, ""OTHER"": 0}",0.08477318817405986,79.59508979030048,77.94917454289666,256,0,938.918206389413,3.6676492437086567,32,8,True,2048
293.4119394966925,0.037394385591589537,LAW_16_L32_S950002,"{""PLANNED"": 12, ""SOURCE"": 52, ""SINK"": 0, ""OTHER"": 0}",0.3262635708644986,76.58370169157537,74.26463400649943,64,0,234.72955159735426,3.6676492437086567,32,32,True,2048
293.4119394966925,0.02865350971647389,LAW_16_L32_S950002,"{""PLANNED"": 16, ""SOURCE"": 0, ""SINK"": 0, ""OTHER"": 0}",1.0000000000000002,58.68238789933853,55.030786530587406,16,0,58.68238789933852,3.6676492437086567,32,128,True,2048
294.3987311456302,0.039608493594175585,LAW_16_L32_S950003,"{""PLANNED"": 10, ""SOURCE"": 1014, ""SINK"": 0, ""OTHER"": 0}",0.021526447992512604,81.1181948808716,79.42803515185537,1024,0,3768.303758664057,3.6799841393203776,32,2,True,2048
294.3987311456302,0.03925202307832782,LAW_16_L32_S950003,"{""PLANNED"": 11, ""SOURCE"": 245, ""SINK"": 0, ""OTHER"": 0}",0.08533085272607072,80.38814326441538,78.27332513272036,256,0,942.0759396660146,3.6799841393203776,32,8,True,2048
294.3987311456302,0.03775982996503321,LAW_16_L32_S950003,"{""PLANNED"": 12, ""SOURCE"": 52, ""SINK"": 0, ""OTHER"": 0}",0.3283477626901447,77.33213176838801,74.53150554818949,64,0,235.51898491650394,3.6799841393203776,32,32,True,2048
294.3987311456302,0.02874987608844044,LAW_16_L32_S950003,"{""PLANNED"": 16, ""SOURCE"": 0, ""SINK"": 0, ""OTHER"": 0}",0.9999999999999999,58.87974622912602,55.477941272177574,16,0,58.87974622912603,3.6799841393203776,32,128,True,2048
296.74346609391785,0.038987351062227976,LAW_16_L32_S950004,"{""PLANNED"": 10, ""SOURCE"": 1014, ""SINK"": 0, ""OTHER"": 0}",0.021021444050876918,79.8460949754429,78.39406911582303,1024,0,3798.316366002082,3.709293326173973,32,2,True,2048
296.74346609391785,0.03864495670870354,LAW_16_L32_S950004,"{""PLANNED"": 10, ""SOURCE"": 246, ""SINK"": 0, ""OTHER"": 0}",0.08334731887826083,79.14487133942485,77.34923501398535,256,0,949.5790915005416,3.709293326173973,32,8,True,2048
296.74346609391785,0.0372336122819724,LAW_16_L32_S950004,"{""PLANNED"": 12, ""SOURCE"": 52, ""SINK"": 0, ""OTHER"": 0}",0.32121363511903495,76.25443795347948,73.67953959318503,64,0,237.39477287513404,3.709293326173973,32,32,True,2048
296.74346609391785,0.028978854110734153,LAW_16_L32_S950004,"{""PLANNED"": 16, ""SOURCE"": 0, ""SINK"": 0, ""OTHER"": 0}",0.9999999999999999,59.348693218783545,55.986704403602836,16,0,59.34869321878355,3.709293326173973,32,128,True,2048
296.9059103853203,0.038717634290873576,LAW_16_L32_S950005,"{""PLANNED"": 9, ""SOURCE"": 1015, ""SINK"": 0, ""OTHER"": 0}",0.02086459470779884,79.29371502770908,77.77860631500062,1024,0,3800.395652932113,3.7113238798165034,32,2,True,2048
296.9059103853203,0.03838900587792264,LAW_16_L32_S950005,"{""PLANNED"": 10, ""SOURCE"": 246, ""SINK"": 0, ""OTHER"": 0}",0.08274999891374737,78.62068403798557,76.7989578864672,256,0,950.0989132330272,3.7113238798165034,32,8,True,2048
296.9059103853203,0.036986002714448116,LAW_16_L32_S950005,"{""PLANNED"": 12, ""SOURCE"": 52, ""SINK"": 0, ""OTHER"": 0}",0.31890293738547526,75.74733355918974,73.3640427687297,64,0,237.52472830825585,3.7113238798165034,32,32,True,2048
296.9059103853203,0.028994717811066436,LAW_16_L32_S950005,"{""PLANNED"": 16, ""SOURCE"": 0, ""SINK"": 0, ""OTHER"": 0}",1.0,59.38118207706406,56.07771505354446,16,0,59.38118207706406,3.7113238798165034,32,128,True,2048
295.34188222609265,0.04353174357774253,LAW_16_L32_S950006,"{""PLANNED"": 11, ""SOURCE"": 1013, ""SINK"": 0, ""OTHER"": 0}",0.023583106195235848,89.1530108472167,87.38092256501876,1024,0,3780.376092493999,3.6917735278261583,32,2,True,2048
295.34188222609265,0.04295866790720159,LAW_16_L32_S950006,"{""PLANNED"": 12, ""SOURCE"": 244, ""SINK"": 0, ""OTHER"": 0}",0.09309058117115214,87.97935187394886,85.88005126577143,256,0,945.0940231234994,3.6917735278261583,32,8,True,2048
295.34188222609265,0.0410820191046975,LAW_16_L32_S950006,"{""PLANNED"": 14, ""SOURCE"": 50, ""SINK"": 0, ""OTHER"": 0}",0.35609568177504475,84.13597512642048,81.53675597348662,64,0,236.2735057808745,3.6917735278261583,32,32,True,2048
295.34188222609265,0.02884198068614186,LAW_16_L32_S950006,"{""PLANNED"": 16, ""SOURCE"": 0, ""SINK"": 0, ""OTHER"": 0}",1.0,59.068376445218526,55.577684518167615,16,0,59.068376445218526,3.6917735278261583,32,128,True,2048
297.3075761749004,0.03687257119218491,LAW_16_L32_S950007,"{""PLANNED"": 9, ""SOURCE"": 1015, ""SINK"": 0, ""OTHER"": 0}",0.019843461329350675,75.51502580159469,73.9023767416618,1024,0,3805.5369750387054,3.7163447021862552,32,2,True,2048
297.3075761749004,0.03656604885077845,LAW_16_L32_S950007,"{""PLANNED"": 9, ""SOURCE"": 247, ""SINK"": 0, ""OTHER"": 0}",0.07871400912680135,74.88726804639427,73.07085829427412,256,0,951.3842437596777,3.7163447021862552,32,8,True,2048
297.3075761749004,0.03529360485021758,LAW_16_L32_S950007,"{""PLANNED"": 11, ""SOURCE"": 53, ""SINK"": 0, ""OTHER"": 0}",0.30389951571030516,72.28130273324561,69.97708802322444,64,0,237.84606093992065,3.7163447021862552,32,32,True,2048
297.3075761749004,0.028440459689760736,LAW_16_L32_S950007,"{""PLANNED"": 15, ""SOURCE"": 1, ""SINK"": 0, ""OTHER"": 0}",0.9795589838982934,58.24606144462999,54.34612862513206,16,0,59.461515234980084,3.7163447021862552,32,128,True,2048
295.5060712445269,0.04002834599822185,LAW_16_L32_S950008,"{""PLANNED"": 10, ""SOURCE"": 1014, ""SINK"": 0, ""OTHER"": 0}",0.021673109228323925,81.97805260435835,80.54654380245134,1024,0,3782.47771192994,3.693825890556586,32,2,True,2048
295.5060712445269,0.03967805707390134,LAW_16_L32_S950008,"{""PLANNED"": 10, ""SOURCE"": 246, ""SINK"": 0, ""OTHER"": 0}",0.08593378951691237,81.26066088734994,79.56919729609477,256,0,945.619427982485,3.693825890556586,32,8,True,2048
295.5060712445269,0.03817621545379863,LAW_16_L32_S950008,"{""PLANNED"": 12, ""SOURCE"": 52, ""SINK"": 0, ""OTHER"": 0}",0.3307245470461198,78.1848892493796,75.76566055380108,64,0,236.40485699562134,3.693825890556586,32,32,True,2048
295.5060712445269,0.028858014769973336,LAW_16_L32_S950008,"{""PLANNED"": 16, ""SOURCE"": 0, ""SINK"": 0, ""OTHER"": 0}",1.0,59.10121424890539,55.95825203839665,16,0,59.10121424890539,3.693825890556586,32,128,True,2048
