DELIVERED_FRACTION,I0,M256,UCR,arm,attempted_mass,axis,block,bound_by,ceil,delivered_per_1000_steps,fire_plan,first_failure_time,first_failure_type,floor,fresh_over_M256,fresh_retained,futile_fraction,incumbent_displacement,incumbent_removed_over_M256,incumbent_removed_unique,loss,max_global_balance_residual,max_identity_residual,n_events,n_opportunities,n_rejected,n_waited,quantum,realized_sink,reject_causes,replacement_per_1000_steps,replacement_per_attempted,replacement_per_delivered,same_track_continuous,seed,size,terminal_F_over_T,terminal_I_over_I0,terminal_T,terminal_margin_frac_below_0.05,terminal_margin_frac_below_0.10,terminal_margin_median,terminal_margin_min,terminal_margin_q10,terminal_shadow_40_alive,terminal_shadow_40_area,terminal_shadow_40_jaccard_C256,terminal_shadow_40_jaccard_official,terminal_shadow_45_alive,terminal_shadow_45_area,terminal_shadow_45_jaccard_C256,terminal_shadow_45_jaccard_official,terminal_shadow_50_alive,terminal_shadow_50_area,terminal_shadow_50_jaccard_C256,terminal_shadow_50_jaccard_official,terminal_shadow_55_alive,terminal_shadow_55_area,terminal_shadow_55_jaccard_C256,terminal_shadow_55_jaccard_official,terminal_shadow_60_alive,terminal_shadow_60_area,terminal_shadow_60_jaccard_C256,terminal_shadow_60_jaccard_official
0.0853901002294716,167.94994007010663,167.94994007010672,0.2778595156744808,SAFE_ONLINE_TRIGGER,671.7997602804236,+x,L24_S990000,"{""PLANNED"": 11, ""SOURCE"": 5, ""SINK"": 0, ""OTHER"": 0}",1.0,8.002936504531302,"[[0, 2.099374250876334], [1, 2.099374250876334], [2, 2.099374250876334], [3, 2.099374250876334], [4, 2.099374250876334], [5, 2.099374250876334], [6, 2.099374250876334], [7, 2.099374250876334], [8, 2.099374250876334], [9, 2.099374250876334], [10, 2.099374250876334], [54, 8.397497003505336], [122, 8.397497003505336], [204, 8.397497003505336], [291, 8.397497003505336], [319, 8.397497003505336]]",,NONE,0.0,0.2778595156744808,46.66648900543793,0.013803071613867618,0.49893584449331685,0.30555307626941947,51.317620847685745,False,5.684341886080802e-14,8.548717289613705e-15,16,320,0,304,2.099374250876334,57.36504886448037,{},6.510391881338997,0.06946487891862055,0.8135003792236489,True,990000,24,0.28544984733464007,0.5010641555066832,163.48402159322097,0.07582938388625593,0.12322274881516587,0.372150498523861,0.0005238401029777906,0.07100988208411413,True,221,0.4709897610921502,0.9547511312217195,True,211,0.47719298245614034,1.0,True,195,0.4781021897810219,0.9241706161137441,True,185,0.4794007490636704,0.8767772511848341,True,173,0.47876447876447875,0.8199052132701422
0.09095789011321535,164.8128155901209,164.81281559012086,0.28784159419138694,SAFE_ONLINE_TRIGGER,659.251262360485,-x,L24_S990001,"{""PLANNED"": 12, ""SOURCE"": 5, ""SINK"": 0, ""OTHER"": 0}",1.0,8.36552788487493,"[[0, 2.0601601948765107], [1, 2.0601601948765107], [2, 2.0601601948765107], [3, 2.0601601948765107], [4, 2.0601601948765107], [5, 2.0601601948765107], [6, 2.0601601948765107], [7, 2.0601601948765107], [8, 2.0601601948765107], [9, 2.0601601948765107], [10, 2.0601601948765107], [11, 2.0601601948765107], [54, 8.240640779506043], [119, 8.240640779506043], [196, 8.240640779506043], [274, 8.240640779506043], [319, 8.240640779506043]]",,NONE,0.0,0.28784159419138694,47.43998358263146,0.023804304162335144,0.5212325237204225,0.3243626930872557,53.45912872010484,False,1.4210854715202004e-13,6.994405055138486e-15,17,320,0,303,2.0601601948765107,59.964103878783504,{},6.618301281059076,0.07196039854784657,0.7911397071576463,True,990001,24,0.30022063754240963,0.4787674762795775,158.01706362018507,0.06896551724137931,0.10344827586206896,0.3718976060858172,3.802400331315292e-05,0.08500945666833665,True,219,0.46258503401360546,0.9269406392694064,True,203,0.45774647887323944,1.0,True,189,0.47058823529411764,0.9310344827586207,True,182,0.47191011235955055,0.896551724137931,True,168,0.46332046332046334,0.8275862068965517
0.09582119774833205,165.32770555011422,165.32770555011422,0.30536152775127284,SAFE_ONLINE_TRIGGER,661.3108222004561,+y,L24_S990002,"{""PLANNED"": 13, ""SOURCE"": 5, ""SINK"": 0, ""OTHER"": 0}",1.0,8.840345293970696,"[[0, 2.0665963193764276], [1, 2.0665963193764276], [2, 2.0665963193764276], [3, 2.0665963193764276], [4, 2.0665963193764276], [5, 2.0665963193764276], [6, 2.0665963193764276], [7, 2.0665963193764276], [8, 2.0665963193764276], [9, 2.0665963193764276], [10, 2.0665963193764276], [11, 2.0665963193764276], [12, 2.0665963193764276], [54, 8.26638527750571], [119, 8.26638527750571], [193, 8.26638527750571], [266, 8.26638527750571], [319, 8.26638527750571]]",,NONE,0.0,0.30536152775127284,50.48472074639547,0.028607963103099772,0.5184884067588432,0.3379880449146561,55.87878796910904,False,8.526512829121202e-14,6.5503158452884236e-15,18,320,0,302,2.0665963193764276,63.36759506718195,{},7.043069300557404,0.07634038193781831,0.7966961771686595,True,990002,24,0.3064308676910883,0.4815115932411568,164.7507678543955,0.07075471698113207,0.11320754716981132,0.38225420868334586,0.000994743914431162,0.07228317022787495,True,224,0.4612794612794613,0.9464285714285714,True,212,0.45517241379310347,1.0,True,197,0.4693140794223827,0.9292452830188679,True,188,0.4740740740740741,0.8867924528301887,True,173,0.45627376425855515,0.8160377358490566
0.09665043504879317,168.36379324376009,168.3637932437601,0.3029949249039764,SAFE_ONLINE_TRIGGER,673.455172975043,-y,L24_S990003,"{""PLANNED"": 13, ""SOURCE"": 5, ""SINK"": 0, ""OTHER"": 0}",1.0,9.08059925417106,"[[0, 2.1045474155470014], [1, 2.1045474155470014], [2, 2.1045474155470014], [3, 2.1045474155470014], [4, 2.1045474155470014], [5, 2.1045474155470014], [6, 2.1045474155470014], [7, 2.1045474155470014], [8, 2.1045474155470014], [9, 2.1045474155470014], [10, 2.1045474155470014], [11, 2.1045474155470014], [12, 2.1045474155470014], [57, 8.418189662188006], [121, 8.418189662188006], [192, 8.418189662188006], [262, 8.418189662188006], [319, 8.418189662188006]]",,NONE,0.0,0.3029949249039764,51.0133748904417,0.03456223328532293,0.5176504668208792,0.3406789135012339,57.357994155230585,False,5.684341886080802e-14,1.0325074129013956e-14,18,320,0,302,2.1045474155470014,65.08973545389816,{},7.116821273778139,0.07574873122599382,0.7837391646271711,True,990003,24,0.30750013341449933,0.4823495331791208,165.89708213777413,0.07476635514018691,0.11682242990654206,0.37852710120635796,0.002331854403228306,0.06981140345221765,True,229,0.46357615894039733,0.9344978165938864,True,214,0.46735395189003437,1.0,True,198,0.4626334519572954,0.9252336448598131,True,189,0.4618181818181818,0.883177570093458,True,174,0.4659090909090909,0.8130841121495327
0.11132500569219893,164.24584848058248,164.2458484805825,0.33030813782168567,SAFE_ONLINE_TRIGGER,656.9833939223323,+x,L24_S990004,"{""PLANNED"": 14, ""SOURCE"": 6, ""SINK"": 0, ""OTHER"": 0}",1.0,10.203498893426872,"[[0, 2.0530731060072815], [1, 2.0530731060072815], [2, 2.0530731060072815], [3, 2.0530731060072815], [4, 2.0530731060072815], [5, 2.0530731060072815], [6, 2.0530731060072815], [7, 2.0530731060072815], [8, 2.0530731060072815], [9, 2.0530731060072815], [10, 2.0530731060072815], [11, 2.0530731060072815], [12, 2.0530731060072815], [13, 2.0530731060072815], [53, 8.212292424029126], [110, 8.212292424029126], [170, 8.212292424029126], [227, 8.212292424029126], [277, 8.212292424029126], [319, 8.212292424029126]]",,NONE,0.0,0.33030813782168567,54.25174035656395,0.06260727801899403,0.5528396702523102,0.3776406865761362,62.02591498748722,False,1.4210854715202004e-13,6.661338147750939e-15,20,320,0,300,2.0530731060072815,73.13868006808381,{},7.5686021702795685,0.08257703445542114,0.7417653737538294,True,990004,24,0.344431713419252,0.44716032974768977,157.51087441395734,0.03980099502487562,0.0845771144278607,0.38347247421374936,0.0032136419935744343,0.10321267405672002,True,219,0.4463087248322148,0.9178082191780822,True,201,0.44405594405594406,1.0,True,193,0.45161290322580644,0.9601990049751243,True,184,0.4612546125461255,0.9154228855721394,True,168,0.45038167938931295,0.835820895522388
0.09308216242041985,164.3733107833237,164.37331078332372,0.293679660845069,SAFE_ONLINE_TRIGGER,657.4932431332961,-x,L24_S990005,"{""PLANNED"": 12, ""SOURCE"": 5, ""SINK"": 0, ""OTHER"": 0}",1.0,8.53807098879214,"[[0, 2.0546663847915463], [1, 2.0546663847915463], [2, 2.0546663847915463], [3, 2.0546663847915463], [4, 2.0546663847915463], [5, 2.0546663847915463], [6, 2.0546663847915463], [7, 2.0546663847915463], [8, 2.0546663847915463], [9, 2.0546663847915463], [10, 2.0546663847915463], [11, 2.0546663847915463], [49, 8.218665539166185], [110, 8.218665539166185], [183, 8.218665539166185], [257, 8.218665539166185], [319, 8.218665539166185]]",,NONE,0.0,0.293679660845069,48.27309816282764,0.02469419822356083,0.52383823178298,0.3309548225840792,54.40013990785261,False,5.684341886080802e-14,6.8833827526759706e-15,17,320,0,303,2.0546663847915463,61.20089284766207,{},6.7345282035194804,0.07341991521126712,0.7887646064737389,True,990005,24,0.30614422003336755,0.47616176821702,157.680906592214,0.06862745098039216,0.11764705882352941,0.3694225428560372,0.0028999695566903627,0.07343435287253958,True,216,0.47058823529411764,0.9444444444444444,True,204,0.45936395759717313,1.0,True,190,0.46691176470588236,0.9313725490196079,True,180,0.4734848484848485,0.8823529411764706,True,166,0.47058823529411764,0.8137254901960784
0.1193157352780518,165.5266955823193,165.52669558231926,0.3484479275810121,SAFE_ONLINE_TRIGGER,662.1067823292805,+y,L24_S990006,"{""PLANNED"": 15, ""SOURCE"": 6, ""SINK"": 1, ""OTHER"": 0}",1.0,11.0211715354636,"[[0, 2.069083694778991], [1, 2.069083694778991], [2, 2.069083694778991], [3, 2.069083694778991], [4, 2.069083694778991], [5, 2.069083694778991], [6, 2.069083694778991], [7, 2.069083694778991], [8, 2.069083694778991], [9, 2.069083694778991], [10, 2.069083694778991], [11, 2.069083694778991], [12, 2.069083694778991], [13, 2.069083694778991], [14, 2.069083694778991], [50, 8.276334779115963], [103, 8.276334779115963], [160, 8.276334779115963], [210, 8.276334779115963], [254, 8.276334779115963], [293, 8.276334779115963], [319, 8.276334779115963]]",,NONE,0.0,0.3484479275810121,57.677434034992224,0.08168911939650282,0.5607775876188426,0.40202449845013677,66.54578677159037,False,8.526512829121202e-14,6.661338147750939e-15,22,320,0,298,2.069083694778991,78.99975756620309,{},8.046517024971013,0.08711198189525259,0.7300963422154504,True,990006,24,0.35101273230846997,0.43922241238115745,164.31721338331766,0.04245283018867924,0.10849056603773585,0.37802469418752166,0.00016093716169979233,0.08138616286020134,True,223,0.4129032258064516,0.9506726457399103,True,212,0.4280936454849498,1.0,True,203,0.4413793103448276,0.9575471698113207,True,189,0.4326241134751773,0.8915094339622641,True,168,0.4185185185185185,0.7924528301886793
0.10768325607360868,161.78420696355911,161.78420696355897,0.32182350864514103,SAFE_ONLINE_TRIGGER,647.136827854232,-y,L24_S990007,"{""PLANNED"": 13, ""SOURCE"": 6, ""SINK"": 0, ""OTHER"": 0}",1.0,9.721791399063907,"[[0, 2.022302587044487], [1, 2.022302587044487], [2, 2.022302587044487], [3, 2.022302587044487], [4, 2.022302587044487], [5, 2.022302587044487], [6, 2.022302587044487], [7, 2.022302587044487], [8, 2.022302587044487], [9, 2.022302587044487], [10, 2.022302587044487], [11, 2.022302587044487], [12, 2.022302587044487], [48, 8.089210348177948], [103, 8.089210348177948], [164, 8.089210348177948], [225, 8.089210348177948], [279, 8.089210348177948], [319, 8.089210348177948]]",,NONE,0.0,0.32182350864514103,52.06596112838421,0.05770587926041422,0.5490600667788748,0.36775738619110543,59.497337079919284,False,1.4210854715202004e-13,6.439293542825908e-15,19,320,0,301,2.022302587044487,69.68580074849008,{},7.263666452062529,0.08045587716128574,0.7471530866998375,True,990007,24,0.33185599649994024,0.45093993322112524,156.89323585386407,0.06403940886699508,0.1330049261083744,0.3714427073763585,0.0012942434968452043,0.06093424103832773,True,222,0.4576271186440678,0.9144144144144144,True,203,0.4421052631578947,1.0,True,190,0.4420289855072464,0.9359605911330049,True,176,0.4600760456273764,0.8669950738916257,True,170,0.46511627906976744,0.8374384236453202
0.11854364237771062,164.2059718622511,164.20597186225112,0.346233336996382,SAFE_ONLINE_TRIGGER,656.823887449004,+x,L24_S990008,"{""PLANNED"": 14, ""SOURCE"": 6, ""SINK"": 1, ""OTHER"": 0}",1.0,10.862485493707084,"[[0, 2.052574648278139], [1, 2.052574648278139], [2, 2.052574648278139], [3, 2.052574648278139], [4, 2.052574648278139], [5, 2.052574648278139], [6, 2.052574648278139], [7, 2.052574648278139], [8, 2.052574648278139], [9, 2.052574648278139], [10, 2.052574648278139], [11, 2.052574648278139], [12, 2.052574648278139], [13, 2.052574648278139], [50, 8.210298593112556], [103, 8.210298593112556], [160, 8.210298593112556], [214, 8.210298593112556], [261, 8.210298593112556], [303, 8.210298593112556], [319, 8.210298593112556]]",,NONE,0.0,0.346233336996382,56.85358159260121,0.0820605591639313,0.5535463351112077,0.39342695568821906,64.60305561559082,False,8.526512829121202e-14,8.770761894538737e-15,21,320,0,299,2.052574648278139,77.86229601889238,{},7.931582253432088,0.08655833424909555,0.7301811595538661,True,990008,24,0.3487332155185802,0.44645366488879235,163.0288686670057,0.05238095238095238,0.13333333333333333,0.37797992289291443,0.002047054338429888,0.08265091313764189,True,220,0.42857142857142855,0.9545454545454546,True,210,0.44329896907216493,1.0,True,199,0.4555160142348754,0.9476190476190476,True,182,0.44649446494464945,0.8666666666666667,True,170,0.45038167938931295,0.8095238095238095
0.06787245083284843,299.1842252564305,299.1842252564305,0.23066123772211536,SAFE_ONLINE_TRIGGER,1196.7369010257241,+x,L32_S990100,"{""PLANNED"": 11, ""SOURCE"": 3, ""SINK"": 0, ""OTHER"": 0}",1.0,11.331677800603217,"[[0, 3.7398028157053815], [1, 3.7398028157053815], [2, 3.7398028157053815], [3, 3.7398028157053815], [4, 3.7398028157053815], [5, 3.7398028157053815], [6, 3.7398028157053815], [7, 3.7398028157053815], [8, 3.7398028157053815], [9, 3.7398028157053815], [10, 3.7398028157053815], [75, 14.959211262821526], [188, 14.959211262821526], [319, 14.959211262821526]]",,NONE,0.0,0.23066123772211536,69.01020370458043,0.00422424538762321,0.4287824478820135,0.25295820455052026,75.68110445070508,False,5.684341886080802e-14,9.2148511043888e-15,14,320,0,306,3.7398028157053815,81.22546647472386,{},9.627539579322047,0.05766530943052874,0.8496128948185896,True,990100,32,0.24152281842058368,0.5712175521179865,285.7295395767006,0.031791907514450865,0.06069364161849711,0.42765188605626275,0.0006171295355308914,0.1345163875928081,True,379,0.5450819672131147,0.9129287598944591,True,346,0.5373134328358209,1.0,True,335,0.5367965367965368,0.9682080924855492,True,325,0.5418502202643172,0.9393063583815029,True,309,0.5510204081632653,0.8930635838150289
0.07279346188274945,291.5817632512109,291.58176325121104,0.24737296562465932,SAFE_ONLINE_TRIGGER,1166.3270530048533,-x,L32_S990101,"{""PLANNED"": 12, ""SOURCE"": 4, ""SINK"": 0, ""OTHER"": 0}",1.0,11.844445295162984,"[[0, 3.644772040640138], [1, 3.644772040640138], [2, 3.644772040640138], [3, 3.644772040640138], [4, 3.644772040640138], [5, 3.644772040640138], [6, 3.644772040640138], [7, 3.644772040640138], [8, 3.644772040640138], [9, 3.644772040640138], [10, 3.644772040640138], [11, 3.644772040640138], [83, 14.579088162560552], [191, 14.579088162560552], [314, 14.579088162560552], [319, 14.579088162560552]]",,NONE,0.0,0.24737296562465932,72.12944549751938,0.00821264950105922,0.43927377824303127,0.2710900312117613,79.0449093005512,False,1.1368683772161603e-13,8.659739592076221e-15,16,320,0,304,3.644772040640138,84.90098387572827,{},10.062701659810182,0.06184324140616435,0.8495713736733261,True,990101,32,0.25728463163929355,0.5607262217569687,280.3488301572673,0.02932551319648094,0.07624633431085044,0.42508578337334973,0.004805615487059434,0.12590585706160234,True,363,0.5283018867924528,0.9393939393939394,True,341,0.5336225596529284,1.0,True,331,0.5352422907488987,0.9706744868035191,True,315,0.5372460496613995,0.9237536656891495,True,297,0.5347222222222222,0.8709677419354839
0.06379812020595606,291.7526444542972,291.75264445429724,0.22187800742405517,SAFE_ONLINE_TRIGGER,1167.010577817194,+y,L32_S990102,"{""PLANNED"": 10, ""SOURCE"": 3, ""SINK"": 0, ""OTHER"": 0}",1.0,10.386869576618803,"[[0, 3.6469080556787157], [1, 3.6469080556787157], [2, 3.6469080556787157], [3, 3.6469080556787157], [4, 3.6469080556787157], [5, 3.6469080556787157], [6, 3.6469080556787157], [7, 3.6469080556787157], [8, 3.6469080556787157], [9, 3.6469080556787157], [78, 14.587632222714863], [198, 14.587632222714863], [319, 14.587632222714863]]",,NONE,0.0,0.22187800742405517,64.73349541221829,0.0020497799776160626,0.4064666516795993,0.23729901577557933,69.23261537892726,False,5.684341886080802e-14,7.438494264988549e-15,13,320,0,307,3.6469080556787157,74.45308112520358,{},9.03090058764206,0.055469501856013556,0.8694535462321511,True,990102,32,0.2252519205988789,0.5935333483204007,287.38265689416045,0.042492917847025496,0.09348441926345609,0.4190734231806004,0.0002683788494640127,0.10325146711251959,True,367,0.5378151260504201,0.9618528610354223,True,353,0.5440860215053763,1.0,True,338,0.5518763796909493,0.9575070821529745,True,320,0.5532879818594104,0.9065155807365439,True,296,0.5407925407925408,0.8385269121813032
0.06721858089032211,296.3250827360912,296.32508273609125,0.2309398822900029,SAFE_ONLINE_TRIGGER,1185.3003309443718,-y,L32_S990103,"{""PLANNED"": 11, ""SOURCE"": 3, ""SINK"": 0, ""OTHER"": 0}",1.0,11.115263138240765,"[[0, 3.7040635342011408], [1, 3.7040635342011408], [2, 3.7040635342011408], [3, 3.7040635342011408], [4, 3.7040635342011408], [5, 3.7040635342011408], [6, 3.7040635342011408], [7, 3.7040635342011408], [8, 3.7040635342011408], [9, 3.7040635342011408], [10, 3.7040635342011408], [82, 14.816254136804563], [198, 14.816254136804563], [319, 14.816254136804563]]",,NONE,0.0,0.2309398822900029,68.43327972664828,0.003534318770787493,0.4217385864469878,0.25057919222033964,74.25289986663506,False,5.684341886080802e-14,9.658940314238862e-15,14,320,0,306,3.7040635342011408,79.67420617490981,{},9.547053533293566,0.05773497057250039,0.8589138569691653,True,990103,32,0.23878201481582065,0.5782614135530122,286.59310785794656,0.042735042735042736,0.09401709401709402,0.42374840227160476,0.0001062410810656611,0.10345147917032921,True,370,0.54375,0.9486486486486486,True,351,0.5427350427350427,1.0,True,336,0.5436681222707423,0.9572649572649573,True,318,0.534521158129176,0.905982905982906,True,303,0.5494252873563218,0.8632478632478633
0.07101584934618045,298.4938045591003,298.4938045591001,0.2431596361920524,SAFE_ONLINE_TRIGGER,1193.9752182363989,+x,L32_S990104,"{""PLANNED"": 11, ""SOURCE"": 4, ""SINK"": 0, ""OTHER"": 0}",1.0,11.829124472844454,"[[0, 3.7311725569887515], [1, 3.7311725569887515], [2, 3.7311725569887515], [3, 3.7311725569887515], [4, 3.7311725569887515], [5, 3.7311725569887515], [6, 3.7311725569887515], [7, 3.7311725569887515], [8, 3.7311725569887515], [9, 3.7311725569887515], [10, 3.7311725569887515], [68, 14.924690227955006], [174, 14.924690227955006], [306, 14.924690227955006], [319, 14.924690227955006]]",,NONE,0.0,0.2431596361920524,72.58164492217237,0.005432768238007088,0.4342024987491534,0.26427447004568577,78.88429201177668,False,1.1368683772161603e-13,8.215650382226158e-15,15,320,0,305,3.7311725569887515,84.79116422134904,{},10.125787517044136,0.06078990904801318,0.8560048159345535,True,990104,32,0.2519799531868977,0.5657975012508466,288.04531473318184,0.039886039886039885,0.08262108262108261,0.42185634296991387,0.010660086367143107,0.11650012899145618,True,371,0.5254582484725051,0.9460916442048517,True,351,0.5283018867924528,1.0,True,337,0.540948275862069,0.9601139601139601,True,322,0.5418502202643172,0.9173789173789174,True,305,0.5279642058165548,0.8689458689458689
0.06951705804157893,297.4880314386322,297.4880314386322,0.23978412298070334,SAFE_ONLINE_TRIGGER,1189.9521257545282,-x,L32_S990105,"{""PLANNED"": 12, ""SOURCE"": 3, ""SINK"": 0, ""OTHER"": 0}",1.0,11.540453542519218,"[[0, 3.7186003929829026], [1, 3.7186003929829026], [2, 3.7186003929829026], [3, 3.7186003929829026], [4, 3.7186003929829026], [5, 3.7186003929829026], [6, 3.7186003929829026], [7, 3.7186003929829026], [8, 3.7186003929829026], [9, 3.7186003929829026], [10, 3.7186003929829026], [11, 3.7186003929829026], [90, 14.87440157193161], [213, 14.87440157193161], [319, 14.87440157193161]]",,NONE,0.0,0.23978412298070334,71.33290671576833,0.003724288410715167,0.4275841444098275,0.2598188713104895,77.29300455676483,False,1.1368683772161603e-13,8.104628079763643e-15,15,320,0,305,3.7186003929829026,82.72197099277776,{},9.951577387802502,0.05994603074517587,0.8623211688463785,True,990105,32,0.24557057171368335,0.5724158555901725,290.4782369401212,0.042492917847025496,0.0708215297450425,0.4260076717326197,0.003571629582782232,0.13607932797300454,True,380,0.5365853658536586,0.9289473684210526,True,353,0.5379746835443038,1.0,True,338,0.535483870967742,0.9575070821529745,True,328,0.543859649122807,0.9291784702549575,True,313,0.5518018018018018,0.886685552407932
0.06355672930860778,297.15410789091976,297.1541078909197,0.2195601534856444,SAFE_ONLINE_TRIGGER,1188.6164315636831,+y,L32_S990106,"{""PLANNED"": 10, ""SOURCE"": 3, ""SINK"": 0, ""OTHER"": 0}",1.0,10.539142409689779,"[[0, 3.714426348636496], [1, 3.714426348636496], [2, 3.714426348636496], [3, 3.714426348636496], [4, 3.714426348636496], [5, 3.714426348636496], [6, 3.714426348636496], [7, 3.714426348636496], [8, 3.714426348636496], [9, 3.714426348636496], [83, 14.857705394545984], [203, 14.857705394545984], [319, 14.857705394545984]]",,NONE,0.0,0.2195601534856444,65.24320153742006,0.00222778492083785,0.4089782596855024,0.23605229209329612,70.14390827259021,False,1.1368683772161603e-13,8.43769498715119e-15,13,320,0,307,3.714426348636496,75.54457279265634,{},9.102009143055255,0.0548900383714109,0.8636385001009937,True,990106,32,0.2261455600999016,0.5910217403144976,288.50091732333084,0.036931818181818184,0.08522727272727272,0.421717727354103,0.012424844520692035,0.12120994667308466,True,375,0.5424430641821946,0.9386666666666666,True,352,0.5460385438972163,1.0,True,339,0.5548245614035088,0.9630681818181818,True,322,0.5620767494356659,0.9147727272727273,True,306,0.5469107551487414,0.8693181818181818
0.06347247078426174,297.27537977262773,297.2753797726278,0.2202726057493238,SAFE_ONLINE_TRIGGER,1189.1015190905143,-y,L32_S990107,"{""PLANNED"": 10, ""SOURCE"": 3, ""SINK"": 0, ""OTHER"": 0}",1.0,10.52946588030049,"[[0, 3.715942247157847], [1, 3.715942247157847], [2, 3.715942247157847], [3, 3.715942247157847], [4, 3.715942247157847], [5, 3.715942247157847], [6, 3.715942247157847], [7, 3.715942247157847], [8, 3.715942247157847], [9, 3.715942247157847], [81, 14.863768988631389], [203, 14.863768988631389], [319, 14.863768988631389]]",,NONE,0.0,0.2202726057493238,65.48162252763655,0.002207939881076538,0.40465021332381335,0.23579886126038552,70.09719603113427,False,1.1368683772161603e-13,6.5503158452884236e-15,13,320,0,307,3.715942247157847,75.47521142999392,{},9.135270999949295,0.0550681514373308,0.867591110869205,True,990107,32,0.22464127047675975,0.5953497866761867,291.49417820093277,0.030985915492957747,0.07042253521126761,0.42324298675372046,0.007191322222378671,0.1275129984023386,True,378,0.5495867768595041,0.9391534391534392,True,355,0.5534188034188035,1.0,True,344,0.5599128540305011,0.9690140845070423,True,330,0.5634743875278396,0.9295774647887324,True,307,0.5537757437070938,0.8647887323943662
0.06973909980265137,299.1297562737476,299.1297562737477,0.2380704538086738,SAFE_ONLINE_TRIGGER,1196.519025094992,+x,L32_S990108,"{""PLANNED"": 11, ""SOURCE"": 4, ""SINK"": 0, ""OTHER"": 0}",1.0,11.641205316248714,"[[0, 3.7391219534218463], [1, 3.7391219534218463], [2, 3.7391219534218463], [3, 3.7391219534218463], [4, 3.7391219534218463], [5, 3.7391219534218463], [6, 3.7391219534218463], [7, 3.7391219534218463], [8, 3.7391219534218463], [9, 3.7391219534218463], [10, 3.7391219534218463], [11, 3.7391219534218463], [91, 14.956487813687385], [212, 14.956487813687385], [319, 14.956487813687385]]",,NONE,0.0,0.2380704538086738,71.21395682376911,0.003768056962422488,0.4342703602141951,0.2611345571094648,78.11311642280727,False,5.684341886080802e-14,8.548717289613705e-15,15,320,0,305,3.7391219534218463,83.44415970687078,{},9.934982815816003,0.0595176134521684,0.8534324879528431,True,990108,32,0.24975012073159433,0.5657296397858049,285.14083042347164,0.040345821325648415,0.08069164265129683,0.4287233734414661,9.589425342970692e-05,0.11725820692213301,True,372,0.5518672199170125,0.9327956989247311,True,347,0.535031847133758,1.0,True,333,0.5346320346320347,0.9596541786743515,True,319,0.5478841870824054,0.9193083573487032,True,307,0.5522727272727272,0.8847262247838616
0.08634769638919682,167.94994007010663,167.94994007010672,0.2797539371232126,SAFE_DONOR_YOKED_REPLAY,671.7997602804236,+x,L24_S990000,"{""PLANNED"": 11, ""SOURCE"": 6, ""SINK"": 0, ""OTHER"": 0}",1.0,8.092684393837782,"[[0, 2.0601601948765107], [1, 2.0601601948765107], [2, 2.0601601948765107], [3, 2.0601601948765107], [4, 2.0601601948765107], [5, 2.0601601948765107], [6, 2.0601601948765107], [7, 2.0601601948765107], [8, 2.0601601948765107], [9, 2.0601601948765107], [10, 2.0601601948765107], [11, 2.0601601948765107], [54, 8.240640779506043], [119, 8.240640779506043], [196, 8.240640779506043], [274, 8.240640779506043], [319, 8.240640779506043]]",,NONE,0.0,0.2797539371232126,46.984656974219966,0.013965324951350382,0.5000029964491808,0.308341483204006,51.785933625240624,False,5.684341886080802e-14,6.8833827526759706e-15,17,320,0,303,2.099374250876334,58.00836173502922,{},6.554779153769526,0.06993848428080349,0.8099635219632064,True,990000,24,0.28763374116815493,0.4999970035508193,163.34890608940083,0.0761904761904762,0.10952380952380952,0.3738417888062849,0.0035893897104118944,0.08299609087394716,True,224,0.47619047619047616,0.9375,True,210,0.47368421052631576,1.0,True,194,0.4690909090909091,0.9238095238095239,True,187,0.4758364312267658,0.8904761904761904,True,175,0.4864864864864865,0.8333333333333334
0.09150198778826045,164.8128155901209,164.81281559012086,0.28839337087179134,SAFE_DONOR_YOKED_REPLAY,659.251262360485,-x,L24_S990001,"{""PLANNED"": 12, ""SOURCE"": 6, ""SINK"": 0, ""OTHER"": 0}",1.0,8.415569330064786,"[[0, 2.0665963193764276], [1, 2.0665963193764276], [2, 2.0665963193764276], [3, 2.0665963193764276], [4, 2.0665963193764276], [5, 2.0665963193764276], [6, 2.0665963193764276], [7, 2.0665963193764276], [8, 2.0665963193764276], [9, 2.0665963193764276], [10, 2.0665963193764276], [11, 2.0665963193764276], [12, 2.0665963193764276], [54, 8.240640779506043], [119, 8.240640779506043], [193, 8.240640779506043], [266, 8.240640779506043], [319, 8.240640779506043]]",,NONE,0.0,0.28839337087179134,47.53092345090588,0.022636593184792317,0.5241887099140978,0.3266045445718229,53.82861457541126,False,8.526512829121202e-14,6.5503158452884236e-15,18,320,0,302,2.0601601948765107,60.322800957904384,{},6.630988204646466,0.07209834271794767,0.7879429120686028,True,990001,24,0.30205791915321223,0.47581129008590217,157.35698499199708,0.04477611940298507,0.08955223880597014,0.37759204833584964,0.0013337549373282909,0.10684363036913408,True,219,0.4576271186440678,0.9178082191780822,True,201,0.4558303886925795,1.0,True,192,0.4708029197080292,0.9552238805970149,True,183,0.4701492537313433,0.9104477611940298,True,170,0.4653846153846154,0.845771144278607
0.0961145207758011,165.32770555011422,165.32770555011422,0.30586761559530645,SAFE_DONOR_YOKED_REPLAY,661.3108222004561,+y,L24_S990002,"{""PLANNED"": 13, ""SOURCE"": 5, ""SINK"": 0, ""OTHER"": 0}",1.0,8.86740691401337,"[[0, 2.1045474155470014], [1, 2.1045474155470014], [2, 2.1045474155470014], [3, 2.1045474155470014], [4, 2.1045474155470014], [5, 2.1045474155470014], [6, 2.1045474155470014], [7, 2.1045474155470014], [8, 2.1045474155470014], [9, 2.1045474155470014], [10, 2.1045474155470014], [11, 2.1045474155470014], [12, 2.1045474155470014], [57, 8.26638527750571], [121, 8.26638527750571], [192, 8.26638527750571], [262, 8.26638527750571], [319, 8.26638527750571]]",,NONE,0.0,0.30586761559530645,50.568391088456345,0.029256177431006367,0.5185101611119094,0.33863281731594486,55.98538671081615,False,1.1368683772161603e-13,6.106226635438361e-15,18,320,0,302,2.0665963193764276,63.561572759647845,{},7.054742060331522,0.07646690389882671,0.7955811804669466,True,990002,24,0.3070682129947828,0.48148983888809066,164.68129538799093,0.0660377358490566,0.1179245283018868,0.3822511833191235,0.0005006291014868491,0.06683591674735662,True,223,0.45791245791245794,0.9506726457399103,True,212,0.4602076124567474,1.0,True,198,0.4676258992805755,0.9339622641509434,True,187,0.4703703703703704,0.8820754716981132,True,172,0.4580152671755725,0.8113207547169812
0.10038904484500857,168.36379324376009,168.3637932437601,0.31107077305224723,SAFE_DONOR_YOKED_REPLAY,673.455172975043,-y,L24_S990003,"{""PLANNED"": 13, ""SOURCE"": 7, ""SINK"": 0, ""OTHER"": 0}",1.0,9.431852896330161,"[[0, 2.0530731060072815], [1, 2.0530731060072815], [2, 2.0530731060072815], [3, 2.0530731060072815], [4, 2.0530731060072815], [5, 2.0530731060072815], [6, 2.0530731060072815], [7, 2.0530731060072815], [8, 2.0530731060072815], [9, 2.0530731060072815], [10, 2.0530731060072815], [11, 2.0530731060072815], [12, 2.0530731060072815], [13, 2.0530731060072815], [53, 8.212292424029126], [110, 8.212292424029126], [170, 8.212292424029126], [227, 8.212292424029126], [277, 8.212292424029126], [319, 8.212292424029126]]",,NONE,0.0,0.31107077305224723,52.37305531834518,0.0373953347131837,0.5260689062523436,0.3506637936801684,59.03908645724043,False,5.684341886080802e-14,8.548717289613705e-15,20,320,0,300,2.1045474155470014,67.6075215608946,{},7.306508833474494,0.07776769326306152,0.7746631455964907,True,990003,24,0.3168914418584986,0.47393109374765635,165.27128347546633,0.052132701421800945,0.10900473933649289,0.383727512611402,0.004708991810423002,0.09229510514293232,True,230,0.45723684210526316,0.9173913043478261,True,211,0.4520547945205479,1.0,True,200,0.45936395759717313,0.9478672985781991,True,188,0.4581818181818182,0.8909952606635071,True,178,0.458955223880597,0.8436018957345972
0.10002910171792441,164.24584848058248,164.2458484805825,0.31044367902305575,SAFE_DONOR_YOKED_REPLAY,656.9833939223323,+x,L24_S990004,"{""PLANNED"": 17, ""SOURCE"": 0, ""SINK"": 0, ""OTHER"": 0}",1.0,9.168172256925805,"[[0, 2.0546663847915463], [1, 2.0546663847915463], [2, 2.0546663847915463], [3, 2.0546663847915463], [4, 2.0546663847915463], [5, 2.0546663847915463], [6, 2.0546663847915463], [7, 2.0546663847915463], [8, 2.0546663847915463], [9, 2.0546663847915463], [10, 2.0546663847915463], [11, 2.0546663847915463], [49, 8.212292424029126], [110, 8.212292424029126], [183, 8.212292424029126], [257, 8.212292424029126], [319, 8.212292424029126]]",,NONE,0.0,0.31044367902305575,50.9890854665754,0.0383510765211756,0.5342137382080376,0.34669290728268964,56.942870718845285,False,1.1368683772161603e-13,6.5503158452884236e-15,17,320,0,303,2.0530731060072815,65.71745873764418,{},7.113432682278935,0.07761091975576366,0.7758834021585181,True,990004,24,0.32345024171973996,0.4657862617919624,157.64120377673402,0.07389162561576355,0.11822660098522167,0.37772369833793,0.0003084669396664075,0.07721883762705367,True,217,0.4691780821917808,0.9354838709677419,True,203,0.4612676056338028,1.0,True,188,0.45985401459854014,0.9261083743842364,True,179,0.4699248120300752,0.8817733990147784,True,166,0.4765625,0.8177339901477833
0.10155161468911285,164.3733107833237,164.37331078332372,0.3139283730516292,SAFE_DONOR_YOKED_REPLAY,657.4932431332961,-x,L24_S990005,"{""PLANNED"": 12, ""SOURCE"": 10, ""SINK"": 0, ""OTHER"": 0}",1.0,9.314941474242143,"[[0, 2.069083694778991], [1, 2.069083694778991], [2, 2.069083694778991], [3, 2.069083694778991], [4, 2.069083694778991], [5, 2.069083694778991], [6, 2.069083694778991], [7, 2.069083694778991], [8, 2.069083694778991], [9, 2.069083694778991], [10, 2.069083694778991], [11, 2.069083694778991], [12, 2.069083694778991], [13, 2.069083694778991], [14, 2.069083694778991], [50, 8.218665539166185], [103, 8.218665539166185], [160, 8.218665539166185], [210, 8.218665539166185], [254, 8.218665539166185], [293, 8.218665539166185], [319, 8.218665539166185]]",,NONE,0.0,0.3139283730516292,51.60144602731863,0.03384984155537684,0.5384119237496121,0.3563323745495647,58.571532143995306,False,8.526512829121202e-14,7.549516567451064e-15,22,320,0,298,2.0546663847915463,66.76950048736768,{},7.198862448007622,0.07848209326290714,0.7728295951095405,True,990005,24,0.3274063718645663,0.46158807625038795,157.60672504157583,0.039603960396039604,0.1188118811881188,0.3760414335361147,0.017149101992514737,0.09361821553609889,True,217,0.4440677966101695,0.9308755760368663,True,202,0.4574468085106383,1.0,True,194,0.4601449275362319,0.9603960396039604,True,178,0.449438202247191,0.8811881188118812,True,167,0.44061302681992337,0.8267326732673267
0.11268176898299259,165.5266955823193,165.52669558231926,0.339477629297553,SAFE_DONOR_YOKED_REPLAY,662.1067823292805,+y,L24_S990006,"{""PLANNED"": 18, ""SOURCE"": 1, ""SINK"": 0, ""OTHER"": 0}",1.0,10.40839334381983,"[[0, 2.022302587044487], [1, 2.022302587044487], [2, 2.022302587044487], [3, 2.022302587044487], [4, 2.022302587044487], [5, 2.022302587044487], [6, 2.022302587044487], [7, 2.022302587044487], [8, 2.022302587044487], [9, 2.022302587044487], [10, 2.022302587044487], [11, 2.022302587044487], [12, 2.022302587044487], [48, 8.089210348177948], [103, 8.089210348177948], [164, 8.089210348177948], [225, 8.089210348177948], [279, 8.089210348177948], [319, 8.089210348177948]]",,NONE,0.0,0.339477629297553,56.19261020174348,0.06193803439391816,0.5589961142018506,0.3859612730815566,63.88689415593521,False,8.526512829121202e-14,6.8833827526759706e-15,19,320,0,301,2.069083694778991,74.60736348850054,{},7.83937084287716,0.0848694073243878,0.7531778040971066,True,990006,24,0.3452623343407825,0.4410038857981494,162.75337507936783,0.023923444976076555,0.10526315789473684,0.3820934766362621,0.020574970697207595,0.09176429642587886,True,220,0.4169381107491857,0.95,True,209,0.43243243243243246,1.0,True,204,0.43986254295532645,0.9760765550239234,True,187,0.4460431654676259,0.8947368421052632,True,167,0.4200743494423792,0.7990430622009569
0.11241981899457518,161.78420696355911,161.78420696355897,0.3321314121101779,SAFE_DONOR_YOKED_REPLAY,647.136827854232,-y,L24_S990007,"{""PLANNED"": 13, ""SOURCE"": 8, ""SINK"": 0, ""OTHER"": 0}",1.0,10.149414767312544,"[[0, 2.052574648278139], [1, 2.052574648278139], [2, 2.052574648278139], [3, 2.052574648278139], [4, 2.052574648278139], [5, 2.052574648278139], [6, 2.052574648278139], [7, 2.052574648278139], [8, 2.052574648278139], [9, 2.052574648278139], [10, 2.052574648278139], [11, 2.052574648278139], [12, 2.052574648278139], [13, 2.052574648278139], [50, 8.089210348177948], [103, 8.089210348177948], [160, 8.089210348177948], [214, 8.089210348177948], [261, 8.089210348177948], [303, 8.089210348177948], [319, 8.089210348177948]]",,NONE,0.0,0.3321314121101779,53.73361711593212,0.06519999583276745,0.5560432846261119,0.38034025146329764,61.53304595931021,False,8.526512829121202e-14,7.549516567451064e-15,21,320,0,299,2.022302587044487,72.75100505209632,{},7.496319352111065,0.08303285302754496,0.7385962170206991,True,990007,24,0.3413198846634608,0.4439567153738882,157.42890915632742,0.054187192118226604,0.11330049261083744,0.36054099923143573,0.007431053198235782,0.07324559147449833,True,220,0.44107744107744107,0.9227272727272727,True,203,0.43205574912891986,1.0,True,192,0.43884892086330934,0.9458128078817734,True,180,0.45318352059925093,0.8866995073891626,True,171,0.46332046332046334,0.8423645320197044
0.0960452600089977,164.2059718622511,164.20597186225112,0.30543093372875485,SAFE_DONOR_YOKED_REPLAY,656.823887449004,+x,L24_S990008,"{""PLANNED"": 15, ""SOURCE"": 1, ""SINK"": 0, ""OTHER"": 0}",1.0,8.800895793828158,"[[0, 2.099374250876334], [1, 2.099374250876334], [2, 2.099374250876334], [3, 2.099374250876334], [4, 2.099374250876334], [5, 2.099374250876334], [6, 2.099374250876334], [7, 2.099374250876334], [8, 2.099374250876334], [9, 2.099374250876334], [10, 2.099374250876334], [54, 8.210298593112556], [122, 8.210298593112556], [204, 8.210298593112556], [291, 8.210298593112556], [319, 8.210298593112556]]",,NONE,0.0,0.30543093372875485,50.15358330972501,0.029128959736068778,0.5251942726813028,0.33677666692529723,55.300739892998074,False,5.684341886080802e-14,5.218048215738236e-15,16,320,0,304,2.052574648278139,63.08482105016023,{},6.996872671557617,0.07635773343218877,0.7950182385370755,True,990008,24,0.31111523548376674,0.4748057273186972,161.20580926144294,0.07655502392344497,0.14354066985645933,0.36929574106576796,0.0036004479064243866,0.06409160713515932,True,222,0.4594594594594595,0.9414414414414415,True,209,0.47017543859649125,1.0,True,193,0.46545454545454545,0.9234449760765551,True,179,0.4734848484848485,0.8564593301435407,True,171,0.45977011494252873,0.8181818181818182
0.06984127305126146,299.1842252564305,299.1842252564305,0.23747553863778895,SAFE_DONOR_YOKED_REPLAY,1196.7369010257241,+x,L32_S990100,"{""PLANNED"": 11, ""SOURCE"": 5, ""SINK"": 0, ""OTHER"": 0}",1.0,11.660383464712341,"[[0, 3.644772040640138], [1, 3.644772040640138], [2, 3.644772040640138], [3, 3.644772040640138], [4, 3.644772040640138], [5, 3.644772040640138], [6, 3.644772040640138], [7, 3.644772040640138], [8, 3.644772040640138], [9, 3.644772040640138], [10, 3.644772040640138], [11, 3.644772040640138], [83, 14.579088162560552], [191, 14.579088162560552], [314, 14.579088162560552], [319, 14.579088162560552]]",,NONE,0.0,0.23747553863778895,71.04893504470041,0.0045717963854465735,0.43411673232198733,0.2607491168082833,78.01202249858474,False,1.7053025658242404e-13,9.325873406851315e-15,16,320,0,304,3.7398028157053815,83.58162867505806,{},9.91196080422718,0.05936888465944713,0.8500544458270699,True,990100,32,0.24815987693535257,0.5658832676780127,286.3030717218206,0.020289855072463767,0.04927536231884058,0.42690851394485857,0.0007021866391657694,0.14101408630828655,True,377,0.5315682281059063,0.9151193633952255,True,345,0.5286624203821656,1.0,True,338,0.5366379310344828,0.9797101449275363,True,328,0.5416666666666666,0.9507246376811594,True,308,0.5382882882882883,0.8927536231884058
0.06801427701424811,291.5817632512109,291.58176325121104,0.23367595455725762,SAFE_DONOR_YOKED_REPLAY,1166.3270530048533,-x,L32_S990101,"{""PLANNED"": 12, ""SOURCE"": 1, ""SINK"": 0, ""OTHER"": 0}",1.0,11.066809608298511,"[[0, 3.6469080556787157], [1, 3.6469080556787157], [2, 3.6469080556787157], [3, 3.6469080556787157], [4, 3.6469080556787157], [5, 3.6469080556787157], [6, 3.6469080556787157], [7, 3.6469080556787157], [8, 3.6469080556787157], [9, 3.6469080556787157], [78, 14.579088162560552], [198, 14.579088162560552], [319, 14.579088162560552]]",,NONE,0.0,0.23367595455725762,68.13564685921504,0.0035440465898494925,0.42426712045408854,0.25275533644841314,73.6988466727814,False,1.1368683772161603e-13,6.994405055138486e-15,13,320,0,307,3.644772040640138,79.32689127228373,{},9.505531090850313,0.058418988639313954,0.8589224381092212,True,990101,32,0.24259587624803275,0.5757328795459115,280.86069686342233,0.046511627906976744,0.0872093023255814,0.42304611209352677,0.002347684866108146,0.10896213857479037,True,358,0.5404255319148936,0.9608938547486033,True,344,0.5468409586056645,1.0,True,328,0.5422222222222223,0.9534883720930233,True,314,0.5454545454545454,0.9127906976744186,True,292,0.5409836065573771,0.8488372093023255
0.06467440993279987,291.7526444542972,291.75264445429724,0.22435494185347915,SAFE_DONOR_YOKED_REPLAY,1167.010577817194,+y,L32_S990102,"{""PLANNED"": 10, ""SOURCE"": 4, ""SINK"": 0, ""OTHER"": 0}",1.0,10.529536900901622,"[[0, 3.7040635342011408], [1, 3.7040635342011408], [2, 3.7040635342011408], [3, 3.7040635342011408], [4, 3.7040635342011408], [5, 3.7040635342011408], [6, 3.7040635342011408], [7, 3.7040635342011408], [8, 3.7040635342011408], [9, 3.7040635342011408], [10, 3.7040635342011408], [82, 14.587632222714863], [198, 14.587632222714863], [319, 14.587632222714863]]",,NONE,0.0,0.22435494185347915,65.45614758214263,0.0024801813688306294,0.4092652654805057,0.2408697528269908,70.27438735632751,False,1.1368683772161603e-13,5.995204332975845e-15,14,320,0,306,3.6469080556787157,75.47572050566284,{},9.131717017598024,0.056088735463369545,0.8672477340210558,True,990102,32,0.22796555808025554,0.5907347345194943,287.13174101106415,0.03977272727272727,0.08522727272727272,0.4197235120911155,0.0020300672675367393,0.10715617500625402,True,368,0.5399159663865546,0.9565217391304348,True,352,0.5419354838709678,1.0,True,338,0.5484581497797357,0.9602272727272727,True,322,0.5542986425339367,0.9147727272727273,True,297,0.5431235431235432,0.84375
0.06913763654500822,296.3250827360912,296.32508273609125,0.23788978903464655,SAFE_DONOR_YOKED_REPLAY,1185.3003309443718,-y,L32_S990103,"{""PLANNED"": 11, ""SOURCE"": 4, ""SINK"": 0, ""OTHER"": 0}",1.0,11.432598141393687,"[[0, 3.7311725569887515], [1, 3.7311725569887515], [2, 3.7311725569887515], [3, 3.7311725569887515], [4, 3.7311725569887515], [5, 3.7311725569887515], [6, 3.7311725569887515], [7, 3.7311725569887515], [8, 3.7311725569887515], [9, 3.7311725569887515], [10, 3.7311725569887515], [68, 14.816254136804563], [174, 14.816254136804563], [306, 14.816254136804563], [319, 14.816254136804563]]",,NONE,0.0,0.23788978903464655,70.49271141776293,0.004010840188318362,0.42671137924904123,0.25792596163629905,76.42993192166222,False,5.684341886080802e-14,6.772360450213455e-15,15,320,0,305,3.7040635342011408,81.94886347750995,{},9.834362641987015,0.0594724472586613,0.8602036492807367,True,990103,32,0.24509684580331167,0.5732886207509588,287.611663000889,0.03409090909090909,0.09090909090909091,0.4213666233627478,0.003232694959135085,0.1111987438690501,True,366,0.525879917184265,0.9617486338797814,True,352,0.535031847133758,1.0,True,340,0.5356371490280778,0.9659090909090909,True,320,0.5355555555555556,0.9090909090909091,True,299,0.5331807780320366,0.8494318181818182
0.070218618061631,298.4938045591003,298.4938045591001,0.240122258538541,SAFE_DONOR_YOKED_REPLAY,1193.9752182363989,+x,L32_S990104,"{""PLANNED"": 11, ""SOURCE"": 4, ""SINK"": 0, ""OTHER"": 0}",1.0,11.696329495590712,"[[0, 3.7186003929829026], [1, 3.7186003929829026], [2, 3.7186003929829026], [3, 3.7186003929829026], [4, 3.7186003929829026], [5, 3.7186003929829026], [6, 3.7186003929829026], [7, 3.7186003929829026], [8, 3.7186003929829026], [9, 3.7186003929829026], [10, 3.7186003929829026], [11, 3.7186003929829026], [90, 14.87440157193161], [213, 14.87440157193161], [319, 14.87440157193161]]",,NONE,0.0,0.240122258538541,71.67500651049296,0.006375241486923257,0.43201362238653884,0.2619354374477246,78.1861052726235,False,5.684341886080802e-14,8.881784197001252e-15,15,320,0,305,3.7311725569887515,83.83928982439421,{},9.999303363629041,0.060030564634635325,0.8549095139119144,True,990104,32,0.24871665903319223,0.5679863776134612,288.1793555329466,0.05397727272727273,0.07954545454545454,0.42433189869043236,0.0013379492815981942,0.13217026219406575,True,373,0.5357873210633947,0.9436997319034852,True,352,0.5303983228511531,1.0,True,333,0.5456521739130434,0.9460227272727273,True,324,0.5496688741721855,0.9204545454545454,True,307,0.5358744394618834,0.8721590909090909
0.06650954116657169,297.4880314386322,297.4880314386322,0.23070662616602705,SAFE_DONOR_YOKED_REPLAY,1189.9521257545282,-x,L32_S990105,"{""PLANNED"": 12, ""SOURCE"": 1, ""SINK"": 0, ""OTHER"": 0}",1.0,11.041178835675264,"[[0, 3.714426348636496], [1, 3.714426348636496], [2, 3.714426348636496], [3, 3.714426348636496], [4, 3.714426348636496], [5, 3.714426348636496], [6, 3.714426348636496], [7, 3.714426348636496], [8, 3.714426348636496], [9, 3.714426348636496], [83, 14.857705394545984], [203, 14.857705394545984], [319, 14.857705394545984]]",,NONE,0.0,0.23070662616602705,68.63246005797983,0.0019073072045939106,0.4218150152250807,0.24693717736043683,73.46085478196873,False,1.1368683772161603e-13,8.215650382226158e-15,13,320,0,307,3.7186003929829026,79.14316989412029,{},9.574840967910133,0.0576766565415068,0.8671937218309306,True,990105,32,0.23749894007658368,0.5781849847749193,288.98006886198596,0.0453257790368272,0.0764872521246459,0.4240333488470673,0.002047941050816904,0.1284309087644288,True,379,0.5471311475409836,0.9313984168865436,True,353,0.5444915254237288,1.0,True,337,0.5366379310344828,0.9546742209631728,True,326,0.5428571428571428,0.9235127478753541,True,309,0.5532879818594104,0.8753541076487252
0.06356500030031403,297.15410789091976,297.1541078909197,0.21957291116120278,SAFE_DONOR_YOKED_REPLAY,1188.6164315636831,+y,L32_S990106,"{""PLANNED"": 10, ""SOURCE"": 3, ""SINK"": 0, ""OTHER"": 0}",1.0,10.540513927079202,"[[0, 3.715942247157847], [1, 3.715942247157847], [2, 3.715942247157847], [3, 3.715942247157847], [4, 3.715942247157847], [5, 3.715942247157847], [6, 3.715942247157847], [7, 3.715942247157847], [8, 3.715942247157847], [9, 3.715942247157847], [81, 14.857705394545984], [203, 14.857705394545984], [319, 14.857705394545984]]",,NONE,0.0,0.21957291116120278,65.24699253311938,0.0022925392376215415,0.4086339615663891,0.2358913062598736,70.09607067087646,False,5.684341886080802e-14,8.43769498715119e-15,13,320,0,307,3.714426348636496,75.55440382930371,{},9.102538020803484,0.0548932277903005,0.8635763003375508,True,990106,32,0.22608745319644247,0.5913660384336109,288.59183298609537,0.03977272727272727,0.08522727272727272,0.4216364168954318,0.012288865477677768,0.12697889158282666,True,373,0.5383022774327122,0.9436997319034852,True,352,0.5460385438972163,1.0,True,338,0.5526315789473685,0.9602272727272727,True,322,0.5620767494356659,0.9147727272727273,True,300,0.5402298850574713,0.8522727272727273
0.06474893016450509,297.27537977262773,297.2753797726278,0.22367028519966312,SAFE_DONOR_YOKED_REPLAY,1189.1015190905143,-y,L32_S990107,"{""PLANNED"": 10, ""SOURCE"": 5, ""SINK"": 0, ""OTHER"": 0}",1.0,10.741218082882062,"[[0, 3.7391219534218463], [1, 3.7391219534218463], [2, 3.7391219534218463], [3, 3.7391219534218463], [4, 3.7391219534218463], [5, 3.7391219534218463], [6, 3.7391219534218463], [7, 3.7391219534218463], [8, 3.7391219534218463], [9, 3.7391219534218463], [10, 3.7391219534218463], [11, 3.7391219534218463], [91, 14.863768988631389], [212, 14.863768988631389], [319, 14.863768988631389]]",,NONE,0.0,0.22367028519966312,66.49166897658182,0.0027158387368480526,0.4088089968637295,0.2413726957060295,71.75415978275285,False,1.7053025658242404e-13,8.659739592076221e-15,15,320,0,305,3.715942247157847,76.99305121809863,{},9.276181497849025,0.055917571299915626,0.8636061037278613,True,990107,32,0.22844579177949229,0.5911910031362705,291.06103666275027,0.02824858757062147,0.06497175141242938,0.42364463058770424,0.010700248443979155,0.11838297374495305,True,381,0.536734693877551,0.9291338582677166,True,354,0.5512820512820513,1.0,True,344,0.5531453362255966,0.9717514124293786,True,331,0.5587583148558758,0.9350282485875706,True,306,0.5409090909090909,0.864406779661017
0.06850713091473441,299.1297562737476,299.1297562737477,0.2336795250970018,SAFE_DONOR_YOKED_REPLAY,1196.519025094992,+x,L32_S990108,"{""PLANNED"": 11, ""SOURCE"": 3, ""SINK"": 0, ""OTHER"": 0}",1.0,11.435558802197686,"[[0, 3.7398028157053815], [1, 3.7398028157053815], [2, 3.7398028157053815], [3, 3.7398028157053815], [4, 3.7398028157053815], [5, 3.7398028157053815], [6, 3.7398028157053815], [7, 3.7398028157053815], [8, 3.7398028157053815], [9, 3.7398028157053815], [10, 3.7398028157053815], [75, 14.956487813687385], [188, 14.956487813687385], [319, 14.956487813687385]]",,NONE,0.0,0.2336795250970018,69.90049938843126,0.0030403272939072724,0.43090149386882015,0.2564866617448813,76.7227926152135,False,5.684341886080802e-14,8.215650382226158e-15,14,320,0,306,3.7391219534218463,81.97008549415301,{},9.751743776287842,0.05841988127425039,0.8527562093785703,True,990108,32,0.2457868440523003,0.5690985061311798,284.39479605978147,0.043227665706051875,0.0893371757925072,0.42767165429054893,0.0012433007532663964,0.11384393176767799,True,370,0.5509355509355509,0.9378378378378378,True,347,0.5415778251599147,1.0,True,332,0.5357917570498916,0.9567723342939481,True,316,0.5480984340044742,0.9106628242074928,True,307,0.5522727272727272,0.8847262247838616
0.08571093710842775,167.94994007010663,167.94994007010672,0.277457166697172,SAFE_LAGGED_SENSOR,671.7997602804236,+x,L24_S990000,"{""PLANNED"": 11, ""SOURCE"": 10, ""SINK"": 0, ""OTHER"": 0}",1.0,8.033005999281839,"[[0, 2.099374250876334], [1, 2.099374250876334], [2, 2.099374250876334], [3, 2.099374250876334], [4, 2.099374250876334], [5, 2.099374250876334], [6, 2.099374250876334], [7, 2.099374250876334], [8, 2.099374250876334], [9, 2.099374250876334], [10, 2.099374250876334], [11, 2.099374250876334], [60, 8.397497003505336], [61, 8.397497003505336], [135, 8.397497003505336], [136, 8.397497003505336], [222, 8.397497003505336], [223, 8.397497003505336], [311, 8.397497003505336], [312, 8.397497003505336], [319, 8.397497003505336]]",,NONE,0.0,0.277457166697172,46.598914518811654,0.014001478688863898,0.5023618852872157,0.30711393683281557,51.57976728576592,False,5.684341886080802e-14,7.105427357601002e-15,21,320,0,299,2.099374250876334,57.580587002852226,{},6.500964637110999,0.06936429167429335,0.8092816857963501,True,990000,24,0.28653611484944363,0.4976381147127843,162.62841611884213,0.05741626794258373,0.10526315789473684,0.37315992842717244,0.0012379259273698207,0.07973036141191842,True,220,0.46757679180887374,0.95,True,209,0.47017543859649125,1.0,True,197,0.48,0.9425837320574163,True,187,0.48134328358208955,0.8947368421052632,True,171,0.47104247104247104,0.8181818181818182
0.0921545340176264,164.8128155901209,164.81281559012086,0.29126388091090766,SAFE_LAGGED_SENSOR,659.251262360485,-x,L24_S990001,"{""PLANNED"": 12, ""SOURCE"": 10, ""SINK"": 0, ""OTHER"": 0}",1.0,8.475584944665522,"[[0, 2.0601601948765107], [1, 2.0601601948765107], [2, 2.0601601948765107], [3, 2.0601601948765107], [4, 2.0601601948765107], [5, 2.0601601948765107], [6, 2.0601601948765107], [7, 2.0601601948765107], [8, 2.0601601948765107], [9, 2.0601601948765107], [10, 2.0601601948765107], [11, 2.0601601948765107], [12, 2.0601601948765107], [59, 8.240640779506043], [60, 8.240640779506043], [130, 8.240640779506043], [131, 8.240640779506043], [212, 8.240640779506043], [213, 8.240640779506043], [293, 8.240640779506043], [294, 8.240640779506043], [319, 8.240640779506043]]",,NONE,0.0,0.29126388091090766,48.00402029263235,0.024002257788295626,0.5235718614327617,0.32758484054588133,53.99017991500749,False,1.1368683772161603e-13,7.993605777301127e-15,22,320,0,298,2.0601601948765107,60.75299288336247,{},6.696989438146253,0.07281597022772673,0.7901507072218413,True,990001,24,0.30336174812948463,0.4764281385672383,158.24018877997327,0.054187192118226604,0.09852216748768473,0.3740544627101107,0.001641023729633595,0.09399839713798624,True,216,0.44256756756756754,0.9398148148148148,True,203,0.45263157894736844,1.0,True,192,0.46545454545454545,0.9458128078817734,True,183,0.4701492537313433,0.9014778325123153,True,168,0.4576923076923077,0.8275862068965517
0.09804534044567254,165.32770555011422,165.32770555011422,0.3119403676320246,SAFE_LAGGED_SENSOR,661.3108222004561,+y,L24_S990002,"{""PLANNED"": 13, ""SOURCE"": 10, ""SINK"": 0, ""OTHER"": 0}",1.0,9.04554195076051,"[[0, 2.0665963193764276], [1, 2.0665963193764276], [2, 2.0665963193764276], [3, 2.0665963193764276], [4, 2.0665963193764276], [5, 2.0665963193764276], [6, 2.0665963193764276], [7, 2.0665963193764276], [8, 2.0665963193764276], [9, 2.0665963193764276], [10, 2.0665963193764276], [11, 2.0665963193764276], [12, 2.0665963193764276], [13, 2.0665963193764276], [63, 8.26638527750571], [64, 8.26638527750571], [134, 8.26638527750571], [135, 8.26638527750571], [211, 8.26638527750571], [212, 8.26638527750571], [286, 8.26638527750571], [287, 8.26638527750571], [319, 8.26638527750571]]",,NONE,0.0,0.3119403676320246,51.572385249061746,0.03173307313504244,0.5196114658059042,0.3446436862580011,56.979149881368755,False,8.526512829121202e-14,8.770761894538737e-15,23,320,0,297,2.0665963193764276,64.83844470305134,{},7.194808209969551,0.07798509190800623,0.7953982469082068,True,990002,24,0.31093132566743387,0.4803885341940958,165.8642310753294,0.06542056074766354,0.12149532710280374,0.3821688481619098,0.0010087649022730294,0.06441236428788427,True,225,0.45484949832775917,0.9511111111111111,True,214,0.4570446735395189,1.0,True,200,0.4642857142857143,0.9345794392523364,True,188,0.46863468634686345,0.8785046728971962,True,174,0.45454545454545453,0.8130841121495327
0.09858030186338823,168.36379324376009,168.3637932437601,0.30920661656205484,SAFE_LAGGED_SENSOR,673.455172975043,-y,L24_S990003,"{""PLANNED"": 13, ""SOURCE"": 10, ""SINK"": 0, ""OTHER"": 0}",1.0,9.261916049573113,"[[0, 2.1045474155470014], [1, 2.1045474155470014], [2, 2.1045474155470014], [3, 2.1045474155470014], [4, 2.1045474155470014], [5, 2.1045474155470014], [6, 2.1045474155470014], [7, 2.1045474155470014], [8, 2.1045474155470014], [9, 2.1045474155470014], [10, 2.1045474155470014], [11, 2.1045474155470014], [12, 2.1045474155470014], [13, 2.1045474155470014], [61, 8.418189662188006], [62, 8.418189662188006], [130, 8.418189662188006], [131, 8.418189662188006], [204, 8.418189662188006], [205, 8.418189662188006], [276, 8.418189662188006], [277, 8.418189662188006], [319, 8.418189662188006]]",,NONE,0.0,0.30920661656205484,52.05919886045641,0.03728998814294808,0.5167379541097165,0.3467567420252818,58.38128042022441,False,5.684341886080802e-14,6.661338147750939e-15,23,320,0,297,2.1045474155470014,66.38941424334007,{},7.262723055309209,0.07730165414051342,0.7841490914446317,True,990003,24,0.31115132680191093,0.48326204589028354,167.3115117185375,0.09216589861751152,0.1382488479262673,0.3808263210247283,0.0008563399288741835,0.052463985334345875,True,232,0.45901639344262296,0.9353448275862069,True,217,0.4726027397260274,1.0,True,197,0.45390070921985815,0.9078341013824884,True,187,0.4492753623188406,0.8617511520737328,True,176,0.462406015037594,0.8110599078341014
0.11543032101924894,164.24584848058248,164.2458484805825,0.3379283185998097,SAFE_LAGGED_SENSOR,656.9833939223323,+x,L24_S990004,"{""PLANNED"": 14, ""SOURCE"": 12, ""SINK"": 0, ""OTHER"": 0}",1.0,10.579771772428922,"[[0, 2.0530731060072815], [1, 2.0530731060072815], [2, 2.0530731060072815], [3, 2.0530731060072815], [4, 2.0530731060072815], [5, 2.0530731060072815], [6, 2.0530731060072815], [7, 2.0530731060072815], [8, 2.0530731060072815], [9, 2.0530731060072815], [10, 2.0530731060072815], [11, 2.0530731060072815], [12, 2.0530731060072815], [13, 2.0530731060072815], [14, 2.0530731060072815], [58, 8.212292424029126], [59, 8.212292424029126], [118, 8.212292424029126], [119, 8.212292424029126], [180, 8.212292424029126], [181, 8.212292424029126], [236, 8.212292424029126], [237, 8.212292424029126], [286, 8.212292424029126], [287, 8.212292424029126], [319, 8.212292424029126]]",,NONE,0.0,0.3379283185998097,55.503323414042356,0.07367300171106143,0.5584882727446026,0.3881612416934162,63.7538724892116,False,1.4210854715202004e-13,7.105427357601002e-15,26,320,0,294,2.0530731060072815,75.8358040647705,{},7.7432091816465345,0.08448207964995214,0.731888111407609,True,990004,24,0.351509842719587,0.44151172725539745,157.89977027277584,0.04455445544554455,0.11386138613861387,0.3854455410208661,0.0009719466108681907,0.09072314854194713,True,219,0.4414715719063545,0.9223744292237442,True,202,0.4425087108013937,1.0,True,193,0.45161290322580644,0.9554455445544554,True,179,0.4375,0.8861386138613861,True,169,0.4431818181818182,0.8366336633663366
0.09541157254846488,164.3733107833237,164.37331078332372,0.30012840547775477,SAFE_LAGGED_SENSOR,657.4932431332961,-x,L24_S990005,"{""PLANNED"": 12, ""SOURCE"": 10, ""SINK"": 0, ""OTHER"": 0}",1.0,8.751738876581744,"[[0, 2.0546663847915463], [1, 2.0546663847915463], [2, 2.0546663847915463], [3, 2.0546663847915463], [4, 2.0546663847915463], [5, 2.0546663847915463], [6, 2.0546663847915463], [7, 2.0546663847915463], [8, 2.0546663847915463], [9, 2.0546663847915463], [10, 2.0546663847915463], [11, 2.0546663847915463], [12, 2.0546663847915463], [57, 8.218665539166185], [58, 8.218665539166185], [125, 8.218665539166185], [126, 8.218665539166185], [203, 8.218665539166185], [204, 8.218665539166185], [280, 8.218665539166185], [281, 8.218665539166185], [319, 8.218665539166185]]",,NONE,0.0,0.30012840547775477,49.333099668498384,0.027621849006466553,0.525837067196663,0.33804355914757817,55.56533900606574,False,5.684341886080802e-14,7.66053886991358e-15,22,320,0,298,2.0546663847915463,62.732464267337946,{},6.882407877859707,0.07503210136943854,0.7864046191181424,True,990005,24,0.31147547649943536,0.47416293280333704,158.38518082686943,0.06829268292682927,0.12195121951219512,0.3680666653180757,0.002044930895921282,0.07362982280291958,True,213,0.45517241379310347,0.9624413145539906,True,205,0.4628975265017668,1.0,True,191,0.4652014652014652,0.9317073170731708,True,180,0.4679245283018868,0.8780487804878049,True,163,0.453125,0.7951219512195122
0.12037254110729333,165.5266955823193,165.52669558231926,0.35074174322978774,SAFE_LAGGED_SENSOR,662.1067823292805,+y,L24_S990006,"{""PLANNED"": 15, ""SOURCE"": 12, ""SINK"": 0, ""OTHER"": 0}",1.0,11.118788486795344,"[[0, 2.069083694778991], [1, 2.069083694778991], [2, 2.069083694778991], [3, 2.069083694778991], [4, 2.069083694778991], [5, 2.069083694778991], [6, 2.069083694778991], [7, 2.069083694778991], [8, 2.069083694778991], [9, 2.069083694778991], [10, 2.069083694778991], [11, 2.069083694778991], [12, 2.069083694778991], [13, 2.069083694778991], [14, 2.069083694778991], [15, 2.069083694778991], [55, 8.276334779115963], [56, 8.276334779115963], [112, 8.276334779115963], [113, 8.276334779115963], [171, 8.276334779115963], [172, 8.276334779115963], [224, 8.276334779115963], [225, 8.276334779115963], [270, 8.276334779115963], [271, 8.276334779115963], [310, 8.276334779115963]]",,NONE,0.0,0.35074174322978774,58.05712175960906,0.08191820852785144,0.5602297541166377,0.40654867151830226,67.29465818980633,False,8.526512829121202e-14,8.881784197001252e-15,27,320,2,291,2.069083694778991,79.69947587334903,"{""NO_SINK_CAPACITY"": 2}",8.099486852624032,0.08768543580744648,0.7284504838133192,True,990006,24,0.3513154609918793,0.43977024588336233,165.25638124691318,0.04672897196261682,0.13551401869158877,0.3760474998917939,0.00286687202467667,0.08008267612706527,True,224,0.42071197411003236,0.9553571428571429,True,214,0.42524916943521596,1.0,True,204,0.43986254295532645,0.9532710280373832,True,185,0.4234875444839858,0.8644859813084113,True,170,0.42592592592592593,0.794392523364486
0.11098006559477286,161.78420696355911,161.78420696355897,0.32939044460902467,SAFE_LAGGED_SENSOR,647.136827854232,-y,L24_S990007,"{""PLANNED"": 13, ""SOURCE"": 12, ""SINK"": 0, ""OTHER"": 0}",1.0,10.01943186440512,"[[0, 2.022302587044487], [1, 2.022302587044487], [2, 2.022302587044487], [3, 2.022302587044487], [4, 2.022302587044487], [5, 2.022302587044487], [6, 2.022302587044487], [7, 2.022302587044487], [8, 2.022302587044487], [9, 2.022302587044487], [10, 2.022302587044487], [11, 2.022302587044487], [12, 2.022302587044487], [13, 2.022302587044487], [54, 8.089210348177948], [55, 8.089210348177948], [114, 8.089210348177948], [115, 8.089210348177948], [178, 8.089210348177948], [179, 8.089210348177948], [240, 8.089210348177948], [241, 8.089210348177948], [294, 8.089210348177948], [295, 8.089210348177948], [319, 8.089210348177948]]",,NONE,0.0,0.32939044460902467,53.290171862445156,0.06374376309556756,0.5546764034783065,0.3770365007606992,60.99855127188502,False,8.526512829121202e-14,8.770761894538737e-15,25,320,0,295,2.022302587044487,71.8192876040559,{},7.434454779917013,0.08234761115225667,0.7420036266056705,True,990007,24,0.33841223466340914,0.4453235965216935,157.47117392327294,0.06372549019607843,0.12745098039215685,0.3616556712974875,0.0008966361613577667,0.06963618301766011,True,222,0.4576271186440678,0.918918918918919,True,204,0.4305555555555556,1.0,True,191,0.4404332129963899,0.9362745098039216,True,178,0.45660377358490567,0.8725490196078431,True,170,0.46511627906976744,0.8333333333333334
0.11979435825419396,164.2059718622511,164.20597186225112,0.3474049569651739,SAFE_LAGGED_SENSOR,656.823887449004,+x,L24_S990008,"{""PLANNED"": 14, ""SOURCE"": 13, ""SINK"": 1, ""OTHER"": 0}",1.0,10.977092087469078,"[[0, 2.052574648278139], [1, 2.052574648278139], [2, 2.052574648278139], [3, 2.052574648278139], [4, 2.052574648278139], [5, 2.052574648278139], [6, 2.052574648278139], [7, 2.052574648278139], [8, 2.052574648278139], [9, 2.052574648278139], [10, 2.052574648278139], [11, 2.052574648278139], [12, 2.052574648278139], [13, 2.052574648278139], [14, 2.052574648278139], [56, 8.210298593112556], [57, 8.210298593112556], [113, 8.210298593112556], [114, 8.210298593112556], [172, 8.210298593112556], [173, 8.210298593112556], [225, 8.210298593112556], [226, 8.210298593112556], [272, 8.210298593112556], [273, 8.210298593112556], [313, 8.210298593112556], [314, 8.210298593112556], [319, 8.210298593112556]]",,NONE,0.0,0.3474049569651739,57.045968588229904,0.08757487705705246,0.5539066089696181,0.395989683229931,65.02387078219579,False,8.526512829121202e-14,7.438494264988549e-15,28,320,0,292,2.052574648278139,78.68379608297836,{},7.958421957063323,0.08685123924129354,0.7250027506053516,True,990008,24,0.3492471329268943,0.4460933910303819,163.33983363056262,0.05687203791469194,0.13270142180094788,0.378902802967979,0.005772096611741384,0.09209894939302371,True,221,0.4271523178807947,0.9547511312217195,True,211,0.4417808219178082,1.0,True,199,0.4555160142348754,0.943127962085308,True,183,0.45018450184501846,0.8672985781990521,True,165,0.42585551330798477,0.7819905213270142
0.06935474318657874,299.1842252564305,299.1842252564305,0.2357272099954001,SAFE_LAGGED_SENSOR,1196.7369010257241,+x,L32_S990100,"{""PLANNED"": 11, ""SOURCE"": 6, ""SINK"": 0, ""OTHER"": 0}",1.0,11.579154636236215,"[[0, 3.7398028157053815], [1, 3.7398028157053815], [2, 3.7398028157053815], [3, 3.7398028157053815], [4, 3.7398028157053815], [5, 3.7398028157053815], [6, 3.7398028157053815], [7, 3.7398028157053815], [8, 3.7398028157053815], [9, 3.7398028157053815], [10, 3.7398028157053815], [11, 3.7398028157053815], [91, 14.959211262821526], [92, 14.959211262821526], [216, 14.959211262821526], [217, 14.959211262821526], [319, 14.959211262821526]]",,NONE,0.0,0.2357272099954001,70.52586269433368,0.004542726237011674,0.4321635453466054,0.2589711424726456,77.48008062445115,False,5.684341886080802e-14,7.105427357601002e-15,17,320,0,303,3.7398028157053815,82.99938043254119,{},9.838987541062178,0.058931802498849925,0.8497155319328495,True,990100,32,0.2460900163009163,0.5678364546533946,286.58563136545695,0.02601156069364162,0.057803468208092484,0.42826326934858144,0.0008172315308847544,0.1426388097365469,True,380,0.5408163265306123,0.9105263157894737,True,346,0.527542372881356,1.0,True,337,0.5344827586206896,0.9739884393063584,True,326,0.5406593406593406,0.9421965317919075,True,312,0.5472972972972973,0.9017341040462428
0.07270001964576721,291.5817632512109,291.58176325121104,0.24685021776155527,SAFE_LAGGED_SENSOR,1166.3270530048533,-x,L32_S990101,"{""PLANNED"": 12, ""SOURCE"": 6, ""SINK"": 0, ""OTHER"": 0}",1.0,11.82924102495014,"[[0, 3.644772040640138], [1, 3.644772040640138], [2, 3.644772040640138], [3, 3.644772040640138], [4, 3.644772040640138], [5, 3.644772040640138], [6, 3.644772040640138], [7, 3.644772040640138], [8, 3.644772040640138], [9, 3.644772040640138], [10, 3.644772040640138], [11, 3.644772040640138], [12, 3.644772040640138], [90, 14.579088162560552], [91, 14.579088162560552], [206, 14.579088162560552], [207, 14.579088162560552], [319, 14.579088162560552]]",,NONE,0.0,0.24685021776155527,71.9770217538597,0.00823755727875766,0.43299249370523585,0.27094899900886504,79.0037868821555,False,5.684341886080802e-14,6.8833827526759706e-15,18,320,0,302,3.644772040640138,84.7919996668426,{},10.041437186643375,0.06171255444038834,0.8488657188964241,True,990101,32,0.2548388207619204,0.5670075062947642,282.44135465178294,0.049132947976878616,0.08959537572254335,0.42373453533722377,0.004241683498025062,0.1049349757660683,True,366,0.5345911949685535,0.9453551912568307,True,346,0.544468546637744,1.0,True,329,0.5274725274725275,0.9508670520231214,True,315,0.5372460496613995,0.9104046242774566,True,297,0.5382830626450116,0.8583815028901735
0.06518356320663485,291.7526444542972,291.75264445429724,0.22667408611271292,SAFE_LAGGED_SENSOR,1167.010577817194,+y,L32_S990102,"{""PLANNED"": 10, ""SOURCE"": 6, ""SINK"": 0, ""OTHER"": 0}",1.0,10.61243132839823,"[[0, 3.6469080556787157], [1, 3.6469080556787157], [2, 3.6469080556787157], [3, 3.6469080556787157], [4, 3.6469080556787157], [5, 3.6469080556787157], [6, 3.6469080556787157], [7, 3.6469080556787157], [8, 3.6469080556787157], [9, 3.6469080556787157], [10, 3.6469080556787157], [96, 14.587632222714863], [97, 14.587632222714863], [229, 14.587632222714863], [230, 14.587632222714863], [319, 14.587632222714863]]",,NONE,0.0,0.22667408611271292,66.13276405264509,0.0026916565289776487,0.4114536204594432,0.24204663282762967,70.61774520871927,False,5.684341886080802e-14,9.992007221626409e-15,16,320,0,304,3.6469080556787157,76.06990776195852,{},9.226111056451602,0.05666852152817799,0.8693682692450581,True,990102,32,0.2303228416006722,0.5885463795405568,287.1307230886998,0.045454545454545456,0.08238636363636363,0.4216346816182543,0.0004862771030350599,0.10933413760565142,True,365,0.5336134453781513,0.9643835616438357,True,352,0.5386266094420601,1.0,True,336,0.5440528634361234,0.9545454545454546,True,323,0.5495495495495496,0.9176136363636364,True,297,0.5359628770301624,0.84375
0.06834432498421895,296.3250827360912,296.32508273609125,0.23437103248742508,SAFE_LAGGED_SENSOR,1185.3003309443718,-y,L32_S990103,"{""PLANNED"": 11, ""SOURCE"": 6, ""SINK"": 0, ""OTHER"": 0}",1.0,11.301416158198162,"[[0, 3.7040635342011408], [1, 3.7040635342011408], [2, 3.7040635342011408], [3, 3.7040635342011408], [4, 3.7040635342011408], [5, 3.7040635342011408], [6, 3.7040635342011408], [7, 3.7040635342011408], [8, 3.7040635342011408], [9, 3.7040635342011408], [10, 3.7040635342011408], [11, 3.7040635342011408], [92, 14.816254136804563], [93, 14.816254136804563], [217, 14.816254136804563], [218, 14.816254136804563], [319, 14.816254136804563]]",,NONE,0.0,0.23437103248742508,69.45001559277937,0.0038913620320698175,0.4303962764578022,0.2552881110912806,75.64827064066417,False,5.684341886080802e-14,8.326672684688674e-15,17,320,0,303,3.7040635342011408,81.00855102196442,{},9.688897264617657,0.05859275812185593,0.8573170945120212,True,990103,32,0.24383432056251583,0.5696037235421978,284.82461136956033,0.037463976945244955,0.07204610951008646,0.4267597630277428,0.0034505452044144014,0.11541560780384491,True,372,0.5414937759336099,0.9327956989247311,True,347,0.5309168443496801,1.0,True,334,0.5359477124183006,0.962536023054755,True,322,0.54,0.9279538904899135,True,303,0.5458715596330275,0.8731988472622478
0.07080850878247935,298.4938045591003,298.4938045591001,0.24144082529485172,SAFE_LAGGED_SENSOR,1193.9752182363989,+x,L32_S990104,"{""PLANNED"": 11, ""SOURCE"": 6, ""SINK"": 0, ""OTHER"": 0}",1.0,11.794587712968019,"[[0, 3.7311725569887515], [1, 3.7311725569887515], [2, 3.7311725569887515], [3, 3.7311725569887515], [4, 3.7311725569887515], [5, 3.7311725569887515], [6, 3.7311725569887515], [7, 3.7311725569887515], [8, 3.7311725569887515], [9, 3.7311725569887515], [10, 3.7311725569887515], [11, 3.7311725569887515], [86, 14.924690227955006], [87, 14.924690227955006], [205, 14.924690227955006], [206, 14.924690227955006], [319, 14.924690227955006]]",,NONE,0.0,0.24144082529485172,72.0685905181493,0.0068630812459366365,0.43362639615126075,0.26438704463248225,78.91789482848624,False,1.1368683772161603e-13,1.0103029524088925e-14,17,320,0,303,3.7311725569887515,84.54360472655475,{},10.054211846840024,0.060360206323713014,0.8524428400142832,True,990104,32,0.2501584317569313,0.5663736038487392,288.0917905184799,0.05397727272727273,0.08238636363636363,0.4236136678670282,0.0010283431385008646,0.12625049793171622,True,373,0.5326530612244897,0.9436997319034852,True,352,0.5271966527196653,1.0,True,333,0.5422993492407809,0.9460227272727273,True,323,0.5474613686534217,0.9176136363636364,True,309,0.5369127516778524,0.8778409090909091
0.07036970925997578,297.4880314386322,297.4880314386322,0.2425765533970158,SAFE_LAGGED_SENSOR,1189.9521257545282,-x,L32_S990105,"{""PLANNED"": 12, ""SOURCE"": 6, ""SINK"": 0, ""OTHER"": 0}",1.0,11.682001272689215,"[[0, 3.7186003929829026], [1, 3.7186003929829026], [2, 3.7186003929829026], [3, 3.7186003929829026], [4, 3.7186003929829026], [5, 3.7186003929829026], [6, 3.7186003929829026], [7, 3.7186003929829026], [8, 3.7186003929829026], [9, 3.7186003929829026], [10, 3.7186003929829026], [11, 3.7186003929829026], [12, 3.7186003929829026], [95, 14.87440157193161], [96, 14.87440157193161], [224, 14.87440157193161], [225, 14.87440157193161], [319, 14.87440157193161]]",,NONE,0.0,0.2425765533970158,72.16362134324649,0.003966731112214936,0.4265005298669854,0.26257383855843114,78.11257434003291,False,1.1368683772161603e-13,7.993605777301127e-15,18,320,0,302,3.7186003929829026,83.73658512263628,{},10.067469495430592,0.06064413834925399,0.8617932202221928,True,990105,32,0.2473143235095197,0.5734994701330146,291.78908976725216,0.04225352112676056,0.07605633802816901,0.4273965835984343,0.005750127528761695,0.13564334897884428,True,380,0.5334685598377282,0.9342105263157895,True,355,0.5389473684210526,1.0,True,340,0.5331905781584583,0.9577464788732394,True,328,0.543859649122807,0.923943661971831,True,311,0.5472972972972973,0.8760563380281691
0.06475921516255352,297.15410789091976,297.1541078909197,0.22324523346930641,SAFE_LAGGED_SENSOR,1188.6164315636831,+y,L32_S990106,"{""PLANNED"": 10, ""SOURCE"": 6, ""SINK"": 0, ""OTHER"": 0}",1.0,10.738541746286149,"[[0, 3.714426348636496], [1, 3.714426348636496], [2, 3.714426348636496], [3, 3.714426348636496], [4, 3.714426348636496], [5, 3.714426348636496], [6, 3.714426348636496], [7, 3.714426348636496], [8, 3.714426348636496], [9, 3.714426348636496], [10, 3.714426348636496], [94, 14.857705394545984], [95, 14.857705394545984], [224, 14.857705394545984], [225, 14.857705394545984], [319, 14.857705394545984]]",,NONE,0.0,0.22324523346930641,66.33823819247183,0.0026848067946313244,0.4136152301452348,0.240903972450184,71.58560502081312,False,1.1368683772161603e-13,9.658940314238862e-15,16,320,0,304,3.714426348636496,76.97386723737912,{},9.254776533547968,0.055811308367326395,0.8618280537717021,True,990106,32,0.23026061135848166,0.5863847698547652,288.1006777541862,0.03133903133903134,0.07692307692307693,0.42388038643841447,0.004468901591160146,0.12624941698851583,True,376,0.5445134575569358,0.9335106382978723,True,351,0.5438972162740899,1.0,True,340,0.5468409586056645,0.9686609686609686,True,324,0.5525727069351231,0.9230769230769231,True,306,0.5469107551487414,0.8717948717948718
0.06491493113815396,297.27537977262773,297.2753797726278,0.2245524309466024,SAFE_LAGGED_SENSOR,1189.1015190905143,-y,L32_S990107,"{""PLANNED"": 10, ""SOURCE"": 6, ""SINK"": 0, ""OTHER"": 0}",1.0,10.768756030696846,"[[0, 3.715942247157847], [1, 3.715942247157847], [2, 3.715942247157847], [3, 3.715942247157847], [4, 3.715942247157847], [5, 3.715942247157847], [6, 3.715942247157847], [7, 3.715942247157847], [8, 3.715942247157847], [9, 3.715942247157847], [10, 3.715942247157847], [95, 14.863768988631389], [96, 14.863768988631389], [229, 14.863768988631389], [230, 14.863768988631389], [319, 14.863768988631389]]",,NONE,0.0,0.2245524309466024,66.75390918851801,0.0028665385691794974,0.40855847698290293,0.24095724115008516,71.63065537185622,False,1.1368683772161603e-13,8.881784197001252e-15,16,320,0,304,3.715942247157847,77.190443228035,{},9.312766348844589,0.056138107736650456,0.8647949978900171,True,990107,32,0.2291548639752552,0.5914415230170971,291.30478851946293,0.031073446327683617,0.06497175141242938,0.42379955544270925,0.010163417917669115,0.12692925044512665,True,381,0.5398773006134969,0.9291338582677166,True,354,0.5512820512820513,1.0,True,343,0.5543478260869565,0.9689265536723164,True,331,0.5587583148558758,0.9350282485875706,True,310,0.55,0.8757062146892656
0.07049537691825036,299.1297562737476,299.1297562737477,0.24036447096462848,SAFE_LAGGED_SENSOR,1196.519025094992,+x,L32_S990108,"{""PLANNED"": 11, ""SOURCE"": 7, ""SINK"": 0, ""OTHER"": 0}",1.0,11.767446939722229,"[[0, 3.7391219534218463], [1, 3.7391219534218463], [2, 3.7391219534218463], [3, 3.7391219534218463], [4, 3.7391219534218463], [5, 3.7391219534218463], [6, 3.7391219534218463], [7, 3.7391219534218463], [8, 3.7391219534218463], [9, 3.7391219534218463], [10, 3.7391219534218463], [11, 3.7391219534218463], [12, 3.7391219534218463], [95, 14.956487813687385], [96, 14.956487813687385], [222, 14.956487813687385], [223, 14.956487813687385], [319, 14.956487813687385]]",,NONE,0.0,0.24036447096462848,71.90016561651763,0.0037094613051062977,0.43446846802308636,0.26349756031916044,78.8199609969976,False,5.684341886080802e-14,7.66053886991358e-15,18,320,0,302,3.7391219534218463,84.34905966392893,{},10.030715069268641,0.06009111774115706,0.8524121774799708,True,990108,32,0.2517495976192706,0.5655315319769136,285.6019087873763,0.0345821325648415,0.07492795389048991,0.42919497067935714,0.0012940382531427819,0.12377360139821497,True,371,0.546583850931677,0.9353099730458221,True,347,0.535031847133758,1.0,True,335,0.5323275862068966,0.9654178674351584,True,321,0.5454545454545454,0.9250720461095101,True,306,0.55,0.8818443804034583
