DELIVERED_FRACTION,I0,M256,UCR,arm,attempted_mass,axis,block,bound_by,ceil,delivered_over_M256,first_failure_time,first_failure_type,floor,fresh_over_M256,futile_fraction,incumbent_displacement,incumbent_removed_over_M256,law,loss,max_global_balance_residual,max_identity_residual,merger,n_events,n_opportunities,n_rejected,n_waited,quantum,reacquisition,realized_sink,reject_causes,same_track_continuous,seed,size,spacing,split,terminal_I_over_I0,terminal_T,terminal_margin_frac_below_0.05,terminal_margin_frac_below_0.10,terminal_margin_median,terminal_margin_min,terminal_margin_q10,terminal_shadow_40_alive,terminal_shadow_40_area,terminal_shadow_40_jaccard_C256,terminal_shadow_40_jaccard_official,terminal_shadow_45_alive,terminal_shadow_45_area,terminal_shadow_45_jaccard_C256,terminal_shadow_45_jaccard_official,terminal_shadow_50_alive,terminal_shadow_50_area,terminal_shadow_50_jaccard_C256,terminal_shadow_50_jaccard_official,terminal_shadow_55_alive,terminal_shadow_55_area,terminal_shadow_55_jaccard_C256,terminal_shadow_55_jaccard_official,terminal_shadow_60_alive,terminal_shadow_60_area,terminal_shadow_60_jaccard_C256,terminal_shadow_60_jaccard_official
0.0,159.87106154908065,159.87106154908074,0.0,SHAM,639.4842461963228,+x,LAW_29_L24_S910000,"{""PLANNED"": 0, ""SOURCE"": 0, ""SINK"": 0, ""OTHER"": 0}",1.0,0.0,,NONE,0.0,0.0,0.0,0.49895805652808867,0.0,LAW_29,False,0.0,2.6645352591003757e-15,False,0,320,0,0,1.998388269363509,False,0.0,{},True,910000,24,16,False,0.5010419434719113,112.09295509219689,0.5511111111111111,0.92,0.04340791625820978,2.538509401972533e-05,0.007712639663100207,False,0,0.0,0.0,True,225,0.9304347826086956,1.0,True,101,0.4611872146118721,0.4488888888888889,True,18,0.0821917808219178,0.08,False,0,0.0,0.0
0.1316244766046644,159.87106154908065,159.87106154908074,0.0,PARENT,639.4842461963228,+x,LAW_29_L24_S910000,"{""PLANNED"": 19, ""SOURCE"": 29, ""SINK"": 30, ""OTHER"": 0}",1.0,0.5264979064186575,2928,TRACK_LOST_OR_DISSOLVED,0.0,0.0,0.11885253550389528,1.0,0.44086204766871145,LAW_29,True,8.526512829121202e-14,4.9960036108132044e-15,False,78,320,242,0,1.998388269363509,False,84.17177920251933,"{""NO_SINK_CAPACITY"": 88, ""NO_TRACK"": 154}",False,910000,24,16,False,,,,,,,,,,,,,,,,,,,,,,,,,,,
0.0609258844161816,159.87106154908065,159.87106154908074,0.1299886225769798,SINK_FLOOR,639.4842461963228,+x,LAW_29_L24_S910000,"{""PLANNED"": 12, ""SOURCE"": 0, ""SINK"": 308, ""OTHER"": 0}",1.0,0.24370353766472638,,NONE,0.5,0.1299886225769798,0.007257936905306609,0.655314415420682,0.2385491717185759,LAW_29,False,1.1368683772161603e-13,3.1086244689504383e-15,False,320,320,0,0,1.998388269363509,False,38.961143269726186,{},True,910000,24,16,False,0.3446855845793179,107.5073949116994,0.5694444444444444,0.9212962962962963,0.044517836052357596,0.0002051138074193326,0.007441965803284933,False,0,0.0,0.0,True,216,0.44039735099337746,1.0,True,93,0.3,0.4305555555555556,True,17,0.0776255707762557,0.0787037037037037,False,0,0.0,0.0
0.0,159.13928269177322,159.13928269177325,0.0,SHAM,636.5571307670936,-x,LAW_29_L24_S910001,"{""PLANNED"": 0, ""SOURCE"": 0, ""SINK"": 0, ""OTHER"": 0}",1.0,0.0,,NONE,0.0,0.0,0.0,0.5336761467492508,0.0,LAW_29,False,0.0,2.3314683517128287e-15,False,0,320,0,0,1.9892410336471655,False,0.0,{},True,910001,24,16,False,0.46632385325074927,102.38515502554725,0.5631067961165048,0.9320388349514563,0.04468768328890382,0.000524175404536642,0.0054388728402055,False,0,0.0,0.0,True,206,0.9095022624434389,1.0,True,90,0.4166666666666667,0.4368932038834951,True,14,0.06481481481481481,0.06796116504854369,False,0,0.0,0.0
0.107591747166485,159.13928269177322,159.13928269177325,0.0,PARENT,636.5571307670936,-x,LAW_29_L24_S910001,"{""PLANNED"": 22, ""SOURCE"": 9, ""SINK"": 28, ""OTHER"": 0}",1.0,0.43036698866594036,3456,TRACK_LOST_OR_DISSOLVED,0.0,0.0,0.05879831519981714,1.0,0.3861224219675372,LAW_29,True,8.526512829121202e-14,3.4416913763379853e-15,False,59,320,261,0,1.9892410336471655,False,68.48829387051626,"{""NO_SINK_CAPACITY"": 140, ""NO_TRACK"": 121}",False,910001,24,16,False,,,,,,,,,,,,,,,,,,,,,,,,,,,
0.052531740796219285,159.13928269177322,159.13928269177325,0.10242383202889041,SINK_FLOOR,636.5571307670936,-x,LAW_29_L24_S910001,"{""PLANNED"": 11, ""SOURCE"": 0, ""SINK"": 309, ""OTHER"": 0}",1.0,0.21012696318487734,,NONE,0.5,0.10242383202889041,0.0015914201869794437,0.654888798367228,0.20683934841600884,LAW_29,False,1.1368683772161603e-13,2.4424906541753444e-15,False,320,320,0,0,1.9892410336471655,False,33.439454195442025,{},True,910001,24,16,False,0.345111201632772,99.57062520438578,0.5771144278606966,0.9601990049751243,0.04047879592292253,9.467067573193377e-05,0.006227584675574216,False,0,0.0,0.0,True,201,0.5,1.0,True,85,0.32599118942731276,0.4228855721393035,True,8,0.037037037037037035,0.03980099502487562,False,0,0.0,0.0
0.0,158.51544499935613,158.515444999356,0.0,SHAM,634.061779997427,+y,LAW_29_L24_S910002,"{""PLANNED"": 0, ""SOURCE"": 0, ""SINK"": 0, ""OTHER"": 0}",1.0,0.0,,NONE,0.0,0.0,0.0,0.5602182984309898,0.0,LAW_29,False,0.0,2.55351295663786e-15,False,0,320,0,0,1.98144306249195,False,0.0,{},True,910002,24,16,False,0.43978170156901014,95.05030868201638,0.5549738219895288,0.93717277486911,0.04333447400110185,0.0002194940055347261,0.0075828141529908355,False,0,0.0,0.0,True,191,0.9009433962264151,1.0,True,85,0.4009433962264151,0.44502617801047123,True,12,0.05660377358490566,0.06282722513089005,False,0,0.0,0.0
0.1286843422435229,158.51544499935613,158.515444999356,0.0,PARENT,634.061779997427,+y,LAW_29_L24_S910002,"{""PLANNED"": 18, ""SOURCE"": 28, ""SINK"": 33, ""OTHER"": 0}",1.0,0.5147373689740941,4000,TRACK_LOST_OR_DISSOLVED,0.0,0.0,0.11044485282488657,1.0,0.43467907907195247,LAW_29,True,5.684341886080802e-14,3.4416913763379853e-15,False,79,320,241,0,1.98144306249195,False,81.59382310072623,"{""NO_SINK_CAPACITY"": 154, ""NO_TRACK"": 87}",False,910002,24,16,False,,,,,,,,,,,,,,,,,,,,,,,,,,,
0.060861890404210375,158.51544499935613,158.515444999356,0.11745653210359373,SINK_FLOOR,634.061779997427,+y,LAW_29_L24_S910002,"{""PLANNED"": 13, ""SOURCE"": 0, ""SINK"": 307, ""OTHER"": 0}",1.0,0.24344756161684267,,NONE,0.5,0.11745653210359373,0.006087151083708971,0.6857205794662659,0.23837667228274861,LAW_29,False,1.1368683772161603e-13,3.552713678800501e-15,False,320,320,0,0,1.98144306249195,False,38.590198563701954,{},True,910002,24,16,False,0.31427942053373414,94.69967093757546,0.5706806282722513,0.9424083769633508,0.04083526534346521,0.0002995976150987345,0.004467742680732467,False,0,0.0,0.0,True,191,0.4601449275362319,1.0,True,82,0.29515418502202645,0.4293193717277487,True,11,0.05188679245283019,0.05759162303664921,False,0,0.0,0.0
0.0,156.07321051185025,156.0732105118502,0.0,SHAM,624.292842047399,-y,LAW_29_L24_S910003,"{""PLANNED"": 0, ""SOURCE"": 0, ""SINK"": 0, ""OTHER"": 0}",1.0,0.0,,NONE,0.0,0.0,0.0,0.548814005016397,0.0,LAW_29,False,0.0,2.220446049250313e-15,False,0,320,0,0,1.9509151313981274,False,0.0,{},True,910003,24,16,False,0.45118599498360296,97.79814919801555,0.5736040609137056,0.949238578680203,0.04314779991767875,3.900246696114662e-05,0.00599648998859692,False,0,0.0,0.0,True,197,0.933649289099526,1.0,True,84,0.3981042654028436,0.4263959390862944,True,10,0.04739336492890995,0.050761421319796954,False,0,0.0,0.0
0.13414366743107697,156.07321051185025,156.0732105118502,0.0,PARENT,624.292842047399,-y,LAW_29_L24_S910003,"{""PLANNED"": 21, ""SOURCE"": 27, ""SINK"": 25, ""OTHER"": 0}",1.0,0.5365746697243063,2800,TRACK_LOST_OR_DISSOLVED,0.0,0.0,0.11890770872003381,1.0,0.447569053196762,LAW_29,True,8.526512829121202e-14,3.6637359812630166e-15,False,73,320,247,0,1.9509151313981274,False,83.74493138320815,"{""NO_SINK_CAPACITY"": 85, ""NO_TRACK"": 162}",False,910003,24,16,False,,,,,,,,,,,,,,,,,,,,,,,,,,,
0.06279863438886116,156.07321051185025,156.0732105118502,0.12253999866809291,SINK_FLOOR,624.292842047399,-y,LAW_29_L24_S910003,"{""PLANNED"": 13, ""SOURCE"": 0, ""SINK"": 307, ""OTHER"": 0}",1.0,0.2511945375554439,,NONE,0.5,0.12253999866809291,0.0073062515517789755,0.6920217569493385,0.24540024060483168,LAW_29,False,8.526512829121202e-14,3.774758283725532e-15,False,320,320,0,0,1.9509151313981274,False,39.20473793931765,{},True,910003,24,16,False,0.3079782430506614,94.2971878701252,0.5736842105263158,0.9473684210526315,0.0411330454169625,0.0006233939733505389,0.006512405365541096,False,0,0.0,0.0,True,190,0.4528985507246377,1.0,True,81,0.2920353982300885,0.4263157894736842,True,10,0.04739336492890995,0.05263157894736842,False,0,0.0,0.0
0.0,159.60560179297548,159.6056017929756,0.0,SHAM,638.4224071719036,+x,LAW_29_L24_S910004,"{""PLANNED"": 0, ""SOURCE"": 0, ""SINK"": 0, ""OTHER"": 0}",1.0,0.0,,NONE,0.0,0.0,0.0,0.5150789513721532,0.0,LAW_29,False,0.0,2.1094237467877974e-15,False,0,320,0,0,1.9950700224121949,False,0.0,{},True,910004,24,16,False,0.48492104862784674,107.51925896078484,0.5555555555555556,0.9305555555555556,0.04360060704817614,2.872007736759441e-05,0.005075784439094566,False,0,0.0,0.0,True,216,0.9244444444444444,1.0,True,96,0.4423963133640553,0.4444444444444444,True,15,0.06912442396313365,0.06944444444444445,False,0,0.0,0.0
0.11100526971976651,159.60560179297548,159.6056017929756,0.0,PARENT,638.4224071719036,+x,LAW_29_L24_S910004,"{""PLANNED"": 21, ""SOURCE"": 11, ""SINK"": 27, ""OTHER"": 0}",1.0,0.4440210788790669,3456,TRACK_LOST_OR_DISSOLVED,0.0,0.0,0.06238752914556166,1.0,0.3962374087164328,LAW_29,True,8.526512829121202e-14,3.9968028886505635e-15,False,59,320,261,0,1.9950700224121949,False,70.86825150325976,"{""NO_SINK_CAPACITY"": 140, ""NO_TRACK"": 121}",False,910004,24,16,False,,,,,,,,,,,,,,,,,,,,,,,,,,,
0.05405375240766447,159.60560179297548,159.6056017929756,0.10979650101569399,SINK_FLOOR,638.4224071719036,+x,LAW_29_L24_S910004,"{""PLANNED"": 11, ""SOURCE"": 0, ""SINK"": 309, ""OTHER"": 0}",1.0,0.2162150096306583,,NONE,0.5,0.10979650101569399,0.0020806341446674417,0.6512562409652634,0.21276434773647065,LAW_29,False,1.1368683772161603e-13,3.3306690738754696e-15,False,320,320,0,0,1.9950700224121949,False,34.50912672877523,{},True,910004,24,16,False,0.34874375903473664,102.52887169871534,0.5631067961165048,0.9320388349514563,0.04357515203852208,0.00010266682357623624,0.00745351315997228,False,0,0.0,0.0,True,206,0.4894366197183099,1.0,True,90,0.31759656652360513,0.4368932038834951,True,14,0.06451612903225806,0.06796116504854369,False,0,0.0,0.0
0.0,162.1304022678506,162.13040226785068,0.0,SHAM,648.5216090713983,-x,LAW_29_L24_S910005,"{""PLANNED"": 0, ""SOURCE"": 0, ""SINK"": 0, ""OTHER"": 0}",1.0,0.0,,NONE,0.0,0.0,0.0,0.49823236420562356,0.0,LAW_29,False,0.0,2.3314683517128287e-15,False,0,320,0,0,2.0266300283481335,False,0.0,{},True,910005,24,16,False,0.5017676357943764,112.77696937695777,0.5442477876106194,0.911504424778761,0.04566397581125836,0.00035323408746579243,0.006270537145914579,False,0,0.0,0.0,True,226,0.9267241379310345,1.0,True,103,0.4660633484162896,0.4557522123893805,True,20,0.09049773755656108,0.08849557522123894,False,0,0.0,0.0
0.12965845974043064,162.1304022678506,162.13040226785068,0.0,PARENT,648.5216090713983,-x,LAW_29_L24_S910005,"{""PLANNED"": 19, ""SOURCE"": 28, ""SINK"": 28, ""OTHER"": 0}",1.0,0.518633838961719,2672,TRACK_LOST_OR_DISSOLVED,0.0,0.0,0.12234404023293792,1.0,0.4332746176084434,LAW_29,True,8.526512829121202e-14,4.440892098500626e-15,False,75,320,245,0,2.0266300283481335,False,84.0863129405832,"{""NO_SINK_CAPACITY"": 75, ""NO_TRACK"": 170}",False,910005,24,16,False,,,,,,,,,,,,,,,,,,,,,,,,,,,
0.06126796560358523,162.1304022678506,162.13040226785068,0.13345333214269645,SINK_FLOOR,648.5216090713983,-x,LAW_29_L24_S910005,"{""PLANNED"": 13, ""SOURCE"": 0, ""SINK"": 307, ""OTHER"": 0}",1.0,0.24507186241433926,,NONE,0.5,0.13345333214269645,0.007634163962296027,0.6554453527646489,0.23962851106022773,LAW_29,False,8.526512829121202e-14,2.7755575615628914e-15,False,320,320,0,0,2.0266300283481335,False,39.73359963776818,{},True,910005,24,16,False,0.34455464723535106,108.77996813212282,0.5345622119815668,0.8755760368663594,0.0467580104201033,1.8736833775234718e-05,0.0068484524474134445,False,0,0.0,0.0,True,217,0.44554455445544555,1.0,True,101,0.3089430894308943,0.46543778801843316,True,27,0.12217194570135746,0.12442396313364056,False,0,0.0,0.0
0.0,162.52293720287054,162.52293720287054,0.0,SHAM,650.091748811479,+y,LAW_29_L24_S910006,"{""PLANNED"": 0, ""SOURCE"": 0, ""SINK"": 0, ""OTHER"": 0}",1.0,0.0,,NONE,0.0,0.0,0.0,0.5215931126271458,0.0,LAW_29,False,0.0,2.4424906541753444e-15,False,0,320,0,0,2.0315367150358816,False,0.0,{},True,910006,24,16,False,0.47840688737285425,106.61747899402323,0.5305164319248826,0.9061032863849765,0.04660470632132452,0.0014105840194920671,0.008737587490619703,False,0,0.0,0.0,True,213,0.8947368421052632,1.0,True,100,0.45662100456621,0.4694835680751174,True,20,0.091324200913242,0.09389671361502347,False,0,0.0,0.0
0.12535971592174824,162.52293720287054,162.52293720287054,0.0,PARENT,650.091748811479,+y,LAW_29_L24_S910006,"{""PLANNED"": 19, ""SOURCE"": 26, ""SINK"": 26, ""OTHER"": 0}",1.0,0.5014388636869905,2672,TRACK_LOST_OR_DISSOLVED,0.0,0.0,0.1089697431908834,1.0,0.4246048513222069,LAW_29,True,8.526512829121202e-14,3.9968028886505635e-15,False,71,320,249,0,2.0315367150358816,False,81.49531695407953,"{""NO_SINK_CAPACITY"": 79, ""NO_TRACK"": 170}",False,910006,24,16,False,,,,,,,,,,,,,,,,,,,,,,,,,,,
0.059783251673795716,162.52293720287054,162.52293720287054,0.1256120004652543,SINK_FLOOR,650.091748811479,+y,LAW_29_L24_S910006,"{""PLANNED"": 12, ""SOURCE"": 0, ""SINK"": 308, ""OTHER"": 0}",1.0,0.2391330066951817,,NONE,0.5,0.1256120004652543,0.005662807692437542,0.6547968619714343,0.2339735225834501,LAW_29,False,5.684341886080802e-14,3.219646771412954e-15,False,320,320,0,0,2.0315367150358816,False,38.86459863025463,{},True,910006,24,16,False,0.3452031380285657,106.33642993414269,0.5539906103286385,0.8967136150234741,0.043929352446007375,0.0005181216067907668,0.0067959102030507035,False,0,0.0,0.0,True,213,0.46440677966101696,1.0,True,95,0.32489451476793246,0.4460093896713615,True,22,0.1004566210045662,0.10328638497652583,False,0,0.0,0.0
0.0,156.55822519386444,156.55822519386433,0.0,SHAM,626.2329007754558,-y,LAW_29_L24_S910007,"{""PLANNED"": 0, ""SOURCE"": 0, ""SINK"": 0, ""OTHER"": 0}",1.0,0.0,,NONE,0.0,0.0,0.0,0.5511894779871769,0.0,LAW_29,False,0.0,2.1094237467877974e-15,False,0,320,0,0,1.9569778149233041,False,0.0,{},True,910007,24,16,False,0.4488105220128232,97.31702965909697,0.5714285714285714,0.9591836734693877,0.04319439922303592,0.0010097866509808373,0.006655885986557364,False,0,0.0,0.0,True,196,0.9289099526066351,1.0,True,84,0.3981042654028436,0.42857142857142855,True,8,0.037914691943127965,0.04081632653061224,False,0,0.0,0.0
0.116711889371631,156.55822519386444,156.55822519386433,0.0,PARENT,626.2329007754558,-y,LAW_29_L24_S910007,"{""PLANNED"": 21, ""SOURCE"": 12, ""SINK"": 30, ""OTHER"": 0}",1.0,0.4668475574865229,4080,TRACK_LOST_OR_DISSOLVED,0.0,0.0,0.0746310106604132,1.0,0.41093740517788957,LAW_29,True,1.4210854715202004e-13,4.551914400963142e-15,False,63,320,257,0,1.9569778149233041,False,73.08882503618058,"{""NO_SINK_CAPACITY"": 175, ""NO_TRACK"": 82}",False,910007,24,16,False,,,,,,,,,,,,,,,,,,,,,,,,,,,
0.05541290387743793,156.55822519386444,156.55822519386433,0.10833349473729968,SINK_FLOOR,626.2329007754558,-y,LAW_29_L24_S910007,"{""PLANNED"": 12, ""SOURCE"": 0, ""SINK"": 308, ""OTHER"": 0}",1.0,0.22165161550975118,,NONE,0.5,0.10833349473729968,0.0031473854388247525,0.6720749939485602,0.2173719141317333,LAW_29,False,8.526512829121202e-14,3.552713678800501e-15,False,320,320,0,0,1.9569778149233041,False,34.70138353555946,{},True,910007,24,16,False,0.32792500605143976,95.68736709078966,0.5751295336787565,0.9378238341968912,0.04251548076384282,5.5205923942924784e-05,0.007050104141236413,False,0,0.0,0.0,True,193,0.4852941176470588,1.0,True,82,0.31390134529147984,0.42487046632124353,True,12,0.05687203791469194,0.06217616580310881,False,0,0.0,0.0
0.0,160.24265416882957,160.24265416882957,0.0,SHAM,640.9706166753195,+x,LAW_29_L24_S910008,"{""PLANNED"": 0, ""SOURCE"": 0, ""SINK"": 0, ""OTHER"": 0}",1.0,0.0,,NONE,0.0,0.0,0.0,0.5097410026020734,0.0,LAW_29,False,0.0,1.9984014443252818e-15,False,0,320,0,0,2.0030331771103698,False,0.0,{},True,910008,24,16,False,0.49025899739792655,109.19438732878446,0.54337899543379,0.91324200913242,0.0427856964300804,0.00023170701318608877,0.007157204315923871,False,0,0.0,0.0,True,219,0.9166666666666666,1.0,True,100,0.45871559633027525,0.45662100456621,True,19,0.0871559633027523,0.0867579908675799,False,0,0.0,0.0
0.11567329068839341,160.24265416882957,160.24265416882957,0.0,PARENT,640.9706166753195,+x,LAW_29_L24_S910008,"{""PLANNED"": 21, ""SOURCE"": 13, ""SINK"": 29, ""OTHER"": 0}",1.0,0.4626931627535745,3536,TRACK_LOST_OR_DISSOLVED,0.0,0.0,0.07742255460291554,1.0,0.40704470810756854,LAW_29,True,5.684341886080802e-14,3.1086244689504383e-15,False,63,320,257,0,2.0030331771103698,False,74.14318046540302,"{""NO_SINK_CAPACITY"": 141, ""NO_TRACK"": 116}",False,910008,24,16,False,,,,,,,,,,,,,,,,,,,,,,,,,,,
0.05484054317405967,160.24265416882957,160.24265416882957,0.116410355067682,SINK_FLOOR,640.9706166753195,+x,LAW_29_L24_S910008,"{""PLANNED"": 12, ""SOURCE"": 0, ""SINK"": 308, ""OTHER"": 0}",1.0,0.21936217269623912,,NONE,0.5,0.116410355067682,0.0029974965550635902,0.6450027923449881,0.21561793376493857,LAW_29,False,8.526512829121202e-14,3.3306690738754696e-15,False,320,320,0,0,2.0030331771103698,False,35.15117677708651,{},True,910008,24,16,False,0.3549972076550119,106.2841412961137,0.5446009389671361,0.9014084507042254,0.04389873732461402,0.000136719366510496,0.00652446758862707,False,0,0.0,0.0,True,213,0.4709897610921502,1.0,True,97,0.3291139240506329,0.45539906103286387,True,21,0.0963302752293578,0.09859154929577464,False,0,0.0,0.0
0.0,288.0461731009559,288.04617310095585,0.0,SHAM,1152.1846924038252,+x,LAW_29_L32_S910000,"{""PLANNED"": 0, ""SOURCE"": 0, ""SINK"": 0, ""OTHER"": 0}",1.0,0.0,,NONE,0.0,0.0,0.0,0.4082048170071312,0.0,LAW_29,False,0.0,2.886579864025407e-15,False,0,320,0,0,3.6005771637619484,False,0.0,{},True,910000,32,16,False,0.5917951829928688,214.93948952717338,0.30256410256410254,0.5282051282051282,0.09516426096302172,7.3196937958597275e-06,0.013934362956677715,True,573,0.6579406631762653,0.680628272251309,True,390,0.9368686868686869,1.0,True,272,0.7214854111405835,0.6974358974358974,True,184,0.4880636604774536,0.4717948717948718,True,109,0.2891246684350133,0.2794871794871795
0.13386159784122548,288.0461731009559,288.04617310095585,0.0,PARENT,1152.1846924038252,+x,LAW_29_L32_S910000,"{""PLANNED"": 14, ""SOURCE"": 75, ""SINK"": 49, ""OTHER"": 0}",1.0,0.5354463913649027,4384,TRACK_LOST_OR_DISSOLVED,0.0,0.0,0.15555932966394362,1.0,0.43270291358926205,LAW_29,True,1.1368683772161603e-13,6.328271240363392e-15,False,138,320,182,0,3.6005771637619484,False,154.23328393337692,"{""NO_SINK_CAPACITY"": 119, ""NO_TRACK"": 63}",False,910000,32,16,False,,,,,,,,,,,,,,,,,,,,,,,,,,,
0.066504774191461,288.0461731009559,288.04617310095585,0.16630976907182274,SINK_FLOOR,1152.1846924038252,+x,LAW_29_L32_S910000,"{""PLANNED"": 13, ""SOURCE"": 0, ""SINK"": 307, ""OTHER"": 0}",1.0,0.2660190967658444,,NONE,0.5,0.16630976907182274,0.018380765560788548,0.6055017711671251,0.2577949514227339,LAW_29,False,1.7053025658242404e-13,5.88418203051333e-15,False,320,320,0,0,3.6005771637619484,False,76.62578279517435,{},True,910000,32,16,False,0.39449822883287483,208.24683350752306,0.3183023872679045,0.5358090185676393,0.08873036135591988,0.00020637590048405707,0.013837670938168234,False,0,0.0,0.0,True,377,0.47265625,1.0,True,257,0.42152466367713004,0.6816976127320955,True,175,0.3365617433414044,0.46419098143236076,True,108,0.24358974358974358,0.2864721485411141
0.0,285.94315217649745,285.9431521764974,0.0,SHAM,1143.7726087059862,-x,LAW_29_L32_S910001,"{""PLANNED"": 0, ""SOURCE"": 0, ""SINK"": 0, ""OTHER"": 0}",1.0,0.0,,NONE,0.0,0.0,0.0,0.4209733040315735,0.0,LAW_29,False,0.0,2.4424906541753444e-15,False,0,320,0,0,3.5742894022062175,False,0.0,{},True,910001,32,16,False,0.5790266959684265,207.395730754137,0.2925531914893617,0.523936170212766,0.09360186330621661,0.00016439659451772393,0.01557138439150324,True,545,0.6844036697247706,0.689908256880734,True,376,0.9404145077720207,1.0,True,266,0.7131367292225201,0.7074468085106383,True,179,0.47989276139410186,0.47606382978723405,True,104,0.27882037533512066,0.2765957446808511
0.1363956517094273,285.94315217649745,285.9431521764974,0.0,PARENT,1143.7726087059862,-x,LAW_29_L32_S910001,"{""PLANNED"": 14, ""SOURCE"": 77, ""SINK"": 53, ""OTHER"": 0}",1.0,0.5455826068377075,6032,TRACK_LOST_OR_DISSOLVED,0.0,0.0,0.15457443262200407,1.0,0.44138347789944854,LAW_29,True,1.1368683772161603e-13,7.771561172376096e-15,False,144,320,176,0,3.5742894022062175,False,156.00561037184477,"{""NO_SINK_CAPACITY"": 176}",False,910001,32,16,False,,,,,,,,,,,,,,,,,,,,,,,,,,,
0.06837668802561295,285.94315217649745,285.9431521764974,0.16245819446785448,SINK_FLOOR,1143.7726087059862,-x,LAW_29_L32_S910001,"{""PLANNED"": 14, ""SOURCE"": 0, ""SINK"": 306, ""OTHER"": 0}",1.0,0.273506752102451,,NONE,0.5,0.16245819446785448,0.02387612877799336,0.6221978991217401,0.2637650212665425,LAW_29,False,2.2737367544323206e-13,5.329070518200751e-15,False,320,320,0,0,3.5742894022062175,False,78.20738283773069,{},True,910001,32,16,False,0.37780210087826,196.9189901970802,0.31179775280898875,0.5280898876404494,0.0894754589746935,0.00023477219231632374,0.015289390475556774,True,547,0.5106732348111659,0.6508226691042047,True,356,0.4757085020242915,1.0,True,245,0.40454545454545454,0.6882022471910112,True,168,0.32923832923832924,0.47191011235955055,True,103,0.23316062176165803,0.2893258426966292
0.0,284.92901143589404,284.92901143589415,0.0,SHAM,1139.7160457435791,+y,LAW_29_L32_S910002,"{""PLANNED"": 0, ""SOURCE"": 0, ""SINK"": 0, ""OTHER"": 0}",1.0,0.0,,NONE,0.0,0.0,0.0,0.430826034711132,0.0,LAW_29,False,0.0,2.6645352591003757e-15,False,0,320,0,0,3.5616126429486767,False,0.0,{},True,910002,32,16,False,0.569173965288868,202.2392331372106,0.2970027247956403,0.5204359673024523,0.09612206176388599,0.0002926938743031404,0.01606969103885658,True,539,0.6938775510204082,0.6808905380333952,True,367,0.976,1.0,True,258,0.6898395721925134,0.7029972752043597,True,176,0.47058823529411764,0.47956403269754766,True,102,0.2727272727272727,0.2779291553133515
0.12433754812968822,284.92901143589404,284.92901143589415,0.0,PARENT,1139.7160457435791,+y,LAW_29_L32_S910002,"{""PLANNED"": 17, ""SOURCE"": 43, ""SINK"": 54, ""OTHER"": 0}",1.0,0.497350192518754,6240,TRACK_LOST_OR_DISSOLVED,0.0,0.0,0.12103867564884725,1.0,0.4178580001144813,LAW_29,True,2.2737367544323206e-13,6.661338147750939e-15,False,114,320,206,0,3.5616126429486767,False,141.70949869182022,"{""NO_SINK_CAPACITY"": 206}",False,910002,32,16,False,,,,,,,,,,,,,,,,,,,,,,,,,,,
0.05912569527674354,284.92901143589404,284.92901143589415,0.1422895148254744,SINK_FLOOR,1139.7160457435791,+y,LAW_29_L32_S910002,"{""PLANNED"": 12, ""SOURCE"": 0, ""SINK"": 308, ""OTHER"": 0}",1.0,0.23650278110697465,,NONE,0.5,0.1422895148254744,0.005296564465747606,0.6004794688308193,0.23256227119665754,LAW_29,False,1.1368683772161603e-13,3.3306690738754696e-15,False,320,320,0,0,3.5616126429486767,False,67.38650362264995,{},True,910002,32,16,False,0.39952053116918074,194.38298140584826,0.3039772727272727,0.53125,0.0892059523656446,0.0003275110019979599,0.012704477559224603,True,532,0.5408163265306123,0.6616541353383458,True,352,0.5188284518828452,1.0,True,245,0.4428904428904429,0.6960227272727273,True,165,0.3542713567839196,0.46875,True,99,0.24146981627296588,0.28125
0.0,281.6686542553054,281.6686542553054,0.0,SHAM,1126.6746170212243,-y,LAW_29_L32_S910003,"{""PLANNED"": 0, ""SOURCE"": 0, ""SINK"": 0, ""OTHER"": 0}",1.0,0.0,,NONE,0.0,0.0,0.0,0.41947660387741903,0.0,LAW_29,False,0.0,3.219646771412954e-15,False,0,320,0,0,3.5208581781913173,False,0.0,{},True,910003,32,16,False,0.580523396122581,206.45147083225172,0.2906666666666667,0.5226666666666666,0.09315587959008215,0.00011854622158691264,0.016100394113988725,True,550,0.6672727272727272,0.6818181818181818,True,375,0.9526315789473684,1.0,True,266,0.7247956403269755,0.7093333333333334,True,179,0.4877384196185286,0.47733333333333333,True,103,0.28065395095367845,0.27466666666666667
0.1268277864319515,281.6686542553054,281.6686542553054,0.0,PARENT,1126.6746170212243,-y,LAW_29_L32_S910003,"{""PLANNED"": 16, ""SOURCE"": 53, ""SINK"": 45, ""OTHER"": 0}",1.0,0.5073111457278073,6768,TRACK_LOST_OR_DISSOLVED,0.0,0.0,0.13019955229776778,1.0,0.42316469534869505,LAW_29,True,1.1368683772161603e-13,5.773159728050814e-15,False,114,320,206,0,3.5208581781913173,False,142.8936477058686,"{""NO_SINK_CAPACITY"": 206}",False,910003,32,16,False,,,,,,,,,,,,,,,,,,,,,,,,,,,
0.061318020923964094,281.6686542553054,281.6686542553054,0.15212023197846547,SINK_FLOOR,1126.6746170212243,-y,LAW_29_L32_S910003,"{""PLANNED"": 13, ""SOURCE"": 0, ""SINK"": 307, ""OTHER"": 0}",1.0,0.24527208369585696,,NONE,0.5,0.15212023197846547,0.0077103943465425435,0.5996876799248375,0.24065808640258124,LAW_29,False,1.1368683772161603e-13,4.218847493575595e-15,False,320,320,0,0,3.5208581781913173,False,69.08545774100666,{},True,910003,32,16,False,0.4003123200751625,199.9808543369827,0.3149171270718232,0.5331491712707183,0.09112858190547019,8.705595204222538e-05,0.013085267929616451,True,551,0.5173553719008265,0.6569872958257713,True,362,0.49385245901639346,1.0,True,248,0.43356643356643354,0.6850828729281768,True,169,0.34,0.46685082872928174,True,103,0.25333333333333335,0.2845303867403315
0.0,287.90137812063347,287.90137812063375,0.0,SHAM,1151.6055124825346,+x,LAW_29_L32_S910004,"{""PLANNED"": 0, ""SOURCE"": 0, ""SINK"": 0, ""OTHER"": 0}",1.0,0.0,,NONE,0.0,0.0,0.0,0.4146516171769461,0.0,LAW_29,False,0.0,2.55351295663786e-15,False,0,320,0,0,3.598767226507922,False,0.0,{},True,910004,32,16,False,0.5853483828230539,211.20518921770872,0.2782152230971129,0.5039370078740157,0.0968369105495796,6.05960284148499e-05,0.017367812395964133,True,559,0.6726296958855098,0.6815742397137746,True,381,0.9510309278350515,1.0,True,275,0.7313829787234043,0.7217847769028871,True,189,0.5026595744680851,0.49606299212598426,True,111,0.29521276595744683,0.29133858267716534
0.12239399340090418,287.90137812063347,287.90137812063375,0.0,PARENT,1151.6055124825346,+x,LAW_29_L32_S910004,"{""PLANNED"": 17, ""SOURCE"": 42, ""SINK"": 46, ""OTHER"": 0}",1.0,0.48957597360361654,5216,TRACK_LOST_OR_DISSOLVED,0.0,0.0,0.11584715700829792,1.0,0.41419601942368633,LAW_29,True,1.1368683772161603e-13,6.439293542825908e-15,False,105,320,215,0,3.598767226507922,False,140.9495974952322,"{""NO_SINK_CAPACITY"": 204, ""NO_TRACK"": 11}",False,910004,32,16,False,,,,,,,,,,,,,,,,,,,,,,,,,,,
0.06050151183023206,287.90137812063347,287.90137812063375,0.15013383746911443,SINK_FLOOR,1151.6055124825346,+x,LAW_29_L32_S910004,"{""PLANNED"": 12, ""SOURCE"": 0, ""SINK"": 308, ""OTHER"": 0}",1.0,0.24200604732092815,,NONE,0.5,0.15013383746911443,0.0064178813926225875,0.5912453505891286,0.23777862819873832,LAW_29,False,2.2737367544323206e-13,4.773959005888173e-15,False,320,320,0,0,3.598767226507922,False,69.67387453722252,{},True,910004,32,16,False,0.40875464941087136,204.48014989043247,0.3089430894308943,0.5203252032520326,0.09238291638392843,5.1495924684674677e-05,0.013401470143417193,False,0,0.0,0.0,True,369,0.5111561866125761,1.0,True,255,0.44724770642201833,0.6910569105691057,True,177,0.35872235872235875,0.4796747967479675,True,105,0.2526041666666667,0.2845528455284553
0.0,290.3449840168726,290.34498401687273,0.0,SHAM,1161.3799360674907,-x,LAW_29_L32_S910005,"{""PLANNED"": 0, ""SOURCE"": 0, ""SINK"": 0, ""OTHER"": 0}",1.0,0.0,,NONE,0.0,0.0,0.0,0.4035157459596561,0.0,LAW_29,False,0.0,3.219646771412954e-15,False,0,320,0,0,3.629312300210909,False,0.0,{},True,910005,32,16,False,0.5964842540403439,218.14647202631713,0.29545454545454547,0.5328282828282829,0.092422011926306,5.554925628092899e-06,0.013704409991078859,False,0,0.0,0.0,True,396,0.9305210918114144,1.0,True,279,0.7303664921465969,0.7045454545454546,True,185,0.48429319371727747,0.4671717171717172,True,110,0.2879581151832461,0.2777777777777778
0.12231676361884683,290.3449840168726,290.34498401687273,0.0,PARENT,1161.3799360674907,-x,LAW_29_L32_S910005,"{""PLANNED"": 16, ""SOURCE"": 46, ""SINK"": 51, ""OTHER"": 0}",1.0,0.4892670544753872,4640,TRACK_LOST_OR_DISSOLVED,0.0,0.0,0.12125311607420748,1.0,0.41311005856027366,LAW_29,True,2.2737367544323206e-13,5.440092820663267e-15,False,113,320,207,0,3.629312300210909,False,142.0562351116387,"{""NO_SINK_CAPACITY"": 160, ""NO_TRACK"": 47}",False,910005,32,16,False,,,,,,,,,,,,,,,,,,,,,,,,,,,
0.06000117389121292,290.3449840168726,290.34498401687273,0.15087431122179604,SINK_FLOOR,1161.3799360674907,-x,LAW_29_L32_S910005,"{""PLANNED"": 12, ""SOURCE"": 0, ""SINK"": 308, ""OTHER"": 0}",1.0,0.24000469556485163,,NONE,0.5,0.15087431122179604,0.007317035362930246,0.5882648167007727,0.23551876849182865,LAW_29,False,1.7053025658242404e-13,4.440892098500626e-15,False,320,320,0,0,3.629312300210909,False,69.68415949775125,{},True,910005,32,16,False,0.41173518329922737,208.17711201079396,0.31466666666666665,0.5306666666666666,0.09325514969543175,0.0007744156423948323,0.013670032162319212,False,0,0.0,0.0,True,375,0.5049701789264414,1.0,True,257,0.4489795918367347,0.6853333333333333,True,176,0.35766423357664234,0.4693333333333333,True,110,0.25190839694656486,0.29333333333333333
0.0,289.14853955630684,289.14853955630684,0.0,SHAM,1156.5941582252283,+y,LAW_29_L32_S910006,"{""PLANNED"": 0, ""SOURCE"": 0, ""SINK"": 0, ""OTHER"": 0}",1.0,0.0,,NONE,0.0,0.0,0.0,0.3973248634911648,0.0,LAW_29,False,0.0,2.6645352591003757e-15,False,0,320,0,0,3.6143567444538354,False,0.0,{},True,910006,32,16,False,0.6026751365088352,220.7746333534586,0.2925,0.5225,0.09119743982760203,0.0001662450391436976,0.013937988672670376,False,0,0.0,0.0,True,400,0.9187192118226601,1.0,True,283,0.7467018469656992,0.7075,True,191,0.503957783641161,0.4775,True,110,0.29023746701846964,0.275
0.12056873103143712,289.14853955630684,289.14853955630684,0.0,PARENT,1156.5941582252283,+y,LAW_29_L32_S910006,"{""PLANNED"": 17, ""SOURCE"": 39, ""SINK"": 43, ""OTHER"": 0}",1.0,0.48227492412574885,4080,TRACK_LOST_OR_DISSOLVED,0.0,0.0,0.11873475871886534,1.0,0.4085046563861513,LAW_29,True,1.1368683772161603e-13,5.773159728050814e-15,False,99,320,221,0,3.6143567444538354,False,139.44908997558898,"{""NO_SINK_CAPACITY"": 139, ""NO_TRACK"": 82}",False,910006,32,16,False,,,,,,,,,,,,,,,,,,,,,,,,,,,
0.05859303641921165,289.14853955630684,289.14853955630684,0.14867685073244044,SINK_FLOOR,1156.5941582252283,+y,LAW_29_L32_S910006,"{""PLANNED"": 12, ""SOURCE"": 0, ""SINK"": 308, ""OTHER"": 0}",1.0,0.23437214567684678,,NONE,0.5,0.14867685073244044,0.004354725323783943,0.5772025679660993,0.23062153025905086,LAW_29,False,1.7053025658242404e-13,3.885780586188048e-15,False,320,320,0,0,3.6143567444538354,False,67.76836363513824,{},True,910006,32,16,False,0.4227974320339008,212.09754711858542,0.31070496083550914,0.5248041775456919,0.09202831561614017,0.0009176200424020897,0.013305431609851592,False,0,0.0,0.0,True,383,0.5119047619047619,1.0,True,264,0.45475113122171945,0.6892950391644909,True,182,0.3616504854368932,0.4751958224543081,True,109,0.26098191214470284,0.2845953002610966
0.0,281.7535100498044,281.7535100498044,0.0,SHAM,1127.0140401992123,-y,LAW_29_L32_S910007,"{""PLANNED"": 0, ""SOURCE"": 0, ""SINK"": 0, ""OTHER"": 0}",1.0,0.0,,NONE,0.0,0.0,0.0,0.42733260810236773,0.0,LAW_29,False,0.0,3.219646771412954e-15,False,0,320,0,0,3.521918875622555,False,0.0,{},True,910007,32,16,False,0.5726673918976323,203.18720658764022,0.2972972972972973,0.5243243243243243,0.09225939920177423,0.00013686213459834784,0.015864865209547607,True,547,0.6782449725776966,0.676416819012797,True,370,0.9448818897637795,1.0,True,260,0.7008086253369272,0.7027027027027027,True,176,0.4743935309973046,0.4756756756756757,True,98,0.2641509433962264,0.2648648648648649
0.13619923336561213,281.7535100498044,281.7535100498044,0.0,PARENT,1127.0140401992123,-y,LAW_29_L32_S910007,"{""PLANNED"": 15, ""SOURCE"": 72, ""SINK"": 49, ""OTHER"": 0}",1.0,0.544796933462446,6768,TRACK_LOST_OR_DISSOLVED,0.0,0.0,0.16102083004275866,1.0,0.4379436646660785,LAW_29,True,1.7053025658242404e-13,5.551115123125783e-15,False,136,320,184,0,3.521918875622555,False,153.4984482674139,"{""NO_SINK_CAPACITY"": 184}",False,910007,32,16,False,,,,,,,,,,,,,,,,,,,,,,,,,,,
0.06557915991552593,281.7535100498044,281.7535100498044,0.15898367520584264,SINK_FLOOR,1127.0140401992123,-y,LAW_29_L32_S910007,"{""PLANNED"": 13, ""SOURCE"": 0, ""SINK"": 307, ""OTHER"": 0}",1.0,0.2623166396621025,,NONE,0.5,0.15898367520584264,0.018677296238713562,0.6189596515046389,0.2544476154531345,LAW_29,False,1.7053025658242404e-13,3.9968028886505635e-15,False,320,320,0,0,3.521918875622555,False,73.90863396926711,{},True,910007,32,16,False,0.3810403484953611,195.52168463273344,0.3183098591549296,0.5380281690140845,0.0879747184074598,0.00014204498197961657,0.013003697659070279,True,543,0.5233333333333333,0.6537753222836096,True,355,0.47560975609756095,1.0,True,242,0.40274599542334094,0.6816901408450704,True,164,0.32098765432098764,0.4619718309859155,True,100,0.2265625,0.28169014084507044
0.0,286.9203516614806,286.9203516614803,0.0,SHAM,1147.6814066459272,+x,LAW_29_L32_S910008,"{""PLANNED"": 0, ""SOURCE"": 0, ""SINK"": 0, ""OTHER"": 0}",1.0,0.0,,NONE,0.0,0.0,0.0,0.41162516824555695,0.0,LAW_29,False,0.0,2.7755575615628914e-15,False,0,320,0,0,3.586504395768504,False,0.0,{},True,910008,32,16,False,0.588374831754443,212.9002917424763,0.28940568475452194,0.5219638242894057,0.09343358052070999,1.2356035694716105e-05,0.015243293723896378,True,579,0.6545768566493955,0.6683937823834197,True,387,0.9540816326530612,1.0,True,275,0.7255936675461742,0.710594315245478,True,185,0.48812664907651715,0.4780361757105943,True,106,0.2796833773087071,0.2739018087855297
0.1267294206746013,286.9203516614806,286.9203516614803,0.0,PARENT,1147.6814066459272,+x,LAW_29_L32_S910008,"{""PLANNED"": 17, ""SOURCE"": 52, ""SINK"": 41, ""OTHER"": 0}",1.0,0.5069176826984079,5984,TRACK_LOST_OR_DISSOLVED,0.0,0.0,0.1284461000679681,1.0,0.42411310407434494,LAW_29,True,1.1368683772161603e-13,6.8833827526759706e-15,False,110,320,210,0,3.586504395768504,False,145.44499978324987,"{""NO_SINK_CAPACITY"": 210}",False,910008,32,16,False,,,,,,,,,,,,,,,,,,,,,,,,,,,
0.06051331845270011,286.9203516614806,286.9203516614803,0.15363001702530696,SINK_FLOOR,1147.6814066459272,+x,LAW_29_L32_S910008,"{""PLANNED"": 13, ""SOURCE"": 0, ""SINK"": 307, ""OTHER"": 0}",1.0,0.2420532738108017,,NONE,0.5,0.15363001702530696,0.007645292873318747,0.5945887273715635,0.2374667019313254,LAW_29,False,1.7053025658242404e-13,4.440892098500626e-15,False,320,320,0,0,3.586504395768504,False,69.4500104426078,{},True,910008,32,16,False,0.4054112726284364,205.8831483697201,0.3163538873994638,0.5495978552278821,0.09164595955555815,2.8850564272264734e-05,0.013302827389538252,False,0,0.0,0.0,True,373,0.49206349206349204,1.0,True,255,0.4247191011235955,0.6836461126005362,True,168,0.3374083129584352,0.450402144772118,True,108,0.24552429667519182,0.289544235924933
