finding,original_severity,title,author_disposition,independent_disposition,correction_commits,original_evidence,corrected_evidence,independent_reasoning
F1,FATALE,"Les deux scripts de vérification ne sont **pas** dans le bundle, ni dans le commit",ACCEPTED,RESOLVED,6c77300,REVIEW01/out/REVIEW01_CHECKER_RETURN_VERBATIM.md:11,RECOVERY/scripts/,Both verification scripts enter Git before the supplied final bundle. Git history and final presence verified; the first fe6b631 bundle omitted them.
F2,FATALE,"Le McNemar « 9 contre 0, p = 0,0039 » n'existe que par la chaîne de caractères",ACCEPTED,RESOLVED,23eb684,REVIEW01/out/REVIEW01_CHECKER_RETURN_VERBATIM.md:25,DELIVERABLES/MS_EDL_NONEXCHANGEABILITY_v0.2.md:113,The erroneous 9-versus-0 event test is removed. Paired whole-world mortality 11/1/1/28 independently matches 82 raw reads; its two-sided sign p=.00634765625 is descriptive of that endpoint.
F3,FATALE,« The programme has recorded per-step connectivity exposure » : le fichier est vide,ACCEPTED,RESOLVED,23eb684,REVIEW01/out/REVIEW01_CHECKER_RETURN_VERBATIM.md:38,DELIVERABLES/MS_EDL_NONEXCHANGEABILITY_v0.2.md:336,The empty connectivity record set and need to re-read raw are explicitly stated. Original JSON remains 1186 bytes with no observations. Raw availability is now independently repaired in the parent audit.
F4,FATALE,Le dimensionnement du §4 est faux d'un facteur ≈ 2 ; « 45 s méd. » et « 337 s max » ne sont dans aucun artefact,ACCEPTED,RESOLVED_WITH_LIMITS,23eb684,REVIEW01/out/REVIEW01_CHECKER_RETURN_VERBATIM.md:48,DELIVERABLES/RAPPORT_DECISION_EDL_20260904.md:434,Runtime mean89.3809/median85.1/max627.6 and batch proxy10.8514h reproduce. The105.4774h projection is conditional on historical throughput. The power estimate is separately limited; no future guarantee follows.
F5,FATALE,"« Aucune expérience n'est justifiée » est sur-déterminée : l'adjudication acceptée du programme nomme quatre routes, vous en examinez une",ACCEPTED,ADDRESSED_NOT_EXHAUSTIVE,c363afd;0fdc550;23eb684,REVIEW01/out/REVIEW01_CHECKER_RETURN_VERBATIM.md:69,CCRA01/out/CCRA01_PREREGISTRATION.md,"CCRA01 was specified and executed on existing data, and two additional raw-data routes are left open. This addresses the omitted route. It does not prove that every possible new experiment lacks value, nor that the replacement ordinal estimand resolves the mechanism."
F6,PORTANTE,« la seule chose corroborée par deux campagnes indépendantes » est fausse par votre propre matrice,ACCEPTED,RESOLVED_WITH_SCOPE,23eb684,REVIEW01/out/REVIEW01_CHECKER_RETURN_VERBATIM.md:93,DELIVERABLES/CLAIM_EVIDENCE_MATRIX.md:C11,"The uniqueness claim is withdrawn and a second recorded phenomenon is named. This is correction of an unwarranted superlative, not an exhaustive audit of all possible corroborations."
F7,PORTANTE,Le profil des 33 paires d'OMLDCT02 **contredit** la thèse centrale au lieu de la corroborer,ACCEPTED,RESOLVED_WITH_SCOPE,23eb684,REVIEW01/out/REVIEW01_CHECKER_RETURN_VERBATIM.md:105,DELIVERABLES/MS_EDL_NONEXCHANGEABILITY_v0.2.md:84,"The title uses suppresses and the text qualifies MERGE availability when only one component is present. The earlier33-pair profile is still cited, not independently reconstructed in this subtask. Current82 raw reads confirm the41-pair occupancy."
F8,PORTANTE,"La puissance projetée : la méthode est licite, la conclusion « n ≈ 400 » n'a aucune précision, et la puissance gelée du programme est tue",ACCEPTED,PARTIAL,23eb684,REVIEW01/out/REVIEW01_CHECKER_RETURN_VERBATIM.md:117,DELIVERABLES/MS_EDL_NONEXCHANGEABILITY_v0.2.md:237,"Observed-effect power, uncertainty, and historical design assumptions are now disclosed. But no bootstrap script/RNG/output is supplied; monotone-of-one-p and compatible-truth probabilities overstate the calculation. Non-rejection does not prove the original assumed power false."
F9,PORTANTE,"La contamination (checker F7 / CLOSE01 F5) est absente des trois documents, et elle est vérifiable ici",ACCEPTED,PARTIAL,23eb684,REVIEW01/out/REVIEW01_CHECKER_RETURN_VERBATIM.md:133,DELIVERABLES/MS_EDL_NONEXCHANGEABILITY_v0.2.md:302,"Prior correlated-outcome exposure is disclosed. The unconditional claim that selection cannot inflate type-I error is not demonstrated; fixed-test arithmetic and selection-valid inference differ. The CCRA specifier blinding is declared, not independently logged."
F10,PORTANTE,« 12/41 contre 2/41 » est un cadrage causal formellement retiré,ACCEPTED,RESOLVED,23eb684,REVIEW01/out/REVIEW01_CHECKER_RETURN_VERBATIM.md:143,DELIVERABLES/MS_EDL_NONEXCHANGEABILITY_v0.2.md:121,The paired four-cell mortality table replaces causal shorthand12vs2. Independently recovered indices give11/1/1/28.
F11,PORTANTE,"« 123 archives toutes vérifiées » au présent : phrase retirée, et démentie par la dernière exécution de la porte",ACCEPTED,RESOLVED,23eb684,REVIEW01/out/REVIEW01_CHECKER_RETURN_VERBATIM.md:153,DELIVERABLES/CLAIM_EVIDENCE_MATRIX.md:A9,Sealed historical byte verification is distinguished from GATE01 missing123; absence is distinguished from mismatch. Parent recovery now supplies the123 originals/reconstructed historical same-seed archives.
F12,PORTANTE,"Divulgation asymétrique dans le rapport, et incohérence avec le manuscrit",ACCEPTED,RESOLVED,23eb684,REVIEW01/out/REVIEW01_CHECKER_RETURN_VERBATIM.md:163,DELIVERABLES/RAPPORT_DECISION_EDL_20260904.md:236,"The32-pair p=.0433 appears alongside its exclusion rule and limitation, matching manuscript disclosure. It is not substituted as confirmatory evidence."
F13,PORTANTE,Ce qui « manque » à OMLDCT03 est réduit à un dixième du retour de checker,ACCEPTED,RESOLVED_WITH_SCOPE,23eb684,REVIEW01/out/REVIEW01_CHECKER_RETURN_VERBATIM.md:173,DELIVERABLES/RAPPORT_DECISION_EDL_20260904.md:245,"The report now lists accrual, admissibility wording, prior information, integrity gate, inherited clauses, and endpoint correlation. The assertion one endpoint twice is rhetorical; the two variables are highly correlated but not identical."
F14,MATÉRIELLE,"Vocabulaire interdit, quatre occurrences",ACCEPTED,RESOLVED,23eb684,REVIEW01/out/REVIEW01_CHECKER_RETURN_VERBATIM.md:183,DELIVERABLES/MS_EDL_NONEXCHANGEABILITY_v0.2.md,"The four specifically cited phrases were changed. This was a local editorial vocabulary restriction, not an independent scientific objection."
F15,MATÉRIELLE,Jeton verbatim fabriqué,ACCEPTED,RESOLVED,23eb684,REVIEW01/out/REVIEW01_CHECKER_RETURN_VERBATIM.md:200,DELIVERABLES/MS_EDL_NONEXCHANGEABILITY_v0.2.md:324,The original French token NON_INTERPRETABLES__CONFONDUS_PAR_LA_MORTALITE_DIFFERENTIELLE is preserved; the English translation is prose.
F16,MATÉRIELLE,La revendication d'antériorité ne dit pas ce que ses trois sources disent,ACCEPTED,RESOLVED_WITH_SCOPE,23eb684,REVIEW01/out/REVIEW01_CHECKER_RETURN_VERBATIM.md:210,DELIVERABLES/MS_EDL_NONEXCHANGEABILITY_v0.2.md:321,Differential mortality and MERGE suppression now have separate attribution. This is programme-internal priority; no external novelty theorem is established.
F17,MATÉRIELLE,L'abstract juxtapose deux vecteurs d'ordre incompatible,ACCEPTED,RESOLVED,23eb684,REVIEW01/out/REVIEW01_CHECKER_RETURN_VERBATIM.md:220,DELIVERABLES/MS_EDL_NONEXCHANGEABILITY_v0.2.md:26,"The33-pair abstract vector names split/merge/extinction explicitly, preventing order confusion with the41-pair vector."
F18,MATÉRIELLE,« years apart in programme time »,ACCEPTED,RESOLVED,23eb684,REVIEW01/out/REVIEW01_CHECKER_RETURN_VERBATIM.md:230,DELIVERABLES/MS_EDL_NONEXCHANGEABILITY_v0.2.md:133,The years-apart wording is removed. v0.2 names seed-disjoint campaigns; dates are days apart in recovered metadata.
F19,MATÉRIELLE,"« total local extinction » : c'est le monde qui meurt, pas la fille",ACCEPTED,RESOLVED,23eb684,REVIEW01/out/REVIEW01_CHECKER_RETURN_VERBATIM.md:240,DELIVERABLES/MS_EDL_NONEXCHANGEABILITY_v0.2.md:91,NO_COMPONENT is correctly defined as no Y-occupied cell anywhere in the world; total local extinction is removed.
F20,MATÉRIELLE,"« rendement admissible observé » : 4,10 % n'est pas observé ici, 4,633 % l'est",ACCEPTED,RESOLVED_WITH_LIMITS,23eb684,REVIEW01/out/REVIEW01_CHECKER_RETURN_VERBATIM.md:250,DELIVERABLES/RAPPORT_DECISION_EDL_20260904.md:441,"Observed41/885 and Jeffreys Beta41.5,844.5 quantiles reproduce. Future-accrual variability and cost-yield dependence are not fully propagated; rate quantiles alone are not a predictive success guarantee."
F21,MATÉRIELLE,C1 est classée « non relue » alors qu'elle est vérifiable dans l'arbre,ACCEPTED,RESOLVED,23eb684,REVIEW01/out/REVIEW01_CHECKER_RETURN_VERBATIM.md:262,DELIVERABLES/CLAIM_EVIDENCE_MATRIX.md:C1,The available classifier line ranges are now identified as the source. The combinatorial argument is directly inspectable without running the engine.
F22,MATÉRIELLE,"Trois missions à sortie présente ne sont jamais auditées, et le compte de §2.3 est faux",ACCEPTED,RESOLVED_WITH_SCOPE,23eb684,REVIEW01/out/REVIEW01_CHECKER_RETURN_VERBATIM.md:272,DELIVERABLES/CLAIM_EVIDENCE_MATRIX.md:H,"The three omitted source missions are acknowledged. Ten out-bearing missions refers to the original246-file recovery, not the enlarged final tree, which adds CCRA01 and REVIEW01."
F23,MATÉRIELLE,La « divergence non réconciliée » RPP97/RPP98 n'est pas une divergence,ACCEPTED,RESOLVED,23eb684,REVIEW01/out/REVIEW01_CHECKER_RETURN_VERBATIM.md:282,DELIVERABLES/RAPPORT_DECISION_EDL_20260904.md:95,Cell-count and Y-quanta summaries are distinguished along with their different time/object supports; the false contradiction is removed.
F24,MATÉRIELLE,"Les blocs de statuts diffèrent entre les trois documents, tous trois se disant « inconditionnels »",ACCEPTED,PARTIAL,23eb684,REVIEW01/out/REVIEW01_CHECKER_RETURN_VERBATIM.md:292,DELIVERABLES/MS_EDL_NONEXCHANGEABILITY_v0.2.md:307,The report and matrix print the16 exact states. The manuscript still abbreviates RPP97/RPP98/FIMRCC02 as WITHDRAWN under their recorded strings while claiming verbatim re-emission. Three exact values are absent from that manuscript block.
F25,MATÉRIELLE,Le rapport cite mal le sous-titre de son propre manuscrit,ACCEPTED,RESOLVED,23eb684,REVIEW01/out/REVIEW01_CHECKER_RETURN_VERBATIM.md:302,DELIVERABLES/RAPPORT_DECISION_EDL_20260904.md:310,The old mismatched subtitle is superseded by the corrected manuscript title/subtitle; no stronger survival-endpoint label is justified by this edit.
F26,MINEURE,Trois affirmations non sourçables dans des documents dont la discipline est le sourçage,ACCEPTED,RESOLVED_WITH_SCOPE,23eb684,REVIEW01/out/REVIEW01_CHECKER_RETURN_VERBATIM.md:310,DELIVERABLES/MS_EDL_NONEXCHANGEABILITY_v0.2.md:269,"Unsupported rollback cadence is removed, largest ceiling is scoped to recovered records, and the previously unnamed publication is identified. This subtask did not independently evaluate its biology."
F27,MINEURE,"« technically flawless », et deux mésattributions de source",ACCEPTED,RESOLVED_WITH_SCOPE,23eb684,REVIEW01/out/REVIEW01_CHECKER_RETURN_VERBATIM.md:319,DELIVERABLES/MS_EDL_NONEXCHANGEABILITY_v0.2.md:344,"Zero technical failures replaces technically flawless. Recomputed versus quoted quantities are itemized, source-table attribution is improved, and33/805 source levels are distinguished."
F28,MINEURE,Deux incohérences numériques internes,ACCEPTED,PARTIAL,178b26e;23eb684,REVIEW01/out/REVIEW01_CHECKER_RETURN_VERBATIM.md:329,RECOVERY/RECOVERY_REPORT_20260904.md:96,The payload3963075-byte correction is made and79-pair.20 is removed. The document still calls4053773 bytes the complete first-commit tree although that number is a manifest scope; direct root-tree byte count is recorded separately below.
