law_index,condition,seed,n_meas,mean_P,mean_M,min_M,probe_count,eligible_seed,n_tracks,max_track_obs,long_tracks,mean_abs_circulation,total_mass_drift,exchange_rate
0,OFF,8001,174,0.9938892819836761,0.978291195087981,0.9235457632127472,0,False,5,22,4,0.00011643246372905475,2.8466610417423323e-16,0.0
0,OFF,8002,83,0.9879958637425441,0.9855588315945452,0.9617048333896518,0,False,2,31,1,0.0003398925333101613,2.509665977027914e-16,0.0
0,OFF,8003,154,0.9829098626513514,0.9702646352414591,0.8200677263787257,0,False,2,31,2,0.00012262951463371362,0.0,0.0
0,ON,8001,472,0.9596031777272813,0.9133097981328403,0.31843599773180853,0,False,22,26,13,0.00023856034370379762,2.8466610417423323e-16,0.34489603024574667
0,ON,8002,1234,0.9697887397518467,0.9209487550910803,0.2063404552850245,8,False,38,28,25,0.0003873957431748508,1.254832988513957e-16,0.34489603024574667
0,ON,8003,570,0.9700134882187977,0.9279923271357546,0.2858672063075827,0,False,14,27,10,0.00013312480116968296,1.6085650405883476e-16,0.34489603024574667
1,OFF,8001,89,0.9919236946879172,0.9927810098599478,0.9787268456759325,0,False,5,21,2,0.00019837274479678646,2.7604828266114607e-16,0.0
1,OFF,8002,85,0.9887575392000402,0.993796063581838,0.9169896170022828,0,False,2,31,1,0.0003150702031198399,2.4336897609264827e-16,0.0
1,OFF,8003,136,0.9786309611843099,0.9819682551043435,0.8461420451684838,0,False,2,31,2,0.00011768422682791322,0.0,0.0
1,ON,8001,350,0.9780414784122015,0.9302992978074238,0.4925556642808809,1,True,8,30,5,0.0004645199453949282,2.7604828266114607e-16,0.3775047258979206
1,ON,8002,241,0.9468509976673631,0.8774866560703078,0.10638308584081597,1,False,14,24,5,0.0007134955153996132,1.2168448804632413e-16,0.3775047258979206
1,ON,8003,196,0.967908230251157,0.9220295046283111,0.4398917390550342,1,False,5,25,4,0.0006583028442581086,3.119736494734823e-16,0.3775047258979206
2,OFF,8001,83,0.9879047314459319,0.9896449578174099,0.9586818418986476,0,False,1,31,1,0.0002652857189720876,2.679369113222878e-16,0.0
2,OFF,8002,83,0.9807162101860165,0.9929130504207877,0.9700310563923124,0,False,1,31,1,2.3966471689025635e-05,2.362178497809212e-16,0.0
2,OFF,8003,83,0.9794590853778801,0.9893163781636638,0.955239946231291,0,False,1,31,1,0.00013070019713649767,3.0280665124250794e-16,0.0
2,ON,8001,80,0.9767692586770403,0.9508659015509595,0.7076850820748137,0,False,2,30,1,0.0005469215809529482,2.679369113222878e-16,0.4101134215500945
2,ON,8002,83,0.9834295783089932,0.9379263594849019,0.42510541401473295,2,True,1,31,1,0.00016547851129878767,1.181089248904606e-16,0.4101134215500945
2,ON,8003,83,0.9724101142094639,0.92094696773062,0.4195763232429409,2,True,1,31,1,0.00023993501880390652,1.5140332562125397e-16,0.4101134215500945
3,OFF,8001,83,0.9882637237114342,0.9899282284415177,0.9609638615356986,0,False,1,31,1,0.00041711933969824726,2.6028862011511382e-16,0.0
3,OFF,8002,83,0.9804742962637486,0.9928085894142201,0.9709385610403644,0,False,1,31,1,4.6555630945511384e-05,1.147374914911933e-16,0.0
3,OFF,8003,83,0.979921178968455,0.9894010565712635,0.9573396619372133,0,False,1,31,1,0.00029005009590588315,0.0,0.0
3,ON,8001,1777,0.9771935963221802,0.9122125728821141,0.062911803662789,13,True,30,30,24,0.00036668826772836123,2.6028862011511382e-16,0.44272211720226845
3,ON,8002,1797,0.97645862821327,0.9127889496824508,0.13601611857850215,9,True,31,29,25,0.00034799797835740405,1.147374914911933e-16,0.44272211720226845
3,ON,8003,1700,0.9703348014112939,0.904910094700674,0.10927566853894002,14,True,38,30,25,0.0003294447846293292,1.470814995676086e-16,0.44272211720226845
4,OFF,8001,83,0.9882105970069559,0.988598191534499,0.9515877872438844,0,False,1,31,1,0.00012954965297441213,2.530648535765565e-16,0.0
4,OFF,8002,83,0.9819072358651836,0.992333107913933,0.9670983978912375,0,False,1,31,1,7.643438070099907e-05,1.1155319226449053e-16,0.0
4,OFF,8003,83,0.9815314030876512,0.9881954956863476,0.9476577059155927,0,False,1,31,1,0.00014765608689814178,0.0,0.0
4,ON,8001,1298,0.9437005123716086,0.8154775681092188,0.005874509535685882,85,False,102,29,27,0.0012239497909355967,2.530648535765565e-16,0.4753308128544423
4,ON,8002,1238,0.9426481594439773,0.8150681021501676,0.12657051431020053,87,True,117,28,34,0.0011117818037587567,2.2310638452898106e-16,0.4753308128544423
4,ON,8003,1044,0.9416689060993114,0.8322224612073761,0.09097333524443028,47,True,69,28,25,0.0011762415260502092,1.4299956000933118e-16,0.4753308128544423
5,OFF,8001,83,0.9891359874478812,0.9889292249867112,0.9622010511509088,0,False,1,31,1,0.0004078806847529423,2.462312207709178e-16,0.0
5,OFF,8002,83,0.9835564571367071,0.9923223134057498,0.9700906565348728,0,False,1,31,1,0.00010580364014900823,2.170817347725364e-16,0.0
5,OFF,8003,83,0.9841645303602057,0.9883726526658171,0.9554144211841463,0,False,1,31,1,0.0002245892867553121,1.391380736327726e-16,0.0
5,ON,8001,218,0.97393212756669,0.9184222792779725,0.34055019424483507,5,False,16,22,4,0.0008513285666939616,1.231156103854589e-16,0.5079395085066163
5,ON,8002,283,0.9684279950679637,0.9127973916716021,0.05192663031812541,3,False,12,27,4,0.0011630498509763955,4.341634695450728e-16,0.5079395085066163
5,ON,8003,52,0.9204551353595044,0.7955791058519753,0.21728759389710361,2,True,25,9,1,0.0008056881987887765,1.391380736327726e-16,0.5079395085066163
6,OFF,8001,83,0.9888851300865077,0.9906772711131026,0.9528610622847783,0,False,1,31,1,0.00034608934418506765,2.3975694779051196e-16,0.0
6,OFF,8002,83,0.9801992619115613,0.9932284347175016,0.9647350544593382,0,False,1,31,1,0.00022278758624180893,0.0,0.0
6,OFF,8003,83,0.9810691140205681,0.9903625387516585,0.9480518165422014,0,False,1,31,1,0.0003463652679121468,1.354796510012069e-16,0.0
6,ON,8001,63,0.9478914795287503,0.8956028387751741,0.5455065071493252,0,False,9,18,2,0.0002347898951848114,3.5963542168576795e-16,0.5405482041587902
6,ON,8002,57,0.902169443882379,0.8142104673632614,0.077712193206686,4,False,20,8,1,0.00044280729994713964,4.2274780579961295e-16,0.5405482041587902
6,ON,8003,65,0.8714929417600098,0.6600227198898223,0.15226940316566484,6,True,4,24,1,9.529787788571076e-05,4.064389530036207e-16,0.5405482041587902
7,OFF,8001,83,0.9914696376657562,0.9928191612902348,0.9804076326207714,0,False,1,31,1,0.0002393648364370942,2.3361441441736657e-16,0.0
7,OFF,8002,83,0.9888715104145844,0.9947154090794581,0.9854618740656235,0,False,1,31,1,9.997971567854202e-05,0.0,0.0
7,OFF,8003,83,0.9884294686363869,0.9923470144434349,0.9799221874982957,0,False,1,31,1,0.00013238499944994166,0.0,0.0
7,ON,8001,5,0.6937233155165415,0.5298569853562201,0.1822696320593989,0,False,3,4,0,0.0003735209124085499,4.672288288347331e-16,0.5731568998109642
7,ON,8002,33,0.9536150942389539,0.8515159849630344,0.20958570768405418,2,False,12,9,1,0.0004293002529333243,2.0595853844534864e-16,0.5731568998109642
7,ON,8003,4,0.6987124412272615,0.24827011289603043,0.033800996488072256,1,False,1,4,0,0.00010126168949257826,2.6401736947177344e-16,0.5731568998109642
8,OFF,8001,83,0.991408687665897,0.9915701895447409,0.9763760832870069,0,False,1,31,1,0.00012587110284764224,2.277787602296645e-16,0.0
8,OFF,8002,83,0.990324680126365,0.9941604772971661,0.9845642407421846,0,False,1,31,1,3.6546099456714984e-05,0.0,0.0
8,OFF,8003,83,0.9887629969536258,0.9907107332905111,0.9733341290720454,0,False,1,31,1,4.3920938199120186e-05,0.0,0.0
8,ON,8001,3981,0.9647444829157452,0.8910108278907659,0.010636338270730383,53,False,104,29,75,0.00012158308669638948,2.277787602296645e-16,0.605765595463138
8,ON,8002,3770,0.9616931600756045,0.8858281490446138,0.13757657370797902,68,False,107,30,73,0.00013692527547453867,2.0081372402809982e-16,0.605765595463138
8,ON,8003,3545,0.963851794489822,0.9022092030123605,0.11129932750570506,28,False,104,29,72,0.00012935178842572433,1.2871112693829408e-16,0.605765595463138
9,OFF,8001,83,0.9921125220604239,0.9918311439630161,0.9779823491446825,0,False,1,31,1,0.00038077748094014026,0.0,0.0
9,OFF,8002,83,0.9912076537262312,0.9940336662396786,0.9848764491940802,0,False,1,31,1,0.00017969443673056782,1.9591967886703762e-16,0.0
9,OFF,8003,83,0.9903563838809554,0.9908465016067182,0.9745241407605538,0,False,1,31,1,0.00015478307130411355,2.5114859831827507e-16,0.0
9,ON,8001,1350,0.9768505592295698,0.9177149353836623,0.3000992859512066,0,False,30,29,23,7.2766924174401e-05,1.1111377415291414e-16,0.6383742911153119
9,ON,8002,1517,0.9748727376953603,0.9173490827114111,0.1502505544271313,0,False,32,30,26,6.741783814669587e-05,1.9591967886703762e-16,0.6383742911153119
9,ON,8003,799,0.9821651725621521,0.9270824109061855,0.23057039756487574,0,False,13,30,12,9.044066245953236e-05,1.2557429915913753e-16,0.6383742911153119
10,OFF,8001,83,0.99225343681128,0.9899608449792955,0.9722770890217298,0,False,1,31,1,0.0002208340299471356,0.0,0.0
10,OFF,8002,83,0.9939882811261352,0.9932537446067004,0.9798680167744859,0,False,1,31,1,6.334119408431308e-05,0.0,0.0
10,OFF,8003,109,0.9661343702312195,0.9627987229609719,0.8353943975948679,0,False,2,31,2,6.484164559006551e-05,1.2258672949380115e-16,0.0
10,ON,8001,0,,,1.0,0,False,5,1,0,0.0001396573678019922,2.1694047693400889e-16,0.6709829867674859
10,ON,8002,4,0.7144276282602711,0.2774242570283654,0.036973948887896506,1,False,2,4,0,0.00035624422830733346,1.9125850461924164e-16,0.6709829867674859
10,ON,8003,2,0.770670705965524,0.4143268819337565,0.24993767782760068,0,False,3,3,0,0.0003770965215107844,3.6776018848140346e-16,0.6709829867674859
11,OFF,8001,83,0.9934032684132398,0.9911263975788257,0.9769230568496285,0,False,1,31,1,0.0006952045710071261,2.118991315180012e-16,0.0
11,OFF,8002,83,0.9953120208975571,0.9934906200530438,0.9822836665961345,0,False,1,31,1,0.00036257066441886123,1.8681396665582592e-16,0.0
11,OFF,8003,83,0.9936770497441479,0.9901008047820213,0.9732483284303639,0,False,1,31,1,0.0002531311168467676,1.1973801239162142e-16,0.0
11,ON,8001,0,,,1.0,0,False,1,1,0,0.0004728764373395771,2.118991315180012e-16,0.7035916824196597
11,ON,8002,0,,,1.0,0,False,2,1,0,0.0002605368319582667,3.7362793331165183e-16,0.7035916824196597
11,ON,8003,0,,,1.0,0,False,2,1,0,8.642001715810449e-05,2.3947602478324284e-16,0.7035916824196597
12,OFF,8001,83,0.9973782682009512,0.9962363680816467,0.9879509477278187,0,False,1,31,1,0.0003778154561899674,2.0708677028938726e-16,0.0
12,OFF,8002,83,0.9979504842507352,0.9969648464552561,0.9916791043374525,0,False,1,31,1,0.00018151027593431992,1.8257130514203062e-16,0.0
12,OFF,8003,124,0.9846779348933339,0.9817598698248061,0.8564252941912851,0,False,2,31,2,9.9888988341163e-05,1.170186875680754e-16,0.0
12,ON,8001,70,0.9494250042003118,0.8765522669217916,0.4563220701661507,2,True,11,18,1,0.005053286856968929,4.141735405787745e-16,0.7362003780718337
12,ON,8002,81,0.9024703929535661,0.7456306576135525,0.28231547612341656,8,False,19,13,2,0.0014022608755591263,3.6514261028406125e-16,0.7362003780718337
12,ON,8003,8,0.7427904679790959,0.3362048123911276,0.09145838641711633,1,False,3,6,0,3.790835641808234e-05,3.5105606270422623e-16,0.7362003780718337
13,OFF,8001,83,0.9972888831026387,0.9960822536386537,0.9866847873992465,0,False,1,31,1,0.0005983726382961098,0.0,0.0
13,OFF,8002,83,0.9969819248047359,0.9969962510452894,0.9916008891800894,0,False,1,31,1,0.0002913388082088867,0.0,0.0
13,OFF,8003,84,0.9878603184421865,0.9871641683921033,0.8573515700588458,0,False,2,31,1,0.00023498732673997796,1.1442013505044622e-16,0.0
13,ON,8001,2322,0.9725894810546718,0.8986573739270988,0.1851096754791784,7,True,39,30,33,0.0007514826880709667,4.0497627714185326e-16,0.7688090737240076
13,ON,8002,2382,0.968810705497744,0.8898962268245576,0.10091296538249933,15,True,42,30,35,0.0007825318514300673,3.570341425771803e-16,0.7688090737240076
13,ON,8003,2299,0.9688935321000967,0.8984235742601233,0.16461052468815335,10,False,41,30,34,0.0005837699336366601,1.1442013505044622e-16,0.7688090737240076
14,OFF,8001,83,0.9945462673448143,0.9922764599660496,0.9765373744917148,0,False,1,31,1,0.0002594545531952319,0.0,0.0
14,OFF,8002,83,0.9940941039290854,0.9943793393928978,0.9841981241798953,0,False,1,31,1,0.00020718748397646576,0.0,0.0
14,OFF,8003,139,0.9833837159788786,0.9781543312473775,0.8526370282205753,0,False,2,31,2,8.684190195541248e-05,1.1193448390358997e-16,0.0
14,ON,8001,158,0.9495229560830215,0.8315816313942974,0.36325724197129994,6,True,18,18,4,0.00024992978151114424,1.9808930724948396e-16,0.05283553875236295
14,ON,8002,155,0.9418255174451754,0.8584450233818695,0.40427065616081853,0,False,13,20,3,0.00046063926821636556,1.746389849466516e-16,0.05283553875236295
14,ON,8003,144,0.9592012713982297,0.878983603494152,0.43624246362714403,0,False,3,31,3,0.0003549105732101866,3.3580345171076993e-16,0.05283553875236295
15,OFF,8001,83,0.9968567997925789,0.9945241134978398,0.9811291923988051,0,False,1,31,1,0.0008662984736884162,0.0,0.0
15,OFF,8002,83,0.9927858159829498,0.9960186843967342,0.9866702113449372,0,False,1,31,1,0.0003729557887998346,1.709258103695966e-16,0.0
15,OFF,8003,83,0.9945948181108422,0.994012228358083,0.9796980046965047,0,False,1,31,1,0.0005196883059275125,0.0,0.0
15,ON,8001,248,0.9776528829771993,0.9152873515545707,0.4320419690695339,2,True,10,20,6,0.0001798965368280648,1.938775318552906e-16,0.08544423440453686
15,ON,8002,246,0.9681101836559857,0.904324278832477,0.33082874820616176,0,False,8,19,7,0.0005472219022528522,1.709258103695966e-16,0.08544423440453686
15,ON,8003,183,0.9653545048042026,0.9043472362559585,0.3963323044674517,0,False,6,20,5,0.0003416022849514847,2.1910906519948278e-16,0.08544423440453686
16,OFF,8001,199,0.9926796723510124,0.9556874932063634,0.5322024792524588,0,False,6,21,5,0.00015296791916257993,0.0,0.0
16,OFF,8002,108,0.9784790613181967,0.944277774745391,0.24992254141928127,3,False,4,31,2,0.0005137360052326614,1.6736724749420542e-16,0.0
16,OFF,8003,154,0.9833086674121354,0.972306403342212,0.8130460003596123,0,False,2,31,2,0.000246427339273679,0.0,0.0
16,ON,8001,83,0.9865466575986612,0.9117447496514115,0.45680682304713777,1,True,1,31,1,0.00010169220375023451,1.898411292444685e-16,0.11805293005671078
16,ON,8002,83,0.9677125093375157,0.9009643304064247,0.43293297770094075,2,True,1,31,1,0.0006139695086370595,1.6736724749420542e-16,0.11805293005671078
16,ON,8003,83,0.9674691189101678,0.9050705196248947,0.4412207369253819,1,True,1,31,1,0.00013492754208840288,0.0,0.11805293005671078
17,OFF,8001,124,0.9936434272957518,0.9860759892632153,0.9559180447566048,0,False,5,18,5,0.00029050854412032397,3.7193873874343896e-16,0.0
17,OFF,8002,83,0.988426353761419,0.9902123237785184,0.9718091315484597,0,False,1,31,1,0.0006557678103466439,1.639538365255736e-16,0.0
17,OFF,8003,148,0.9812901178142589,0.9728025005062385,0.843453894614011,0,False,2,31,2,0.00026308098772037143,0.0,0.0
17,ON,8001,3,0.7463199049799352,0.32284955405010574,0.30751486253790805,2,False,5,3,0,0.00012168445144519684,1.8596936937171948e-16,0.1506616257088847
17,ON,8002,6,0.7416743566236962,0.3211412272271466,0.06079568015657411,0,False,2,5,0,0.00020779019251455325,1.639538365255736e-16,0.1506616257088847
17,ON,8003,7,0.7481427905128628,0.28039422316586354,0.03799189422650059,1,False,2,5,0,5.763890017698317e-05,4.2034344350111287e-16,0.1506616257088847
18,OFF,8001,163,0.9940701690577369,0.9800724884244448,0.93108377095335,0,False,5,21,4,0.00016995449933157725,0.0,0.0
18,OFF,8002,83,0.9866712025729814,0.9873383047623814,0.9643829767015369,0,False,1,31,1,0.0006317427563720314,1.6067687396445642e-16,0.0
18,OFF,8003,154,0.9823392501638687,0.9717572938085722,0.8336410358222066,0,False,2,31,2,0.00031736023205146413,0.0,0.0
18,ON,8001,2823,0.9762338927698296,0.8839312199466459,0.16788650246514122,54,True,46,28,40,8.656112784272992e-05,3.6450476008383436e-16,0.18327032136105859
18,ON,8002,2915,0.9763461535281013,0.8883962994110652,0.2692734939478463,49,True,45,30,41,9.073240104601789e-05,3.2135374792891285e-16,0.18327032136105859
18,ON,8003,2901,0.9779396075394986,0.8868645498075476,0.22494467996568793,72,True,51,30,42,8.128019835607491e-05,0.0,0.18327032136105859
19,OFF,8001,83,0.988081415144773,0.9901957172819065,0.9343191146416757,0,False,1,31,1,0.00038734747467030877,0.0,0.0
19,OFF,8002,83,0.9712536840345248,0.9930134402706123,0.9525023722324859,0,False,1,31,1,4.348015766556888e-05,0.0,0.0
19,OFF,8003,83,0.9717979064492022,0.9901640332740884,0.9274492940910146,0,False,1,31,1,0.00042920018474463617,2.019349033254398e-16,0.0
19,ON,8001,1576,0.9678354913606452,0.8788947442887498,0.12745960198932477,15,True,36,30,24,0.0004625538605591177,1.78681062860312e-16,0.21587901701323253
19,ON,8002,1822,0.9682503835746362,0.8841735310482851,0.251188126249494,8,True,31,29,25,0.0004910438916510115,3.150566770150087e-16,0.21587901701323253
19,ON,8003,1297,0.9678978118808244,0.8788935347548715,0.20273700268513975,18,True,37,30,19,0.0005048295243307451,4.038698066508796e-16,0.21587901701323253
20,OFF,8001,83,0.9888224522127667,0.9899721911543954,0.9661317549764235,0,False,1,31,1,8.000127976160641e-05,3.504940377495519e-16,0.0
20,OFF,8002,83,0.9831540953008473,0.9929916178729217,0.9758150295383899,0,False,1,31,1,2.495441060412558e-05,0.0,0.0
20,OFF,8003,83,0.9823149669007901,0.9895670599800167,0.96112146742917,0,False,1,31,1,2.795887884566249e-05,0.0,0.0
20,ON,8001,3341,0.9697548252821174,0.8974664954013268,0.16845733174087452,2,False,66,28,56,6.83827104576529e-05,1.7524701887477596e-16,0.24848771266540642
20,ON,8002,3542,0.969329573621404,0.9002602203932676,0.008104314223146315,8,False,66,31,57,6.897123948703237e-05,3.090016509843421e-16,0.24848771266540642
20,ON,8003,2859,0.9699885664719804,0.8992180966644066,0.17616929650939744,12,True,67,28,56,7.561151097719608e-05,1.9805394734088396e-16,0.24848771266540642
21,OFF,8001,83,0.9893918267231624,0.9903490778784526,0.968753772540655,0,False,1,31,1,0.00019148875202878142,0.0,0.0
21,OFF,8002,83,0.983379516421435,0.9930259450543499,0.9766442796512794,0,False,1,31,1,1.874000478576642e-05,1.5158748875843792e-16,0.0
21,OFF,8003,83,0.9832273964209945,0.9895578302438688,0.9634415157417886,0,False,1,31,1,0.0001612577404510057,1.9431935344333687e-16,0.0
21,ON,8001,873,0.9504923236309722,0.8770361466831526,0.26359286706955715,2,False,30,29,16,0.00019265597794068808,1.7194248263078684e-16,0.2810964083175803
21,ON,8002,1004,0.9671387390298045,0.9057094238711768,0.32698694363891356,0,False,27,29,18,0.00022652200721931724,4.547624662753137e-16,0.2810964083175803
21,ON,8003,539,0.9756240600167324,0.9160717231695409,0.3693773348175699,2,True,19,29,10,0.00019861682836937408,1.9431935344333687e-16,0.2810964083175803
22,OFF,8001,83,0.9889270317063278,0.9892857205281571,0.9639679065959149,0,False,1,31,1,9.626662955124543e-05,0.0,0.0
22,OFF,8002,83,0.9850501646988302,0.9925656952344215,0.973167041897757,0,False,1,31,1,2.2517704677589113e-05,0.0,0.0
22,OFF,8003,83,0.9848573163967628,0.9885215925157569,0.9581983033992728,0,False,1,31,1,7.752423326440317e-05,0.0,0.0
22,ON,8001,58,0.9428292709601166,0.8879511772122605,0.5334322638136271,0,False,12,21,1,0.0004897097540870514,0.0,0.3137051039697542
22,ON,8002,141,0.9557711532692729,0.9134515483136698,0.19520468218111664,0,False,10,20,3,0.001172132981668378,2.9756397793298127e-16,0.3137051039697542
22,ON,8003,76,0.9257941823475759,0.8709947003959474,0.38984304019434407,4,False,11,10,3,0.0005382266450811687,3.814459905204129e-16,0.3137051039697542
23,OFF,8001,83,0.9941298448808122,0.9965810985522388,0.9896612963193752,0,False,1,31,1,0.0005100569830643525,1.656936936957876e-16,0.0
23,OFF,8002,83,0.9931401250151316,0.996617877978416,0.9901243642454861,0,False,1,31,1,8.861281566352985e-05,1.4607844754916285e-16,0.0
23,OFF,8003,83,0.9925052238895777,0.9951904253966382,0.9858965490958125,0,False,1,31,1,0.00021326378660245675,1.872573370813868e-16,0.0
23,ON,8001,1677,0.9811183200824443,0.8869857239164497,0.10852833480797047,36,True,29,30,23,5.332568947538986e-05,3.313873873915752e-16,0.3463137996219281
23,ON,8002,1605,0.981236418376294,0.8958544018036333,0.0644950103698413,25,True,27,30,22,6.523134372242123e-05,2.921568950983257e-16,0.3463137996219281
23,ON,8003,1554,0.9798814067961272,0.8866760988422648,0.09471647227559311,38,True,25,30,21,6.771596100611984e-05,1.872573370813868e-16,0.3463137996219281
24,OFF,8001,83,0.9933884706571038,0.9917964587700059,0.9773420519458107,0,False,1,31,1,0.00017350882542293452,1.627365811427827e-16,0.0
24,OFF,8002,83,0.9944195101522124,0.9940943739149115,0.9841438257252078,0,False,1,31,1,5.301392231135347e-05,1.4347140559520542e-16,0.0
24,OFF,8003,139,0.9831929626092206,0.9783234361094505,0.8548126355194926,0,False,2,31,2,6.983917328307584e-05,1.8391538115189749e-16,0.0
24,ON,8001,3870,0.9789903058339062,0.8910053066092058,0.0540585033611426,20,True,90,30,64,9.934319127226163e-05,4.88209743428348e-16,0.37892249527410204
24,ON,8002,3908,0.9760051873459938,0.8937915983030331,0.0681374989668576,22,False,82,30,63,0.00011670872955818338,2.8694281119041085e-16,0.37892249527410204
24,ON,8003,3476,0.9777964551099732,0.8987381034085465,0.17721094199642842,17,False,83,30,64,0.00013604329951670506,3.6783076230379497e-16,0.37892249527410204
25,OFF,8001,83,0.9914117349099278,0.9921554197105443,0.9777182257671321,0,False,1,31,1,0.0003352555047777935,0.0,0.0
25,OFF,8002,83,0.988765775311814,0.9942010986934574,0.9834979747006714,0,False,1,31,1,0.00015863702082891538,1.409557870581854e-16,0.0
25,OFF,8003,83,0.9880081558405566,0.9914128870427488,0.9762710173008897,0,False,1,31,1,0.00015517694489696677,1.806906205095282e-16,0.0
25,ON,8001,366,0.9400940028259507,0.8329717877926841,0.1399957158682832,9,False,58,21,11,0.0010439620516316357,1.5988316823812987e-16,0.411531190926276
25,ON,8002,354,0.9320869835298474,0.8324547790579218,0.26868741385849393,4,False,69,20,8,0.001078440321092739,2.819115741163708e-16,0.411531190926276
25,ON,8003,70,0.894994184734401,0.7401602354362111,0.14486380831479828,4,True,25,21,1,0.0005556820287842345,1.806906205095282e-16,0.411531190926276
26,OFF,8001,83,0.9916644782462309,0.9915650737021934,0.9758517977685409,0,False,1,31,1,0.00035145061870216736,0.0,0.0
26,OFF,8002,83,0.9901983000129586,0.9938636403159741,0.9832369869007408,0,False,1,31,1,0.000153960086677155,1.3852686576924504e-16,0.0
26,OFF,8003,83,0.9889690142488746,0.9904034980003871,0.9733961710914054,0,False,1,31,1,0.00013039185764952808,1.7757699669863581e-16,0.0
26,ON,8001,75,0.919509838314,0.7781711783393849,0.24436117561183832,6,False,35,7,0,0.0005378712984033558,3.1425618837689117e-16,0.4441398865784499
26,ON,8002,189,0.9612683335492229,0.892683526377328,0.31001444936580735,7,False,24,22,2,0.0003619218689176496,2.770537315384901e-16,0.4441398865784499
26,ON,8003,27,0.7869160323029265,0.4942274916596461,0.11820456245137358,2,True,7,12,1,0.000275220395545328,3.5515399339727163e-16,0.4441398865784499
27,OFF,8001,83,0.9923683206598005,0.9917581824281071,0.9766042351472555,0,False,1,31,1,0.0007748395171266011,1.5446636144536257e-16,0.0
27,OFF,8002,83,0.991498381294602,0.9938689573249228,0.9831242109333583,0,False,1,31,1,0.0004305225506948807,0.0,0.0
27,OFF,8003,83,0.9910666646501854,0.9908206321590557,0.9739593884780587,0,False,1,31,1,0.00031848282372813624,1.7456886178188303e-16,0.0
27,ON,8001,73,0.984838199630934,0.9660715191432336,0.6817348679553101,0,False,3,27,1,0.0014252880225916267,4.633990843360877e-16,0.47674858223062383
27,ON,8002,71,0.9685071021199194,0.9277653935841446,0.16817696403905846,2,False,3,25,1,0.0011761018449145191,2.723604716053244e-16,0.47674858223062383
27,ON,8003,4,0.7310353040768992,0.3154452099069953,0.061525437353147,1,False,1,4,0,0.00011175331800643328,5.237065853456491e-16,0.47674858223062383
28,OFF,8001,83,0.9924938411244884,0.9890284976754035,0.9666454342575143,0,False,1,31,1,0.00028960492482228034,0.0,0.0
28,OFF,8002,83,0.9948096814643056,0.9929084570163326,0.9796515793695572,0,False,1,31,1,7.544737444492923e-05,1.339117848032627e-16,0.0
28,OFF,8003,151,0.9863106542379747,0.9787472392373873,0.8544237351235809,0,False,2,31,2,9.653559109371514e-05,0.0,0.0
28,ON,8001,4625,0.9749787206631297,0.9097753515139952,0.18585361281823684,54,False,89,30,74,0.0001356099285058013,1.5189330545137754e-16,0.5093572778827978
28,ON,8002,4773,0.9751615761544871,0.913981787420828,0.14436035267433944,22,True,83,30,74,0.00017185535319641198,2.678235696065254e-16,0.5093572778827978
28,ON,8003,4654,0.9776356892286304,0.9231505337659343,0.2610172309439439,6,False,85,30,71,0.00011890137417315769,3.4332188829752366e-16,0.5093572778827978
29,OFF,8001,83,0.9933679236387829,0.9902893739841596,0.9731162657037722,0,False,1,31,1,0.001023085307156758,2.9880913471988755e-16,0.0
29,OFF,8002,83,0.9960706454974861,0.9932156420261372,0.9800167687793998,0,False,1,31,1,0.0004730529777888775,1.3171766993597878e-16,0.0
29,OFF,8003,83,0.9942007187550682,0.9893275501198555,0.9701531839069172,0,False,1,31,1,0.00031232422520318764,1.688483176854365e-16,0.0
29,ON,8001,1918,0.9787066199819231,0.9072439868388993,0.1943295859270084,0,False,32,30,26,0.00011126615881201932,2.9880913471988755e-16,0.5419659735349717
29,ON,8002,1975,0.9802655694909518,0.912358031823504,0.22355683267772827,1,False,30,30,27,0.00010370608379904595,1.3171766993597878e-16,0.5419659735349717
29,ON,8003,1388,0.9769553873401023,0.9138369773199612,0.132909025983336,0,False,34,30,26,0.000134050441351094,1.688483176854365e-16,0.5419659735349717
30,OFF,8001,83,0.9926687078103555,0.9885355903437222,0.9658131517816774,0,False,1,31,1,0.0009206525407122685,1.4676710355400496e-16,0.0
30,OFF,8002,83,0.9965013932702013,0.992502638367008,0.9756308723042075,0,False,1,31,1,0.0005394528795943738,1.293924358872647e-16,0.0
30,OFF,8003,112,0.9675121659709042,0.9627920435415177,0.8371920898516423,0,False,2,31,2,0.00023473347196826998,1.658676101042813e-16,0.0
30,ON,8001,120,0.9772834038481946,0.9496318438817648,0.6946801181282952,0,False,6,19,4,0.00014002309876134396,2.9353420710800993e-16,0.5745746691871456
30,ON,8002,224,0.9566217745938826,0.8948996395315376,0.3807490371141126,0,False,13,27,6,0.00041373222388967995,2.587848717745294e-16,0.5745746691871456
30,ON,8003,270,0.952020126531821,0.8994726036440018,0.29264324229237015,0,False,6,31,5,0.0002866944899127826,1.658676101042813e-16,0.5745746691871456
31,OFF,8001,83,0.9945384595367932,0.9896559832651427,0.971237141168981,0,False,1,31,1,0.001313485021219145,2.843797197635952e-16,0.0
31,OFF,8002,83,0.9949793831007907,0.9928977737097473,0.979249359479007,0,False,1,31,1,0.0009072774543171235,0.0,0.0
31,OFF,8003,83,0.9955470613073841,0.9890316481943456,0.9695401186898184,0,False,1,31,1,0.0005493104583046136,1.6069467658996274e-16,0.0
31,ON,8001,0,,,1.0,0,False,1,1,0,0.0010634889115460862,1.421898598817976e-16,0.6071833648393195
31,ON,8002,0,,,1.0,0,False,1,1,0,0.000712008375479482,2.5071411621616885e-16,0.6071833648393195
31,ON,8003,0,,,1.0,0,False,1,1,0,0.0004154823036763886,3.213893531799255e-16,0.6071833648393195
32,OFF,8001,197,0.9963992585480002,0.9847345305056638,0.9148255110689466,0,False,6,25,3,8.388934227502215e-05,2.7577896726342797e-16,0.0
32,OFF,8002,83,0.9910846805800235,0.9890587042640194,0.9551078289609215,0,False,2,31,1,0.00022880220588985942,1.215657714726204e-16,0.0
32,OFF,8003,160,0.9891794560996432,0.9770046806449699,0.8319647416030628,0,False,2,31,2,0.00021273648652577387,1.5583464246870528e-16,0.0
32,ON,8001,0,,,1.0,0,False,2,1,0,0.00021245311216337942,1.3788948363171398e-16,0.6397920604914934
32,ON,8002,0,,,1.0,0,False,3,1,0,7.53298684405778e-05,2.431315429452408e-16,0.6397920604914934
32,ON,8003,0,,,1.0,0,False,3,1,0,4.372318659548517e-05,3.1166928493741057e-16,0.6397920604914934
33,OFF,8001,83,0.994501184058825,0.993714082522295,0.9772042892198299,0,False,1,31,1,0.00014017514793358924,2.6768318318656587e-16,0.0
33,OFF,8002,83,0.9919563512600742,0.9955437455537915,0.9874248276150145,0,False,1,31,1,0.00016938927957116184,2.3599415863529534e-16,0.0
33,OFF,8003,133,0.9814421955581659,0.9796311865875102,0.8530863601094445,0,False,2,31,2,6.669533875281426e-05,1.5125995125987018e-16,0.0
33,ON,8001,2357,0.9804669947253408,0.9268467644367248,0.2559942993615304,9,True,46,30,34,6.380291505093865e-05,2.6768318318656587e-16,0.6724007561436673
33,ON,8002,2330,0.9830794114639034,0.9321840358135198,0.14612105172367088,10,True,39,30,32,8.403907893440181e-05,1.1799707931764767e-16,0.6724007561436673
33,ON,8003,1970,0.9772832421753544,0.926813542432762,0.18910771380845418,0,False,42,30,30,7.190961735788266e-05,1.5125995125987018e-16,0.6724007561436673
34,OFF,8001,83,0.9937105899758469,0.9925442038602288,0.981382974118503,0,False,1,31,1,0.00010226275972585692,2.6004916416284597e-16,0.0
34,OFF,8002,83,0.992324193282091,0.9958094337362938,0.9895665334709497,0,False,1,31,1,6.920859846927504e-05,2.292638744423844e-16,0.0
34,OFF,8003,130,0.9798152594967532,0.9833374260992916,0.8508496409029072,0,False,2,31,2,3.22473673622382e-05,1.4694619000038905e-16,0.0
34,ON,8001,2751,0.9712688029356408,0.913615394889062,0.13074752377384227,15,False,81,29,60,0.0005371250123921242,2.6004916416284597e-16,0.7050094517958413
34,ON,8002,2744,0.9705151907440593,0.9089034657363457,0.10044691721269858,24,False,79,29,60,0.0006044470030619719,1.146319372211922e-16,0.7050094517958413
34,ON,8003,1994,0.9751911808469769,0.9214837994664293,0.23050297822768095,9,True,57,29,42,0.0005992673626107669,1.4694619000038905e-16,0.7050094517958413
35,OFF,8001,83,0.9957591166635105,0.9966700991773046,0.9911085001609841,0,False,1,31,1,0.00035003464598566474,2.5283849860913563e-16,0.0
35,OFF,8002,83,0.9922831651796898,0.9975703856932582,0.9940369705822194,0,False,1,31,1,0.0003240686171045978,1.1145341302275127e-16,0.0
35,OFF,8003,100,0.9760914999454506,0.9823481167313953,0.855236247886927,0,False,2,31,2,0.0001639996450635183,1.4287165342613857e-16,0.0
35,ON,8001,273,0.9767571686363776,0.9163607208562453,0.35346654409891853,3,True,16,30,7,0.000380447847872011,1.2641924930456781e-16,0.7376181474480151
35,ON,8002,604,0.9821950693518293,0.9368438254867921,0.17184599824800326,0,False,14,29,10,0.00042282963012493595,2.2290682604550254e-16,0.7376181474480151
35,ON,8003,318,0.9810130904657185,0.9311186061471933,0.3880921237377658,1,False,6,29,5,0.0005598851389360667,1.4287165342613857e-16,0.7376181474480151
36,OFF,8001,83,0.9888718004244791,0.9901536394204411,0.966338905516003,0,False,1,31,1,0.0001356750130910725,1.230084601588397e-16,0.0
36,OFF,8002,83,0.9830803398726803,0.9932638714427907,0.9764228491253376,0,False,1,31,1,1.4805811094804584e-05,2.168928037588092e-16,0.0
36,OFF,8003,83,0.9817524864910632,0.9898702027701695,0.9625024218065058,0,False,1,31,1,6.82685188383036e-05,2.780339574071766e-16,0.0
36,ON,8001,94,0.9779400496511957,0.9457096438637799,0.6903932824355922,0,False,4,30,1,0.00025046875499949126,2.460169203176794e-16,0.7702268431001891
36,ON,8002,169,0.9567726918050654,0.9023036675546587,0.27885604595404345,2,True,12,22,7,0.00016307596051714222,4.337856075176184e-16,0.7702268431001891
36,ON,8003,134,0.9445554378278694,0.8980807299167571,0.16084437171332758,2,True,6,19,4,0.00016101991577895268,2.780339574071766e-16,0.7702268431001891
37,OFF,8001,83,0.988924206675511,0.9902240371949688,0.9669863230355566,0,False,1,31,1,0.0002286706625916423,1.197768819682261e-16,0.0
37,OFF,8002,83,0.9823960701558532,0.9930543630874699,0.9760413672824495,0,False,1,31,1,2.9174602293786218e-05,0.0,0.0
37,OFF,8003,83,0.9816597025146886,0.989670237735455,0.9616547579604332,0,False,1,31,1,0.00015143449269816036,0.0,0.0
37,ON,8001,83,0.9792479194527711,0.9206656978412169,0.6273337230101109,0,False,1,31,1,8.44510301515512e-05,3.5933064590467825e-16,0.054253308128544425
37,ON,8002,83,0.9862174256371157,0.9200021634650976,0.5835017067773641,0,False,1,31,1,0.00025591161288024704,2.1119477247362019e-16,0.054253308128544425
37,ON,8003,83,0.971982272505985,0.9099222294951864,0.6063873474608503,0,False,1,31,1,6.660166734430617e-05,1.3536483773764655e-16,0.054253308128544425
38,OFF,8001,83,0.9885672707310297,0.9897707227777389,0.9632731039295201,0,False,1,31,1,0.00018916272217294334,2.3342150408341337e-16,0.0
38,OFF,8002,83,0.9829877520859882,0.9927860403247086,0.9741471183932613,0,False,1,31,1,3.300193041217152e-05,0.0,0.0
38,OFF,8003,83,0.9826300857815984,0.9890517091911345,0.9601194757823263,0,False,1,31,1,0.00013159977865912943,0.0,0.0
38,ON,8001,2152,0.972684630261579,0.8784507216483816,0.0773260835431764,50,True,55,29,39,8.998449079736543e-05,1.1671075204170669e-16,0.08686200378071834
38,ON,8002,1774,0.9662108356969138,0.8700917430199736,0.1788056800103459,35,True,55,26,37,0.00011441201197025273,0.0,0.08686200378071834
38,ON,8003,1261,0.9619675854738166,0.8660381178476773,0.15824414267425696,27,True,47,27,26,0.0001350612472204639,1.318996767385821e-16,0.08686200378071834
39,OFF,8001,83,0.9897774266352486,0.9901613772783644,0.9667463214346257,0,False,1,31,1,0.0006052082175311283,2.2759536348229757e-16,0.0
39,OFF,8002,83,0.9842982586239686,0.9928660993270167,0.9754347583943411,0,False,1,31,1,0.00011311682419669629,0.0,0.0
39,OFF,8003,83,0.9852067214608803,0.9896214869033817,0.9638231858559954,0,False,1,31,1,0.00022460740984997553,2.5721498958200147e-16,0.0
39,ON,8001,258,0.9500460065877925,0.8639596249666084,0.2833273585580144,5,True,28,23,8,0.00029325335389357194,2.2759536348229757e-16,0.11947069943289225
39,ON,8002,319,0.9418197725215504,0.8696263329637783,0.18513382225113395,2,True,28,27,6,0.00030833050953531986,2.0065203825996125e-16,0.11947069943289225
39,ON,8003,273,0.964635240436635,0.8915160583028073,0.4752622023815122,2,True,22,27,6,0.0003286076483014763,2.5721498958200147e-16,0.11947069943289225
40,OFF,8001,83,0.9897049347285481,0.9874723691876015,0.9490261155321312,0,False,1,31,1,7.41567425737328e-05,1.1102648917714594e-16,0.0
40,OFF,8002,83,0.9877757854866571,0.9919088519474081,0.966931253225196,0,False,1,31,1,0.00013475678621992712,1.9576577495590876e-16,0.0
40,OFF,8003,130,0.972069940966849,0.9662653568851074,0.846064854350831,0,False,2,31,2,8.565907094826514e-05,0.0,0.0
40,ON,8001,98,0.9649622629365189,0.8739163607847159,0.22779056314745455,10,True,11,27,1,0.0006308079875399321,3.3307946753143786e-16,0.15207939508506618
40,ON,8002,294,0.9389899413954703,0.7811383411891276,0.17384232741232572,42,False,45,25,6,0.0005030850668060515,1.9576577495590876e-16,0.15207939508506618
40,ON,8003,162,0.9721287755620146,0.8980050648583008,0.22372625215141337,3,True,15,31,3,0.00016073767227989263,2.509513095529033e-16,0.15207939508506618
41,OFF,8001,83,0.9906675937115983,0.9885032402985713,0.9620886500379044,0,False,1,31,1,0.0005012060040128128,2.1677411153758713e-16,0.0
41,OFF,8002,83,0.9899425926067339,0.9921296411944339,0.9715986893446347,0,False,1,31,1,0.00016466270053402837,1.911118339868649e-16,0.0
41,OFF,8003,83,0.9898491759696704,0.9879449174106697,0.9586962874129633,0,False,1,31,1,0.0001401245675339635,1.2249272126566177e-16,0.0
41,ON,8001,56,0.9217733111601911,0.8349299135965709,0.4479456734018626,0,False,8,18,1,0.0010521052190238548,0.0,0.18468809073724007
41,ON,8002,40,0.9138341804039083,0.8308748006687294,0.08018167461506988,1,False,21,7,0,0.0007876763749148035,0.0,0.18468809073724007
41,ON,8003,23,0.7823400503732243,0.4660720239906881,0.08301557423099139,3,True,1,11,1,0.0001266203054361527,3.6747816379698534e-16,0.18468809073724007
42,OFF,8001,83,0.9909489580759139,0.9864744667091834,0.9524267513249333,0,False,1,31,1,0.00029477446435629884,2.1174040557678923e-16,0.0
42,OFF,8002,83,0.9928620401816795,0.9912890817625905,0.9670854506694578,0,False,1,31,1,0.00015919255232320356,1.8667403110027856e-16,0.0
42,OFF,8003,127,0.9710095583592947,0.9629505580217056,0.8425677913221746,0,False,2,31,2,0.00012899457683224582,2.39296641993143e-16,0.0
42,ON,8001,50,0.9596013958846956,0.9140779908439274,0.5205845341155112,0,False,8,15,1,0.0007450766294130012,2.1174040557678923e-16,0.21729678638941397
42,ON,8002,82,0.9304774001905854,0.8268469331100764,0.21337259678616918,3,True,6,25,1,0.0008408902318978959,1.8667403110027856e-16,0.21729678638941397
42,ON,8003,28,0.8132145089143075,0.47276941501016584,0.05196216342190023,4,True,2,12,1,3.5988370083190725e-05,2.39296641993143e-16,0.21729678638941397
43,OFF,8001,83,0.992137537795009,0.9879552553208129,0.9612271289020248,0,False,1,31,1,0.0012464038259617633,0.0,0.0
43,OFF,8002,83,0.9952373134944306,0.9918667277899779,0.9706916723297916,0,False,1,31,1,0.00039723222085490286,1.8243765118511852e-16,0.0
43,OFF,8003,83,0.9937150417950792,0.9874618290906786,0.9563255579804255,0,False,1,31,1,0.0002190238119444438,1.169330223502364e-16,0.0
43,ON,8001,2002,0.9849085247579924,0.8957702017376292,0.048768704652716224,35,True,28,30,26,7.122093321939702e-05,4.1387033886532e-16,0.2499054820415879
43,ON,8002,2034,0.9835138825117666,0.9016691446017607,0.15901802628255485,14,True,30,30,27,6.709394482808349e-05,1.8243765118511852e-16,0.2499054820415879
43,ON,8003,1927,0.9808202489737509,0.8964951431437312,0.13382806218285173,29,True,33,30,26,9.24716717439711e-05,2.338660447004728e-16,0.2499054820415879
44,OFF,8001,83,0.989781228172182,0.9887604353041602,0.950338788264527,0,False,1,31,1,0.00025611279644040794,2.023431935898451e-16,0.0
44,OFF,8002,83,0.9879178614160941,0.992472421783356,0.9656426737194109,0,False,1,31,1,0.00025129863028140953,1.7838928526762482e-16,0.0
44,OFF,8003,83,0.9877440080019527,0.9882672205195853,0.9445374286741948,0,False,1,31,1,0.00010029586262667764,1.1433823087360268e-16,0.0
44,ON,8001,1414,0.9475563158935559,0.8599516013021914,0.27552124485572155,18,False,77,28,41,0.00024125907017038425,2.023431935898451e-16,0.2825141776937618
44,ON,8002,1859,0.9416852396810653,0.8499993520200155,0.23561709222925112,21,False,98,27,44,0.00028436439807079107,1.7838928526762482e-16,0.2825141776937618
44,ON,8003,1179,0.9476407739146558,0.8674752468716661,0.19380281928308332,3,False,76,27,30,0.00029236200036042063,2.2867646174720537e-16,0.2825141776937618
45,OFF,8001,83,0.9928691362316563,0.9926988683182623,0.9789382350138991,0,False,1,31,1,0.0010038498354317253,0.0,0.0
45,OFF,8002,83,0.9928286805415462,0.994482388216957,0.9867241293184387,0,False,1,31,1,0.0005449041654670739,1.745166887387058e-16,0.0
45,OFF,8003,83,0.9919199401699188,0.9916147345358737,0.977553351697637,0,False,1,31,1,0.0003762799356622019,1.118560984106603e-16,0.0
45,ON,8001,146,0.9271267458700263,0.8451437980970439,0.1739586378492879,5,True,17,27,2,0.0007963887104099346,1.9795058924720836e-16,0.3151228733459357
45,ON,8002,141,0.9241655902466268,0.8395551093216829,0.39590617182760385,2,False,22,17,3,0.0008640315912747661,3.490333774774116e-16,0.3151228733459357
45,ON,8003,26,0.7906526854399643,0.47359194800144067,0.06567726154735551,4,True,3,11,1,9.931041594387377e-05,2.237121968213206e-16,0.3151228733459357
46,OFF,8001,83,0.9972173991215226,0.9974221092166077,0.9942120311942205,0,False,1,31,1,0.00022557828784472946,0.0,0.0
46,OFF,8002,83,0.9984854521287067,0.9980200146720295,0.995023681570434,0,False,1,31,1,0.00010757161343477337,1.7080865765515543e-16,0.0
46,OFF,8003,83,0.9973365101900012,0.9970699822345463,0.9919136279627011,0,False,1,31,1,7.76479861165627e-05,0.0,0.0
46,ON,8001,68,0.9410019148124678,0.8765596328961096,0.5804346119983594,0,False,9,24,1,0.0011752904448236697,1.9374464800891953e-16,0.3477315689981096
46,ON,8002,251,0.9420503541847083,0.859015362703021,0.27799192267937345,4,False,43,17,6,0.0006848781870064961,3.4161731531031087e-16,0.3477315689981096
46,ON,8003,81,0.8895171170244796,0.6227572315210559,0.12028712038220978,10,True,5,30,1,0.00020411591823247464,2.1895888763594644e-16,0.3477315689981096
47,OFF,8001,83,0.9970422095877899,0.9974142093773323,0.9936078185620967,0,False,1,31,1,0.0005432417717519908,3.7942743818122636e-16,0.0
47,OFF,8002,83,0.9984847016641499,0.997814900820475,0.9942521224957114,0,False,1,31,1,0.0003086149163017471,0.0,0.0
47,OFF,8003,83,0.9976324916604101,0.9964948810120448,0.9906427768998771,0,False,1,31,1,0.0002059551146602456,2.1440336715493006e-16,0.0
47,ON,8001,69,0.8990780963375427,0.7989758836542713,0.29257509653839653,0,False,5,25,1,0.0003344367923356386,1.8971371909061318e-16,0.38034026465028353
47,ON,8002,83,0.8824349328492838,0.7759855151102983,0.1763125355363429,5,True,1,31,1,0.0006827522749620054,5.017647614473929e-16,0.38034026465028353
47,ON,8003,14,0.7466273478851241,0.4111333058121893,0.045754180503876155,3,True,1,8,1,5.320851987001602e-05,4.288067343098601e-16,0.38034026465028353
48,OFF,8001,83,0.996386815910904,0.9948568370127702,0.9844313128279045,0,False,1,31,1,0.0002181910215925335,1.8584710154175782e-16,0.0
48,OFF,8002,83,0.9969117803355024,0.9963104468517113,0.990548601143456,0,False,1,31,1,0.00011317609269777146,0.0,0.0
48,OFF,8003,133,0.9849916093708548,0.9811159345640295,0.8554432428971607,0,False,2,31,2,5.126416448229863e-05,2.1003354178885332e-16,0.0
48,ON,8001,3343,0.9732796556912092,0.8727412758141067,0.16759554895874282,88,True,58,27,53,6.069640548491525e-05,1.8584710154175782e-16,0.4129489603024575
48,ON,8002,3256,0.9709920811778818,0.8720025682812887,0.07034051823634052,84,True,60,28,54,6.506513040091888e-05,3.276920861523627e-16,0.4129489603024575
48,ON,8003,3228,0.9741708734013338,0.8719435584290584,0.27855312690060763,83,True,57,27,51,6.62883259854513e-05,2.1003354178885332e-16,0.4129489603024575
49,OFF,8001,83,0.995932302968974,0.9942162974856864,0.9809630924517866,0,False,1,31,1,0.00025199997736196034,0.0,0.0
49,OFF,8002,85,0.9949092585297625,0.9942351852038652,0.9243285527234263,0,False,2,31,1,0.00013749474371706145,0.0,0.0
49,OFF,8003,133,0.9840163151017056,0.9799395930699335,0.8550624403341969,0,False,2,31,2,6.512863225284246e-05,0.0,0.0
49,ON,8001,2857,0.96946340299916,0.8840119616445039,0.15655079374515937,3,False,56,30,46,0.0005749892862199947,1.821349493846737e-16,0.4455576559546314
49,ON,8002,2965,0.968181497941302,0.8854291582159667,0.12595344409165635,2,False,60,30,47,0.0006318493098659921,3.211466901016389e-16,0.4455576559546314
49,ON,8003,2176,0.9653443248042411,0.8865425089274492,0.12895992755903102,7,False,60,29,39,0.0005943661478291962,2.0583828418868937e-16,0.4455576559546314
50,OFF,8001,123,0.995060710819958,0.9863918963645008,0.9547219888447239,0,False,5,16,4,7.309766903635608e-05,1.7856818789956642e-16,0.0
50,OFF,8002,83,0.9923518711283151,0.9920085190142155,0.9803420372869598,0,False,1,31,1,0.00020783901156093296,0.0,0.0
50,OFF,8003,148,0.9833602301540081,0.9754172677159263,0.8448093696931096,0,False,2,31,2,8.588159954911368e-05,0.0,0.0
50,ON,8001,3959,0.9799568090692569,0.9103602964626896,0.15285840894922706,7,False,66,29,60,9.157901545424166e-05,1.7856818789956642e-16,0.47816635160680526
50,ON,8002,3936,0.9800944341698685,0.9110655384516242,0.14645120982554768,0,False,65,29,58,0.00010176895341845523,3.148576519505645e-16,0.47816635160680526
50,ON,8003,3095,0.9766559307207037,0.9118604166220007,0.12178471575785715,4,False,62,29,54,0.00011311912714749284,2.0180733863603652e-16,0.47816635160680526
51,OFF,8001,83,0.9949064279814669,0.9928389026890411,0.9768651631966787,0,False,1,31,1,0.0005424428264862389,0.0,0.0
51,OFF,8002,83,0.9908755710627905,0.9952954726669307,0.9861293087942614,0,False,1,31,1,0.00033381567229238274,0.0,0.0
51,OFF,8003,127,0.9805015162787563,0.9795842856591958,0.8550619818497825,0,False,2,31,2,0.00020398984725772536,1.9793123733633576e-16,0.0
51,ON,8001,495,0.9677883052949837,0.9199946196942631,0.2939171117972624,3,False,23,29,13,0.00048035457294990947,3.502768791140193e-16,0.5107750472589793
51,ON,8002,900,0.9688000514185429,0.8993314960938326,0.031980176419052174,0,False,23,31,15,0.00040044477927263683,1.5440510007365044e-16,0.5107750472589793
51,ON,8003,398,0.9732096016988302,0.9194774167067137,0.3252371105738128,0,False,17,29,9,0.000246919710423674,3.958624746726715e-16,0.5107750472589793
52,OFF,8001,181,0.9948713334111469,0.9802305762399308,0.9264093382900124,0,False,7,22,4,0.00011172017033573817,0.0,0.0
52,OFF,8002,83,0.9888466329179398,0.987563929368419,0.963668534073434,0,False,2,31,1,0.00035424717643602304,0.0,0.0
52,OFF,8003,154,0.9833023870464562,0.9731425836592316,0.8206687556031356,0,False,2,31,2,0.00016877358546431079,0.0,0.0
52,ON,8001,0,,,1.0,0,False,3,1,0,0.0002550301967548436,3.436759166504725e-16,0.5433837429111532
52,ON,8002,1,0.7130974451277426,0.12172160591677801,0.12172160591677801,0,False,2,2,0,0.00048066504974501255,3.029906766186892e-16,0.5433837429111532
52,ON,8003,0,,,1.0,0,False,2,1,0,0.0001326097832459787,3.8840245235361193e-16,0.5433837429111532
53,OFF,8001,83,0.987857755606939,0.9901383007841047,0.9394854236950445,0,False,1,31,1,0.00027597304816014086,3.373191425358158e-16,0.0
53,OFF,8002,83,0.9738805299242711,0.9930820142142706,0.9569053515637154,0,False,1,31,1,2.1910768866890265e-05,0.0,0.0
53,OFF,8003,83,0.9747156059058546,0.9902278763182509,0.9326185803192789,0,False,1,31,1,0.0002734635183127656,0.0,0.0
53,ON,8001,2379,0.9736988402882348,0.8879065871060382,0.3173424189359668,5,True,32,30,30,0.0008482285177901309,1.686595712679079e-16,0.575992438563327
53,ON,8002,2456,0.9745297514618465,0.8908746917715512,0.32275074615734617,1,True,32,30,31,0.0008479785842518454,1.4869321689670158e-16,0.575992438563327
53,ON,8003,2446,0.972706009789069,0.8867204257355049,0.29356739761931966,3,True,34,30,32,0.0008265284712629051,0.0,0.575992438563327
54,OFF,8001,83,0.9880593061553287,0.9894660418061467,0.9388708125074683,0,False,1,31,1,0.00033179974329278927,1.6559662650557332e-16,0.0
54,OFF,8002,83,0.9752896514018558,0.9927301060810849,0.9560228680591207,0,False,1,31,1,5.188264376398243e-05,1.459928714228892e-16,0.0
54,OFF,8003,83,0.9758345560834628,0.9889434788748995,0.9343381745168687,0,False,1,31,1,0.0003059640110824945,0.0,0.0
54,ON,8001,2513,0.9889085364065161,0.9123673104110396,0.3285687979948562,0,False,38,29,34,6.391681524449876e-05,1.6559662650557332e-16,0.608601134215501
54,ON,8002,2688,0.9853359416622647,0.9047450012159123,0.35193264789469053,0,False,43,29,37,0.00012559440384508864,1.459928714228892e-16,0.608601134215501
54,ON,8003,2310,0.9817681754935734,0.9106666649926237,0.16568731080364787,0,False,47,30,34,6.911029135371858e-05,1.8714763741115752e-16,0.608601134215501
55,OFF,8001,83,0.9887219406195975,0.9895518199140408,0.9447561517849355,0,False,1,31,1,0.0005488424341809815,0.0,0.0
55,OFF,8002,83,0.9769361692128004,0.9925657747309664,0.9580216572834017,0,False,1,31,1,0.00014117814722561155,1.4338885587967313e-16,0.0
55,OFF,8003,83,0.978622988146,0.9890461873163082,0.9391007979305318,0,False,1,31,1,0.0004850445955435936,0.0,0.0
55,ON,8001,53,0.9658208009348216,0.8333176162177416,0.35504472086939437,4,True,25,8,2,0.0011483359661163654,1.6264294674626789e-16,0.6412098298676749
55,ON,8002,36,0.9711410062737819,0.949212141983903,0.45591700940535995,0,False,16,8,1,0.0008877578493306312,1.4338885587967313e-16,0.6412098298676749
55,ON,8003,71,0.9716754134245487,0.9706714004623799,0.9182625026413999,0,False,8,27,1,0.0007267052092639068,1.8380956102465237e-16,0.6412098298676749
56,OFF,8001,83,0.9892067695692162,0.9898586309778981,0.9682763531488909,0,False,1,31,1,0.00017614114103191444,3.1958557540419856e-16,0.0
56,OFF,8002,83,0.9866349541554629,0.993045806746134,0.9767359150966088,0,False,1,31,1,3.657492804226101e-05,1.4087610600275403e-16,0.0
56,OFF,8003,83,0.985309994457827,0.9891796250159681,0.9629561789971244,0,False,1,31,1,7.157670018105735e-05,0.0,0.0
56,ON,8001,159,0.9696793507049318,0.9182870362269059,0.4048677755162996,10,False,14,24,3,0.000365461830293745,1.5979278770209928e-16,0.6738185255198489
56,ON,8002,596,0.9507665690027706,0.8832929277207993,0.2494550288635449,10,False,31,25,16,0.0003180450867999803,2.8175221200550805e-16,0.6738185255198489
56,ON,8003,192,0.9378484784345379,0.8504560940060907,0.1984517718145705,3,True,18,15,6,0.00032009007791990293,1.805884777053962e-16,0.6738185255198489
57,OFF,8001,83,0.9904973190531002,0.9907513056039206,0.9721418987111039,0,False,1,31,1,0.0008302697792985236,1.570408008027853e-16,0.0
57,OFF,8002,83,0.9880416240190003,0.9931353756663754,0.9780905576767793,0,False,1,31,1,0.00023545879402907046,1.3844990639937326e-16,0.0
57,OFF,8003,83,0.9875308482917641,0.9898150362453351,0.9670248569943871,0,False,1,31,1,0.0003299758473424699,1.7747834281158108e-16,0.0
57,ON,8001,63,0.9853877183128209,0.9687980837340272,0.6054214257528971,0,False,8,22,1,0.0007104752948571021,4.711224024083559e-16,0.7064272211720227
57,ON,8002,56,0.9620896117119592,0.9276861743581175,0.3504412921990106,1,False,16,13,1,0.0006787435027770793,1.3844990639937326e-16,0.7064272211720227
57,ON,8003,97,0.8796922439467979,0.7403555935613672,0.244912932365626,4,False,8,31,1,0.0005095392145107056,3.5495668562316216e-16,0.7064272211720227
58,OFF,8001,83,0.9905141227213082,0.9882312126633938,0.9618103787381048,0,False,1,31,1,0.0002796281610265226,0.0,0.0
58,OFF,8002,83,0.9904043863634924,0.9921989472415305,0.9742797211584557,0,False,1,31,1,8.958168412557335e-05,0.0,0.0
58,OFF,8003,115,0.9679994673041108,0.9620000406482752,0.8377935280320711,0,False,2,31,2,0.00014956318095520784,1.7447352105999229e-16,0.0
58,ON,8001,4490,0.9818179680303271,0.9187883446128242,0.13798366230378512,45,True,64,30,60,0.00016958127910916677,1.5438199969689439e-16,0.7390359168241967
58,ON,8002,4503,0.9818771529096765,0.9260070679862139,0.1039998858289965,18,False,69,30,62,0.0001911907527146729,2.7221172203044447e-16,0.7390359168241967
58,ON,8003,4206,0.9785360398512315,0.9262613193160297,0.22266284837767633,10,False,67,30,61,0.00020051830244646634,0.0,0.7390359168241967
59,OFF,8001,83,0.996205104989275,0.9972733159367313,0.9917296678906118,0,False,1,31,1,0.0004309657598530016,3.036234601987257e-16,0.0
59,OFF,8002,83,0.9972305842450159,0.9974895635159021,0.9922753922015063,0,False,1,31,1,0.00013682315434003123,0.0,0.0
59,OFF,8003,83,0.9958494491961672,0.9963385653381914,0.9880462442551505,0,False,1,31,1,0.00018076221589449472,0.0,0.0
59,ON,8001,503,0.9613727627181902,0.8705995267897284,0.40532030246903017,12,False,30,30,8,0.001501702870276746,1.5181173009936285e-16,0.7716446124763706
59,ON,8002,528,0.9307717462540451,0.8215927153590856,0.16775401534720882,17,True,54,30,12,0.0017447408978868181,2.6767973310297736e-16,0.7716446124763706
59,ON,8003,373,0.9488372505739706,0.8689351655697315,0.3455612309348746,17,True,50,26,7,0.0017226020412221277,1.7156875244943387e-16,0.7716446124763706
60,OFF,8001,83,0.9952649394284661,0.9924903106799734,0.9771151687979421,0,False,1,31,1,0.00017539035261636174,1.4932564260169758e-16,0.0
60,OFF,8002,83,0.9968010576659041,0.9947512108279186,0.9858891249912242,0,False,1,31,1,4.1669916518063216e-05,0.0,0.0
60,OFF,8003,139,0.9845635605572001,0.9792648932281943,0.8530282892123318,0,False,2,31,2,6.28117132683069e-05,1.6875912153240675e-16,0.0
60,ON,8001,318,0.9626592916015413,0.8886873696745268,0.3378589811507964,4,True,26,17,10,0.00016861483778818424,4.479769278050927e-16,0.0556710775047259
60,ON,8002,411,0.9541771373667783,0.8594863367922542,0.285143867988741,5,True,36,19,13,0.00026098482621527943,3.94944265481572e-16,0.0556710775047259
60,ON,8003,282,0.9383251351076282,0.8297564925066035,0.29267160824832306,5,True,12,29,7,0.0001040680818050384,5.062773645972202e-16,0.0556710775047259
61,OFF,8001,83,0.99673613848335,0.9949230049039721,0.9808530599667937,0,False,1,31,1,0.00043739925376809035,2.9322971104254525e-16,0.0
61,OFF,8002,83,0.9967761343714692,0.9957864435294037,0.9853611044720111,0,False,1,31,1,0.0001324411782136247,1.2925821136870945e-16,0.0
61,OFF,8003,121,0.9837360628024702,0.9803585707977597,0.860792057232178,0,False,2,31,2,0.00012047609717054642,1.6569554826807358e-16,0.0
61,ON,8001,73,0.9413071302534393,0.875904504897559,0.31599174690290815,3,True,2,20,2,0.00027589530218675426,1.4661485552127262e-16,0.08827977315689982
61,ON,8002,67,0.9638671165249519,0.8614952449948742,0.2843787036006597,4,True,4,16,2,0.0007767533374249707,2.585164227374189e-16,0.08827977315689982
61,ON,8003,44,0.842227510667404,0.5539330841026141,0.0377698899473143,6,True,1,18,1,6.58292605420423e-05,3.3139109653614716e-16,0.08827977315689982
62,OFF,8001,83,0.9937230763833378,0.9898897582458912,0.9696004761183331,0,False,1,31,1,0.0001667980339982913,2.8409391100001366e-16,0.0
62,OFF,8002,83,0.9939483972066884,0.9926845426657485,0.9796360451108799,0,False,1,31,1,9.080076240127232e-05,0.0,0.0
62,OFF,8003,145,0.9837296851853292,0.9764495422158812,0.8489290246223983,0,False,2,31,2,8.60700050532693e-05,0.0,0.0
62,ON,8001,73,0.9476273415442206,0.8973795447107655,0.3086037249310745,2,True,2,18,2,0.00035400165695883765,2.8409391100001366e-16,0.12088846880907372
62,ON,8002,44,0.8410866971489717,0.5780663168857191,0.09516768906011396,6,True,1,18,1,0.0002397028709834119,1.2523107111501098e-16,0.12088846880907372
62,ON,8003,38,0.8381056448405144,0.4808837934108604,0.04808549795466631,8,True,2,14,1,3.8980635033256275e-05,1.605331744024351e-16,0.12088846880907372
63,OFF,8001,83,0.9928707031325726,0.9918222145305946,0.9788014669163225,0,False,1,31,1,0.0006873927347469124,2.755101768469918e-16,0.0
63,OFF,8002,83,0.9924392510723237,0.993973407316857,0.9839788328373071,0,False,1,31,1,0.0004342405690824087,1.2144728631523969e-16,0.0
63,OFF,8003,83,0.9919705623647388,0.991145670954008,0.9773859621634898,0,False,1,31,1,0.00028036479321004334,1.5568275685226406e-16,0.0
63,ON,8001,699,0.9736270833835761,0.9060110153816832,0.12716142690800958,8,True,25,30,12,7.194981942148103e-05,2.755101768469918e-16,0.15349716446124761
63,ON,8002,970,0.9754642426111476,0.9066423584151042,0.10243976978311874,9,True,23,29,16,7.145330127485268e-05,2.4289457263047937e-16,0.15349716446124761
63,ON,8003,449,0.9714552296008331,0.8969452591273986,0.05744016597265006,3,True,18,31,8,0.00015814532022243274,1.5568275685226406e-16,0.15349716446124761
