AMBIENT_REMOVED_BY_SINK,AMBIENT_SINK_YIELD,DYNAMIC_NET_AMBIENT,DYNAMIC_NET_FRESH,DYNAMIC_NET_INCUMBENT,DYNAMIC_NET_TOTAL,FRESH_AFTER_128,FRESH_AFTER_16,FRESH_AFTER_2048,FRESH_AT_END_OF_FORCE,FRESH_COAST_RETENTION,FRESH_REMOVED_BY_LATER_SINKS,FRESH_SINK_YIELD,FRESH_TERMINAL_RETENTION,FRESH_WASHOUT_FRACTION,GROSS_FRESH_ADDED,GROSS_SINK_REMOVAL,INCUMBENT_REMOVED_BY_SINK,INCUMBENT_SINK_YIELD,M256,OPERATOR_DELTA_AMBIENT,OPERATOR_DELTA_FRESH,OPERATOR_DELTA_INCUMBENT,OPERATOR_DELTA_TOTAL_MASS,arm,block,size
0.0,,42.81384129122109,0.0,-50.86765316942545,-8.0538118782043,,,0.0,,,0.0,,,,0.0,0.0,0.0,,167.94994007010672,-0.0,0.0,-0.0,0.0,SHAM,L24_S990000,24
1.4045558241131648,0.032281607806595336,27.86038905943721,-6.950761702187833,-23.706425740332776,-2.7967983830835124,40.10589685316256,40.35113656650964,36.55192381159338,40.204825271422195,0.9091427102302242,0.006789990911739264,0.00015605775139732246,0.8400911155008263,0.00015605775139732246,43.50947550469296,43.50947550469296,42.09812968966803,0.9675623344420068,167.94994007010672,-1.4045558241131648,43.502685513781216,-42.09812968966803,0.0,DIRECT_Q100_ANCHOR,L24_S990000,24
2.8467897676354026,0.04831276435087651,31.748096452605427,-10.236620703483695,-25.45198618042152,-3.9405104312999697,52.75531518104388,53.0265971687974,48.24868183292364,52.90968382289371,0.9119064478712064,0.43887217982901805,0.007448083608171238,0.8188266032621901,0.007448083608171238,58.92417471623635,58.92417471623635,55.638512768771896,0.9442391520409517,167.94994007010672,-2.8467897676354026,58.48530253640733,-55.638512768771896,0.0,DIRECT_Q200_UNIFORM,L24_S990000,24
7.09362855716656,0.07150780233789306,38.686129753003755,-19.731035484720707,-22.586641178892137,-3.631546910609188,70.45121357229849,68.17736101376396,64.58097653248258,67.63873692813534,0.9547927632223298,14.888751049843739,0.1500870617273463,0.6510129008668422,0.1500870617273463,99.20076306704702,99.20076306704702,77.21838346003675,0.7784051359347609,167.94994007010672,-7.09362855716656,84.31201201720329,-77.21838346003675,0.0,DIRECT_Q400_UNIFORM,L24_S990000,24
9.933661972056568,0.079037187673309,,,,,,,,,,31.96662149978493,0.2543424438910179,,0.2543424438910179,125.68339365914943,125.68339365914943,83.78311018730798,0.6666203684356735,167.94994007010672,-9.933661972056568,93.7167721593645,-83.78311018730798,0.0,DIRECT_Q800_UNIFORM,L24_S990000,24
5.994868803878431,0.0822498828698224,38.34780754434625,-13.417402542561746,-26.614260141757,-1.683855139972536,60.0109668656134,59.929335737551746,56.84706647846713,59.51938962265686,0.9551016372793502,2.6215776784729408,0.035968169453356555,0.7799444345340749,0.035968169453356555,72.88604669950182,72.88604669950182,64.26960021715055,0.8817819476768225,167.94994007010672,-5.994868803878431,70.26446902102887,-64.26960021715055,0.0,DIRECT_Q400_BURST,L24_S990000,24
1.8910055642094123,0.026092805682226154,23.826490912127255,0.0,-56.7935485369253,-32.96705762479807,0.0,0.0,0.0,0.0,,0.0,0.0,,,0.0,72.4722970476695,70.58129148346003,0.9739071943177732,167.94994007010672,-1.8910055642094123,0.0,-70.58129148346003,-72.4722970476695,SINK_ONLY_Q800,L24_S990000,24
0.0,,,,,,,,,,,0.0,,,0.0,97.3490843029232,0.0,0.0,,167.94994007010672,-0.0,97.3490843029232,-0.0,97.3490843029232,SOURCE_ONLY_Q800,L24_S990000,24
0.0,,42.841182410531275,0.0,-50.826155337259564,-7.98497292672829,,,0.0,,,0.0,,,,0.0,0.0,0.0,,164.81281559012086,-0.0,0.0,-0.0,0.0,SHAM,L24_S990001,24
1.4813372452676505,0.033102149629391286,27.097556740013186,-7.3670352138082364,-23.731436914285133,-4.000915388080074,41.5004341743413,41.481000600199096,37.340364776787744,41.35517349409889,0.9029188278490953,0.04308485261118528,0.0009627795712636906,0.834412518827844,0.0009627795712636906,44.75048484320717,44.75048484320717,43.22606274532831,0.9659350707993446,164.81281559012086,-1.4813372452676505,44.70739999059598,-43.22606274532831,0.0,DIRECT_Q100_ANCHOR,L24_S990001,24
2.889150495301924,0.047313231259462345,31.51959953008248,-10.803612913411847,-24.943946855410317,-4.227960238739797,53.95845067816678,53.94416878707857,49.249782380662836,53.71480747671941,0.9168753402310571,1.0109289635104914,0.01655514862075818,0.8065230063451527,0.01655514862075818,61.06432425758518,61.06432425758518,57.16424479877274,0.9361316201197791,164.81281559012086,-2.889150495301924,60.05339529407468,-57.16424479877274,0.0,DIRECT_Q200_UNIFORM,L24_S990001,24
6.93610101454767,0.06641069573779237,37.97838008103957,-20.72214103910528,-21.455631107893083,-4.199392065958733,67.13916977673928,67.3590105753874,63.92785245326684,67.12658836541203,0.9523477061766871,19.79253549321924,0.1895064748570936,0.6120864084216705,0.1895064748570936,104.44252898559137,104.44252898559137,77.71389247782434,0.7440828294051129,164.81281559012086,-6.93610101454767,84.64999349237212,-77.71389247782434,0.0,DIRECT_Q400_UNIFORM,L24_S990001,24
8.80082015081382,0.07264698105935156,47.09543094175317,-25.63656580613906,-21.630485874173445,-0.17162073855928384,65.67754376083131,65.70803759365354,65.66671330874476,65.7408800446025,0.9988718323240057,29.841743327599698,0.2463307424930956,0.5420504448700861,0.2463307424930956,121.14502244248352,121.14502244248352,82.50245896406994,0.6810222764475523,164.81281559012086,-8.80082015081382,91.30327911488382,-82.50245896406994,0.0,DIRECT_Q800_UNIFORM,L24_S990001,24
5.767355276205877,0.0756011972448144,38.04935808050259,-14.975026930568227,-26.53468641616493,-3.460355266230664,61.377450158637096,60.33313713404423,57.10167831720896,59.854681618484925,0.9540052135132274,4.209854838431874,0.055184751202235996,0.7485155740759595,0.055184751202235996,76.28656008620906,76.28656008620906,66.30934997157136,0.8692140515529503,164.81281559012086,-5.767355276205877,72.07670524777718,-66.30934997157136,0.0,DIRECT_Q400_BURST,L24_S990001,24
1.910359254019371,0.02667200509524421,23.057980979093255,0.0,-56.77300905106364,-33.71502807197038,0.0,0.0,0.0,0.0,,0.0,0.0,,,0.0,71.62413351368174,69.71377425966237,0.9733279949047559,164.81281559012086,-1.910359254019371,0.0,-69.71377425966237,-71.62413351368174,SINK_ONLY_Q800,L24_S990001,24
0.0,,,,,,,,,,,0.0,,,0.0,102.54894000008689,0.0,0.0,,164.81281559012086,-0.0,102.54894000008689,-0.0,102.54894000008689,SOURCE_ONLY_Q800,L24_S990001,24
0.0,,44.58169363098681,0.0,-50.098147824784135,-5.516454193797159,,,0.0,,,0.0,,,,0.0,0.0,0.0,,165.32770555011422,-0.0,0.0,-0.0,0.0,SHAM,L24_S990002,24
1.77692900543022,0.03805116330990833,30.328404751268824,-6.828349773855692,-21.278322938643342,2.221732038769602,43.58631831117987,43.56180400739662,39.80788402686679,43.413215408860346,0.9169531363194596,0.062180935194849504,0.0013315427417929895,0.8524461537288373,0.0013315427417929895,46.69841473591733,46.69841473591733,44.85930479529226,0.9606172939482986,165.32770555011422,-1.77692900543022,46.63623380072248,-44.85930479529226,0.0,DIRECT_Q100_ANCHOR,L24_S990002,24
3.6109882576939727,0.05588627823260914,34.91607842309923,-10.752035066300365,-22.3268733077595,1.8371700490394005,56.65287276902468,56.357200378394616,52.037648727582074,56.32265054167067,0.9239204516676943,1.8234622571815526,0.028221226927109603,0.8053724653255011,0.028221226927109603,64.61314605106399,64.61314605106399,59.1786955361885,0.9158924948402818,165.32770555011422,-3.6109882576939727,62.78968379388244,-59.1786955361885,0.0,DIRECT_Q200_UNIFORM,L24_S990002,24
7.681337043919507,0.07221503265207986,42.17782679345619,-18.93999912221429,-18.861551485468397,4.376276185773378,68.72752535542128,68.47526445033343,66.28405690321813,68.61896264222047,0.965972879083344,21.143507095765965,0.19877777092321294,0.6231604349879868,0.19877777092321294,106.36756312119839,106.36756312119839,77.54271898151292,0.7290071964247072,165.32770555011422,-7.681337043919507,85.22405602543242,-77.54271898151292,0.0,DIRECT_Q400_UNIFORM,L24_S990002,24
8.64396861418,0.07610595423182222,,,,,,,,,,25.21922409210631,0.22204304529372543,,0.22204304529372543,113.57808599114436,113.57808599114436,79.71489328485808,0.7018510004744526,165.32770555011422,-8.64396861418,88.35886189903806,-79.71489328485808,0.0,DIRECT_Q800_UNIFORM,L24_S990002,24
6.461815565865638,0.07860470795967729,40.97229995167325,-15.52715287913066,-24.710572582832853,0.7345744897096722,63.608962950937304,62.94371436469949,60.22220835266824,62.80978727293157,0.9588029345009663,6.457108757001591,0.07854745201784341,0.7325726109012185,0.07854745201784341,82.20646998880049,82.20646998880049,69.28754566593318,0.8428478400224783,165.32770555011422,-6.461815565865638,75.7493612317989,-69.28754566593318,0.0,DIRECT_Q400_BURST,L24_S990002,24
2.0275139830111932,0.02896997832410159,26.21118171361894,0.0,-54.78959941321361,-28.57841769959458,0.0,0.0,0.0,0.0,,0.0,0.0,,,0.0,69.98672765054856,67.95921366753734,0.971030021675898,165.32770555011422,-2.0275139830111932,0.0,-67.95921366753734,-69.98672765054856,SINK_ONLY_Q800,L24_S990002,24
0.0,,,,,,,,,,,0.0,,,0.0,95.86213833130229,0.0,0.0,,165.32770555011422,-0.0,95.86213833130229,-0.0,95.86213833130229,SOURCE_ONLY_Q800,L24_S990002,24
0.0,,44.35852412140265,0.0,-50.52879628601882,-6.170272164616165,,,0.0,,,0.0,,,,0.0,0.0,0.0,,168.3637932437601,-0.0,0.0,-0.0,0.0,SHAM,L24_S990003,24
1.7262712350792568,0.0365283936870299,29.199269509026788,-7.402999627278859,-21.740743770482737,0.0555261112651948,43.99250833576105,44.08355589811605,39.78346677646662,43.86854260912126,0.9068791532681264,0.07187322842405079,0.0015208580958084588,0.8418295497919981,0.0015208580958084592,47.25833963216953,47.258339632169545,45.46019516866623,0.9619507482171615,168.3637932437601,-1.7262712350792568,47.18646640374548,-45.46019516866623,-1.4210854715202004e-14,DIRECT_Q100_ANCHOR,L24_S990003,24
3.6171616542395286,0.054426281494940484,33.212626208337134,-11.950118298095674,-22.505005983783555,-1.242498073542066,57.173614635603506,57.28234635531607,52.13593267283068,57.17137017447411,0.9119237918161412,2.373783412133259,0.03571756436303018,0.7844728046165572,0.035717564363030196,66.45983438305961,66.45983438305964,60.46888931668686,0.9098561541420295,168.3637932437601,-3.6171616542395286,64.08605097092635,-60.46888931668686,-2.842170943040401e-14,DIRECT_Q200_UNIFORM,L24_S990003,24
7.35927055174586,0.07050435832358495,41.28798820612809,-19.0676175486375,-19.292052776132238,2.9283178813580832,66.23990058922571,66.48218015458103,65.1216743408933,66.57833796968697,0.9781210574908481,20.191071633103398,0.1934374527132691,0.6238881734376417,0.19343745271326915,104.38036352263421,104.38036352263424,76.83002133778504,0.7360581889631466,168.3637932437601,-7.35927055174586,84.18929188953081,-76.83002133778504,-2.842170943040401e-14,DIRECT_Q400_UNIFORM,L24_S990003,24
8.180556880077523,0.07390602953219473,,,,,,,,,,23.42296819586638,0.21161133705104848,,0.21161133705104854,110.68862624414062,110.68862624414065,79.08510116819684,0.7144826334167577,168.3637932437601,-8.180556880077523,87.26565804827425,-79.08510116819684,-2.842170943040401e-14,DIRECT_Q800_UNIFORM,L24_S990003,24
6.710009718270293,0.0802648480691086,40.203078805464706,-16.265072458277338,-24.514462289969543,-0.576455942782303,63.35701198232198,62.84753331565891,60.23835172113555,63.02037588100511,0.9558551639691492,7.0949364939035995,0.08486932562743672,0.7205685761773897,0.08486932562743675,83.59836067331649,83.59836067331652,69.79341446114262,0.8348658263034546,168.3637932437601,-6.710009718270293,76.50342417941289,-69.79341446114262,-2.842170943040401e-14,DIRECT_Q400_BURST,L24_S990003,24
1.9141604409937423,0.027745300807347266,26.207745349256967,0.0,-55.92265845440315,-29.714913105146195,0.0,0.0,0.0,0.0,,0.0,0.0,,,0.0,68.99043749011548,67.0762770491217,0.9722546991926522,168.3637932437601,-1.9141604409937423,0.0,-67.0762770491217,-68.99043749011548,SINK_ONLY_Q800,L24_S990003,24
0.0,,,,,,,,,,,0.0,,,0.0,96.65482620374398,0.0,0.0,,168.3637932437601,-0.0,96.65482620374398,-0.0,96.65482620374398,SOURCE_ONLY_Q800,L24_S990003,24
0.0,,39.859006053831266,0.0,-53.01753744702411,-13.15853139319276,,,0.0,,,0.0,,,,0.0,0.0,0.0,,164.2458484805825,-0.0,0.0,-0.0,0.0,SHAM,L24_S990004,24
1.9641829816983538,0.039829378960584104,27.338424510562,-7.981032699368008,-22.285358176219027,-2.9279663650252132,45.9730264360142,45.78656806842526,41.21494374846086,45.52110689161777,0.905402934216658,0.11895220426349605,0.0024120932041224617,0.8357498403622281,0.0024120932041224617,49.31492865209236,49.31492865209236,47.23179346613052,0.9577585278352936,164.2458484805825,-1.9641829816983538,49.19597644782887,-47.23179346613052,0.0,DIRECT_Q100_ANCHOR,L24_S990004,24
3.973867162113156,0.054225809939727074,31.11139504137769,-14.188909328505716,-21.002859391576564,-4.080373678704603,60.67281827029411,59.40993450210512,54.14970460404997,59.39734803175954,0.911651890166819,4.945070839145794,0.06747846883724568,0.738905320778301,0.06747846883724568,73.28368477170149,73.28368477170149,64.36474677044254,0.8782957212230272,164.2458484805825,-3.973867162113156,68.33861393255569,-64.36474677044254,0.0,DIRECT_Q200_UNIFORM,L24_S990004,24
6.297043385253129,0.06659240368047956,38.26027463397002,-18.434936809751036,-19.608821887500014,0.21651593671907676,61.40715556722459,61.52009359083195,60.5664719862974,61.58146580578737,0.9835178684656354,15.55957770125984,0.16454542489045154,0.6405016934549583,0.16454542489045154,94.56098649730828,94.56098649730828,72.7043654107953,0.7688621714290689,164.2458484805825,-6.297043385253129,79.00140879604844,-72.7043654107953,0.0,DIRECT_Q400_UNIFORM,L24_S990004,24
7.2817652569862705,0.07251516468414143,,,,,58.6091959552674,58.59128242616838,,58.61360121313281,,17.694884145906837,0.17621378781417876,,0.17621378781417876,100.41713741813707,100.41713741813707,75.44048801524397,0.7512710475016798,164.2458484805825,-7.2817652569862705,82.72225327223023,-75.44048801524397,0.0,DIRECT_Q800_UNIFORM,L24_S990004,24
6.6497660294834,0.07683545333341842,37.40522025882202,-16.848123341313823,-22.635352013031834,-2.0782550955234598,61.86175367829743,62.381175960372005,60.06883969897335,62.502525140722824,0.9610626060903924,9.62857994788944,0.11125448654478773,0.6940720183265779,0.1112544865447877,86.5455429881766,86.54554298817659,70.26719701080371,0.8119100601217935,164.2458484805825,-6.6497660294834,76.91696304028717,-70.26719701080371,1.4210854715202004e-14,DIRECT_Q400_BURST,L24_S990004,24
1.942024822773233,0.030014315076681737,24.455882950654146,0.0,-56.704093395607714,-32.24821044495356,0.0,0.0,0.0,0.0,,0.0,0.0,,,0.0,64.7032863422561,62.76126151948286,0.969985684923318,164.2458484805825,-1.942024822773233,0.0,-62.76126151948286,-64.7032863422561,SINK_ONLY_Q800,L24_S990004,24
0.0,,,,,,,,,,,0.0,,,0.0,99.06020427581042,0.0,0.0,,164.2458484805825,-0.0,99.06020427581042,-0.0,99.06020427581042,SOURCE_ONLY_Q800,L24_S990004,24
0.0,,41.43942460452073,0.0,-51.76319040426222,-10.323765799741437,,,0.0,,,0.0,,,,0.0,0.0,0.0,,164.37331078332372,-0.0,0.0,-0.0,0.0,SHAM,L24_S990005,24
1.6661853245782436,0.036487778402246464,26.851700431078882,-7.646224588559292,-22.754109577574305,-3.548633735054615,41.803092315699836,42.07246371132025,37.951639375442035,41.91541814266447,0.9054338727164498,0.06633916204213222,0.0014527607513268378,0.8311026313256137,0.0014527607513268375,45.66420312604346,45.66420312604345,43.931678639423076,0.9620594608464267,164.37331078332372,-1.6661853245782436,45.59786396400133,-43.931678639423076,7.105427357601002e-15,DIRECT_Q100_ANCHOR,L24_S990005,24
3.2750223588526555,0.0518343636642156,30.919897572967315,-11.488575285950176,-24.197920998950984,-4.76659871193398,55.00532372844866,54.9283144050581,50.1599738157848,54.70314179524768,0.9169486828294464,1.533906075458648,0.02427740535179975,0.7938908621881249,0.024277405351799744,63.182455177193624,63.18245517719361,58.373526742882326,0.923888230983985,164.37331078332372,-3.2750223588526555,61.64854910173498,-58.373526742882326,1.4210854715202004e-14,DIRECT_Q200_UNIFORM,L24_S990005,24
7.2161588308765205,0.06871424171660416,38.121963249411735,-20.15698740320201,-20.56764732755451,-2.60267148134497,68.15738758424266,65.79080868939903,64.58353576810798,65.92474597949726,0.979655436036016,20.276408553526377,0.19307751826776176,0.6149821243809398,0.1930775182677617,105.01693172483637,105.01693172483634,77.52436434043355,0.7382082400156351,164.37331078332372,-7.2161588308765205,84.74052317130999,-77.52436434043355,2.842170943040401e-14,DIRECT_Q400_UNIFORM,L24_S990005,24
8.839326236864691,0.07513329395306662,,,,,,,,,,27.19283503480364,0.23113608586663426,,0.2311360858666342,117.64859187973762,117.6485918797376,81.61643060806938,0.6937306201803001,164.37331078332372,-8.839326236864691,90.45575684493399,-81.61643060806938,2.842170943040401e-14,DIRECT_Q800_UNIFORM,L24_S990005,24
6.215653733544724,0.07836755690599478,37.19455046468552,-15.850771936132887,-26.143137856427714,-4.799359327875081,62.591492662108635,61.26943708485517,58.28934688678494,61.11493239645838,0.953766037220763,5.174000168958702,0.06523428911173598,0.734917661920383,0.06523428911173597,79.31411899187653,79.31411899187651,67.9244650893731,0.8563981539822694,164.37331078332372,-6.215653733544724,74.14011882291783,-67.9244650893731,1.4210854715202004e-14,DIRECT_Q400_BURST,L24_S990005,24
1.7578746966510104,0.02499683621262163,22.730404656977157,0.0,-56.76946725982728,-34.039062602850166,0.0,0.0,0.0,0.0,,0.0,0.0,,,0.0,70.32388745914206,68.56601276249108,0.975003163787379,164.37331078332372,-1.7578746966510104,0.0,-68.56601276249108,-70.32388745914206,SINK_ONLY_Q800,L24_S990005,24
0.0,,,,,,,,,,,0.0,,,0.0,100.33808521166566,0.0,0.0,,164.37331078332372,-0.0,100.33808521166566,-0.0,100.33808521166566,SOURCE_ONLY_Q800,L24_S990005,24
0.0,,44.51113318294544,0.0,-50.20436821148627,-5.693235028540784,,,0.0,,,0.0,,,,0.0,0.0,0.0,,165.52669558231926,-0.0,0.0,-0.0,0.0,SHAM,L24_S990006,24
1.8465005258928346,0.034693835793150656,29.050479502141677,-9.018313085293116,-21.205056406065495,-1.1728899892168982,48.9769605026339,49.26383563136312,43.86262886241077,49.12369985332103,0.8929015728330858,0.3417843285695442,0.006421774164581099,0.8241334469550582,0.006421774164581097,53.222726276273434,53.22272627627342,51.03444142181105,0.9588843900422684,165.52669558231926,-1.8465005258928346,52.88094194770389,-51.03444142181105,1.4210854715202004e-14,DIRECT_Q100_ANCHOR,L24_S990006,24
3.727401389115705,0.04763953043685388,35.09036057543726,-14.760172245497941,-19.55422765364729,0.7759606762921152,62.40826746200974,61.9195004261369,57.092023245813266,61.72724261236426,0.9249080443191134,6.389578827945998,0.08166454408196325,0.7296872258143758,0.08166454408196322,78.2417743192572,78.24177431925719,68.12479410219555,0.8706959254811837,165.52669558231926,-3.727401389115705,71.8521954913112,-68.12479410219555,1.4210854715202004e-14,DIRECT_Q200_UNIFORM,L24_S990006,24
5.37077984088255,0.05792425726787208,40.5462976560122,-18.892152429142236,-19.816433353563113,1.837711873306887,61.377130625885364,61.29091889867291,60.298889557739166,61.33912063839274,0.9830413108334898,13.529695303633254,0.1459187631483313,0.6503279775354822,0.14591876314833124,92.72073729051466,92.72073729051463,73.82026214599888,0.7961569795837972,165.52669558231926,-5.37077984088255,79.1910419868814,-73.82026214599888,2.842170943040401e-14,DIRECT_Q400_UNIFORM,L24_S990006,24
6.330632366036787,0.06451531639147554,48.962462552264626,-23.075987748307845,-22.500003552126415,3.3864712518305,59.36003092891669,59.16379123828942,59.630910224961745,59.183763255959576,1.0075552304281217,15.419139689211146,0.1571360676179303,0.6076971173550412,0.15713606761793028,98.12603766248074,98.12603766248071,76.37626560723282,0.7783486159905946,165.52669558231926,-6.330632366036787,82.70689797326959,-76.37626560723282,2.842170943040401e-14,DIRECT_Q800_UNIFORM,L24_S990006,24
5.9271900708289005,0.06695497787288712,41.545324054928756,-16.437397778082193,-20.84624665316123,4.26167962368514,64.10288310658848,64.49367742484863,62.284329093687056,64.5945711465094,0.9642347334796544,9.80328290542118,0.1107402634588256,0.7035789010410862,0.11074026345882558,88.52500977719043,88.52500977719042,72.79453680094038,0.8223047586682877,165.52669558231926,-5.9271900708289005,78.72172687176925,-72.79453680094038,1.4210854715202004e-14,DIRECT_Q400_BURST,L24_S990006,24
1.7945778549189288,0.027254150226194273,26.720506098651995,0.0,-55.61759628336728,-28.89709018471528,0.0,0.0,0.0,0.0,,0.0,0.0,,,0.0,65.84603959488489,64.05146173996599,0.9727458497738062,165.52669558231926,-1.7945778549189288,0.0,-64.05146173996599,-65.84603959488489,SINK_ONLY_Q800,L24_S990006,24
0.0,,,,,,,,,,,0.0,,,0.0,100.70914358776321,0.0,0.0,,165.52669558231926,-0.0,100.70914358776321,-0.0,100.70914358776321,SOURCE_ONLY_Q800,L24_S990006,24
0.0,,42.74723997276927,0.0,-50.966323584944774,-8.219083612175268,,,0.0,,,0.0,,,,0.0,0.0,0.0,,161.78420696355897,-0.0,0.0,-0.0,0.0,SHAM,L24_S990007,24
1.632390311871647,0.034070746865419436,27.819876006185627,-8.20416545951629,-22.174129685912746,-2.558419139243341,44.18112376044636,44.585314024891076,39.6064443755028,44.29847525269433,0.8940814362023407,0.1011755543544493,0.0021117049496738073,0.8266534852255204,0.0021117049496738073,47.911785389373534,47.911785389373534,46.17821952314743,0.9638175481849066,161.78420696355897,-1.632390311871647,47.810609835019086,-46.17821952314743,0.0,DIRECT_Q100_ANCHOR,L24_S990007,24
3.9293414142660605,0.055827647463538854,32.770867744763535,-13.354247025670006,-21.477852074909514,-2.0612313558158917,58.69420103269339,57.267371197564394,52.68093828116557,57.173250286349976,0.9214263316728568,4.348246429784197,0.06177940351154901,0.7484849343280348,0.06177940351154901,70.38343173661977,70.38343173661977,62.105843892569546,0.8823929490249126,161.78420696355897,-3.9293414142660605,66.03518530683557,-62.105843892569546,0.0,DIRECT_Q200_UNIFORM,L24_S990007,24
7.492575938439391,0.07271051787359416,40.27016018396715,-19.4182282169402,-18.931532966511128,1.920399000515829,63.31129817554774,63.63688533270814,62.66157050479405,63.71090996956588,0.983529673877314,20.966860242586286,0.20346957827954393,0.6080892979411429,0.20346957827954393,103.04665896432054,103.04665896432054,74.5872227832949,0.7238199038468623,161.78420696355897,-7.492575938439391,82.07979872173425,-74.5872227832949,0.0,DIRECT_Q400_UNIFORM,L24_S990007,24
8.421370876765216,0.07701164162090812,,,,,,,,,,23.926993934420388,0.21880725940086126,,0.21880725940086126,109.35192004112368,109.35192004112368,77.00355522993813,0.7041810989782311,161.78420696355897,-8.421370876765216,85.42492610670328,-77.00355522993813,0.0,DIRECT_Q800_UNIFORM,L24_S990007,24
6.991332719754275,0.08015139405518039,38.7841156091263,-17.3631347269514,-23.13779171081869,-1.716810828643716,62.1452055370803,62.40875917401649,59.6350205045684,62.57620607423858,0.9529983398772875,10.228433927254853,0.11726279825795424,0.6836793812494197,0.11726279825795427,87.22658915877466,87.22658915877467,70.00682251176553,0.8025858076868653,161.78420696355897,-6.991332719754275,76.9981552315198,-70.00682251176553,-1.4210854715202004e-14,DIRECT_Q400_BURST,L24_S990007,24
1.8157977212934937,0.02805894585406741,24.586873232007736,0.0,-56.49741766579295,-31.91054443378505,0.0,0.0,0.0,0.0,,0.0,0.0,,,0.0,64.71368278542356,62.89788506413008,0.9719410541459328,161.78420696355897,-1.8157977212934937,0.0,-62.89788506413008,-64.71368278542356,SINK_ONLY_Q800,L24_S990007,24
0.0,,,,,,,,,,,0.0,,,0.0,92.81232677745177,0.0,0.0,,161.78420696355897,-0.0,92.81232677745177,-0.0,92.81232677745177,SOURCE_ONLY_Q800,L24_S990007,24
0.0,,43.02891572918804,0.0,-50.12607165208712,-7.097155922899134,,,0.0,,,0.0,,,,0.0,0.0,0.0,,164.20597186225112,-0.0,0.0,-0.0,0.0,SHAM,L24_S990008,24
2.089788448863314,0.041332613369348285,28.72074427168952,-8.491601042734764,-21.626827615206842,-1.3976843862522017,46.259483445822504,46.47479636752859,41.69103174949024,46.29188619579017,0.9006120764481113,0.37764584752520747,0.0074692200613844005,0.8245807355324379,0.0074692200613844,50.560278639750216,50.56027863975021,48.09284434336168,0.9511981665692673,164.20597186225112,-2.089788448863314,50.18263279222501,-48.09284434336168,7.105427357601002e-15,DIRECT_Q100_ANCHOR,L24_S990008,24
4.140536339823286,0.054123329870021934,34.07835724705999,-14.565459974514361,-19.961136002183636,-0.44823872963803524,61.17971819713597,60.15629301578279,55.253010627696206,60.20814548591137,0.9176999255129912,6.683406680041891,0.08736264935543438,0.722243853230439,0.08736264935543435,76.50187728225247,76.50187728225244,65.67793426238728,0.858514020774544,164.20597186225112,-4.140536339823286,69.81847060221057,-65.67793426238728,2.842170943040401e-14,DIRECT_Q200_UNIFORM,L24_S990008,24
6.579725247867869,0.06797895272926131,40.422191149671924,-18.874101423836358,-19.110206581952312,2.437883143883113,61.59793037483349,61.6294148014194,60.61388826051236,61.684985181997085,0.9826360188249291,17.302634232333812,0.1787635365097754,0.6262371891794897,0.17876353650977533,96.79062391668253,96.7906239166825,72.90826443648085,0.7532575107609636,164.20597186225112,-6.579725247867869,79.48798968434872,-72.90826443648085,2.842170943040401e-14,DIRECT_Q400_UNIFORM,L24_S990008,24
7.095030215769113,0.07067224148333819,,,,,,,,,,18.761129203245126,0.18687602634939857,,0.1868760263493985,100.39345104742223,100.3934510474222,74.537291628408,0.7424517321672636,164.20597186225112,-7.095030215769113,81.63232184417711,-74.537291628408,2.842170943040401e-14,DIRECT_Q800_UNIFORM,L24_S990008,24
6.8425607122105445,0.07755155694655404,40.761584336720844,-16.551575611999517,-21.182387505734027,3.0276212189871785,62.41432978328427,62.846925589321124,60.98477932350696,62.954987888501336,0.9687044882212704,10.696054336769121,0.12122591262086319,0.6911834305160429,0.12122591262086319,88.2324092722756,88.2324092722756,70.69379422329595,0.801222530432583,164.20597186225112,-6.8425607122105445,77.53635493550648,-70.69379422329595,0.0,DIRECT_Q400_BURST,L24_S990008,24
1.9247711978926734,0.03035903503694304,26.73126907431329,0.0,-55.732002031978254,-29.000732957665036,0.0,0.0,0.0,0.0,,0.0,0.0,,,0.0,63.4002759162297,61.47550471833705,0.9696409649630573,164.20597186225112,-1.9247711978926734,0.0,-61.47550471833705,-63.4002759162297,SINK_ONLY_Q800,L24_S990008,24
0.0,,,,,,,,,,,0.0,,,0.0,91.62875734682031,0.0,0.0,,164.20597186225112,-0.0,91.62875734682031,-0.0,91.62875734682031,SOURCE_ONLY_Q800,L24_S990008,24
0.0,,66.12874345561629,0.0,-70.79592384862266,-4.667180393006333,,,0.0,,,0.0,,,,0.0,0.0,0.0,,299.1842252564305,-0.0,0.0,-0.0,0.0,SHAM,L32_S990100,32
1.4814344130204584,0.02114846696975612,38.50437714296268,-8.612044393526489,-33.2140086421297,-3.3216758926935768,65.78145534202002,65.94003615393476,61.43612755107482,65.6818737369057,0.9353589362746018,0.0010857693984721642,1.5500084282194563e-05,0.8770418068084171,1.5500084282194563e-05,70.04925771399978,70.04925771399978,68.56673753158083,0.9788360329459613,299.1842252564305,-1.4814344130204584,70.04817194460131,-68.56673753158083,0.0,DIRECT_Q100_ANCHOR,L32_S990100,32
2.838330506162785,0.03217792694093911,45.190036809173705,-11.288780678972387,-37.582168167344534,-3.6809120371431163,81.45508901342525,81.55693414534623,76.76359191570613,81.41535311548667,0.9428638331497246,0.15500357882053092,0.0017572632306355812,0.8702627291023415,0.0017572632306355812,88.20737617349904,88.20737617349904,85.21404208851571,0.9660648098284251,299.1842252564305,-2.838330506162785,88.05237259467852,-85.21404208851571,0.0,DIRECT_Q200_UNIFORM,L32_S990100,32
6.611484068690779,0.05273738337125478,54.916482112702006,-19.925931303282013,-38.86591982201908,-3.8753690125989806,105.29383581435525,104.48190644863631,99.64160591109179,104.30990263165893,0.9552458913028429,5.798638466887947,0.046253612151580206,0.7948045425300871,0.046253612151580206,125.36617568126175,125.36617568126175,112.95605314568301,0.9010090044771649,299.1842252564305,-6.611484068690779,119.5675372143738,-112.95605314568301,0.0,DIRECT_Q400_UNIFORM,L32_S990100,32
13.118521776203828,0.064698855341116,70.55520212682913,-33.24496842022775,-33.65738547772165,3.652848228880032,116.16466128169539,116.65547388806404,117.02619042498888,116.72444265453255,1.0025851292462318,52.491652135567925,0.25888204982787727,0.577158059009545,0.25888204982787727,202.76281098078456,202.76281098078456,137.15263706901277,0.6764190948310066,299.1842252564305,-13.118521776203828,150.27115884521663,-137.15263706901277,0.0,DIRECT_Q800_UNIFORM,L32_S990100,32
5.541437197803993,0.05278276604459711,55.44298842534743,-14.751826159188667,-41.382702301115174,-0.6915400349562475,92.26257565591116,92.10869948991909,88.99670915844595,92.11346175925848,0.9661639836210014,1.2371941744865973,0.011784403275298899,0.8477029172343353,0.011784403275298897,104.98572949212122,104.98572949212121,98.20709811983046,0.9354328306801025,299.1842252564305,-5.541437197803993,103.74853531763462,-98.20709811983046,1.4210854715202004e-14,DIRECT_Q400_BURST,L32_S990100,32
2.4855291315257992,0.019877325021254083,36.78360833683891,0.0,-82.03771317114649,-45.254104834307526,0.0,0.0,0.0,0.0,,0.0,0.0,,,0.0,125.04344165364884,122.55791252212299,0.9801226749787455,299.1842252564305,-2.4855291315257992,0.0,-122.55791252212299,-125.04344165364884,SINK_ONLY_Q800,L32_S990100,32
0.0,,90.49594128360573,-17.712878246113746,-31.966026698857377,40.817036338634836,135.15535290257398,135.12708508865336,133.44404735077396,135.05384242891577,0.9880803459628399,0.0,,0.882817951104991,0.0,151.1569255968877,0.0,0.0,,299.1842252564305,-0.0,151.1569255968877,-0.0,151.1569255968877,SOURCE_ONLY_Q800,L32_S990100,32
0.0,,63.33655185046191,0.0,-71.24754039038629,-7.910988539924745,,,0.0,,,0.0,,,,0.0,0.0,0.0,,291.58176325121104,-0.0,0.0,-0.0,0.0,SHAM,L32_S990101,32
1.7068839830143918,0.02415371745440415,36.82978210790925,-8.759346217947133,-31.23768293286608,-3.1672470429035826,66.43316262010416,66.79250456200636,61.90014984044617,66.59919634841323,0.9294428947252752,0.00805175227141407,0.00011393846993228978,0.8759345945651248,0.00011393846993228976,70.66754781066471,70.6675478106647,68.95261207537885,0.975732344075663,291.58176325121104,-1.7068839830143918,70.6594960583933,-68.95261207537885,1.4210854715202004e-14,DIRECT_Q100_ANCHOR,L32_S990101,32
2.944663949607459,0.03270137289894332,42.53345471761295,-12.38191265854988,-35.40344227648923,-5.2519002174259555,82.70717630422556,82.88333914333003,77.28506982281043,82.73496203714238,0.9341283046472503,0.3801222291153254,0.0042213709184489075,0.85827378982702,0.004221370918448907,90.04710471047564,90.04710471047562,86.72231853175278,0.9630772561826071,291.58176325121104,-2.944663949607459,89.66698248136031,-86.72231853175278,1.4210854715202004e-14,DIRECT_Q200_UNIFORM,L32_S990101,32
6.939593902019264,0.050761958077716544,52.75535737474977,-23.067000037742503,-33.97099247502423,-4.282635138016786,107.14799800620322,105.29057284309857,100.42824459618534,105.27858321448868,0.9539285344634479,13.213309661687576,0.09665312993593235,0.7346156582054231,0.09665312993593234,136.70855429561541,136.7085542956154,116.5556507319085,0.8525849119863508,291.58176325121104,-6.939593902019264,123.49524463392784,-116.5556507319085,2.842170943040401e-14,DIRECT_Q400_UNIFORM,L32_S990101,32
11.387965037758452,0.06156068575967093,66.61574657508541,-33.75784124040601,-32.923615855005494,-0.06571052032577995,108.15279207428011,108.4880764058715,108.36220606272693,108.53809102188814,0.9983795093731127,42.867577464667036,0.23173213623600633,0.5857808391169153,0.23173213623600628,184.98762476779999,184.98762476779996,130.73208226537426,0.7067071780043216,291.58176325121104,-11.387965037758452,142.12004730313294,-130.73208226537426,2.842170943040401e-14,DIRECT_Q800_UNIFORM,L32_S990101,32
5.8704614018334365,0.054120769874966064,52.95567843503604,-15.970440565851703,-38.27222415595452,-1.286986286770457,93.45986162221223,93.35177059863932,90.15299874934917,93.36956729246984,0.9655501397682916,2.346218736519842,0.021630184686312122,0.8311356407739594,0.021630184686312122,108.46965805172071,108.46965805172071,100.25297791336752,0.9242490454387225,291.58176325121104,-5.8704614018334365,106.12343931520087,-100.25297791336752,0.0,DIRECT_Q400_BURST,L32_S990101,32
2.1332494046541437,0.018194900392517352,37.130022361575975,0.0,-79.12471670346518,-41.99469434188944,0.0,0.0,0.0,0.0,,0.0,0.0,,,0.0,117.24435740969716,115.1111080050431,0.9818050996074834,291.58176325121104,-2.1332494046541437,0.0,-115.1111080050431,-117.24435740969716,SINK_ONLY_Q800,L32_S990101,32
0.0,,87.63575486393414,-18.032707652769858,-31.45900727476669,38.14403993639772,136.50126260133177,136.33020285559726,134.96846165629933,136.2448207003079,0.990631871087297,0.0,,0.8821400664177736,0.0,153.00116930906918,0.0,0.0,,291.58176325121104,-0.0,153.00116930906918,-0.0,153.00116930906918,SOURCE_ONLY_Q800,L32_S990101,32
0.0,,65.74602550008358,0.0,-70.41836637531895,-4.67234087523542,,,0.0,,,0.0,,,,0.0,0.0,0.0,,291.75264445429724,-0.0,0.0,-0.0,0.0,SHAM,L32_S990102,32
1.838348081073945,0.028592261129720797,40.35307704374805,-7.469299026847487,-31.128093611143925,1.7556844057562984,60.87588049910003,61.126013343536655,56.8249200205749,60.93598912693322,0.9325346291204902,0.001083542796253447,1.6852596575512322e-05,0.8838113786125921,1.685259657551232e-05,64.29530259021864,64.29530259021863,62.45587096634844,0.971390886273704,291.75264445429724,-1.838348081073945,64.29421904742239,-62.45587096634844,1.4210854715202004e-14,DIRECT_Q100_ANCHOR,L32_S990102,32
2.968656730827795,0.03661639198773089,46.04978981721048,-9.980513474393533,-37.20915094048517,-1.139874597668566,75.07878600437782,75.45766441185738,71.03212116405525,75.32672479595622,0.94298698578049,0.06189427260579775,0.0007634243878703367,0.8761336281334835,0.0007634243878703366,81.07452891105459,81.07452891105457,78.04397790762097,0.9626201836243987,291.75264445429724,-2.968656730827795,81.01263463844879,-78.04397790762097,1.4210854715202004e-14,DIRECT_Q200_UNIFORM,L32_S990102,32
5.794373175611453,0.052068137316711706,56.40262606762273,-15.962361112192099,-41.37029504147519,-0.9300300860443258,98.17939573848668,97.96865501039548,93.45954856895024,97.89820660043718,0.9546604765743777,1.8625240286016884,0.016736608764704588,0.8398258898698692,0.016736608764704588,111.28443370974402,111.28443370974402,103.62753650553076,0.9311952539185826,291.75264445429724,-5.794373175611453,109.42190968114234,-103.62753650553076,0.0,DIRECT_Q400_UNIFORM,L32_S990102,32
14.340741953587088,0.06964088151326316,71.38019376522674,-33.49746538928761,-34.41943281053352,3.463295565405531,121.08616162350884,120.05832398414606,118.24795948623705,119.90055537433015,0.9862169455101046,54.1787627850793,0.26310052937722195,0.5742305497454656,0.26310052937722195,205.92418766060396,205.92418766060396,137.40468292193754,0.6672585891095147,291.75264445429724,-14.340741953587088,151.74542487552466,-137.40468292193754,0.0,DIRECT_Q800_UNIFORM,L32_S990102,32
5.301314350273431,0.05511505394061961,56.629643958101354,-12.474823761121513,-42.31348332287173,1.841336874108066,85.89632900022411,86.09728647877851,83.16973286141229,86.0656762668088,0.9663519357424334,0.5417658291327064,0.0056324622391602805,0.8646731753696578,0.005632462239160282,96.1863224516665,96.18632245166653,90.34324227226044,0.9392524838202206,291.75264445429724,-5.301314350273431,95.6445566225338,-90.34324227226044,-2.842170943040401e-14,DIRECT_Q400_BURST,L32_S990102,32
2.692154967266257,0.020828144966787494,37.70522434277662,0.0,-78.58837421721674,-40.88314987444011,0.0,0.0,0.0,0.0,,0.0,0.0,,,0.0,129.2556284565505,126.56347348928415,0.9791718550332117,291.75264445429724,-2.692154967266257,0.0,-126.56347348928415,-129.2556284565505,SINK_ONLY_Q800,L32_S990102,32
0.0,,90.09176215119996,-16.63147348209398,-32.89400301145383,40.56628565765146,126.94315753695854,126.88663878889854,125.35679453657903,126.69937391018362,0.9894034253511281,0.0,,0.8828672698514305,0.0,141.988268018673,0.0,0.0,,291.75264445429724,-0.0,141.988268018673,-0.0,141.988268018673,SOURCE_ONLY_Q800,L32_S990102,32
0.0,,66.74618799231077,0.0,-69.90243118387696,-3.156243191566773,,,0.0,,,0.0,,,,0.0,0.0,0.0,,296.32508273609125,-0.0,0.0,-0.0,0.0,SHAM,L32_S990103,32
1.7864861323983916,0.026140031831768145,37.683203972963746,-8.569497085365931,-33.03049084681676,-3.9167839592193445,64.06118410476776,64.25822609589645,59.771454908511195,64.06839127490703,0.932932039015021,0.001969081959660998,2.8811791018941147e-05,0.8745815070179067,2.8811791018941147e-05,68.34292107583678,68.34292107583678,66.5544658614787,0.9738311563772125,296.32508273609125,-1.7864861323983916,68.34095199387713,-66.5544658614787,0.0,DIRECT_Q100_ANCHOR,L32_S990103,32
2.778526350883968,0.032231545763237716,43.41322601048714,-11.500424296667049,-38.40653389656427,-6.493732182744168,79.6738442180055,79.78560415413243,74.60908412063854,79.64900731857854,0.9367233394663488,0.09567613369623237,0.0011098651919204143,0.8654825635979858,0.0011098651919204143,86.20518455100182,86.20518455100182,83.33098206642157,0.9666585890448413,296.32508273609125,-2.778526350883968,86.10950841730559,-83.33098206642157,0.0,DIRECT_Q200_UNIFORM,L32_S990103,32
6.220046145370372,0.0518338578436193,55.009630306692955,-18.14557403560326,-40.573422093880396,-3.709365822790801,103.03821104803008,102.69124602568947,98.38908991310247,102.54568185184927,0.9594659486027706,3.465012018612866,0.02887517812595217,0.8199112965929868,0.02887517812595217,119.9996759673186,119.9996759673186,110.31461780333527,0.9192909640304278,296.32508273609125,-6.220046145370372,116.53466394870573,-110.31461780333527,0.0,DIRECT_Q400_UNIFORM,L32_S990103,32
13.681928951242629,0.06584345032117282,69.78686730085255,-33.82992734420793,-34.32217338160626,1.6347665750381566,117.85625466652333,117.11783324290784,118.22771065342829,117.21322474620749,1.008655046471227,55.73719785170907,0.26823187219204747,0.5689636615375049,0.26823187219204747,207.7948358493453,207.7948358493453,138.37570904639358,0.6659246774867796,296.32508273609125,-13.681928951242629,152.05763799763622,-138.37570904639358,0.0,DIRECT_Q800_UNIFORM,L32_S990103,32
5.677645424015722,0.05551594073693898,54.05294976997254,-14.282794418138451,-41.86061075599869,-2.090455404164402,90.35574642844566,90.06067626842193,87.05919440881478,90.10282513180742,0.9662204740135478,0.9285545277764522,0.009079393707293817,0.8512636342103542,0.009079393707293817,102.27054335472968,102.27054335472968,95.66434340293753,0.9354046655557674,296.32508273609125,-5.677645424015722,101.34198882695323,-95.66434340293753,0.0,DIRECT_Q400_BURST,L32_S990103,32
2.4142007295014203,0.018908801584749294,35.97802438700268,0.0,-81.14872778554783,-45.170703398545314,0.0,0.0,0.0,0.0,,0.0,0.0,,,0.0,127.67603058718275,125.26182985768136,0.9810911984152509,296.32508273609125,-2.4142007295014203,0.0,-125.26182985768136,-127.67603058718275,SINK_ONLY_Q800,L32_S990103,32
0.0,,91.10344285965355,-17.403114794017824,-31.26050870100289,42.439819364632626,132.87133270699746,133.09131983524807,131.70910901390693,133.01900905146988,0.9901525349880174,0.0,,0.8832884766279442,0.0,149.11222380792475,0.0,0.0,,296.32508273609125,-0.0,149.11222380792475,-0.0,149.11222380792475,SOURCE_ONLY_Q800,L32_S990103,32
0.0,,63.01458873223775,0.0,-73.27055492823436,-10.255966195996791,,,0.0,,,0.0,,,,0.0,0.0,0.0,,298.4938045591001,-0.0,0.0,-0.0,0.0,SHAM,L32_S990104,32
1.7737153412385882,0.024568712001845374,37.31216417034841,-9.45735258050734,-33.03542583384623,-5.1806142440048575,67.88600612378956,68.04445780000579,62.72412307346787,67.84890663279226,0.9244677060595768,0.012595451802054462,0.00017446656780997798,0.8688265132127786,0.00017446656780997798,72.19407110577727,72.19407110577727,70.4077603127366,0.9752568214303443,298.4938045591001,-1.7737153412385882,72.18147565397521,-70.4077603127366,0.0,DIRECT_Q100_ANCHOR,L32_S990104,32
3.0200648884885974,0.033044062141386936,44.6643687730652,-12.239787385668421,-36.736910861241356,-4.312329473844045,83.42919862812744,83.87238194126972,78.79453879908326,83.74108017744457,0.9409305281484337,0.3607594305254775,0.003947251956676046,0.8621310245363165,0.003947251956676046,91.39508561527715,91.39508561527715,88.01426129626297,0.9630086859019359,298.4938045591001,-3.0200648884885974,91.03432618475168,-88.01426129626297,0.0,DIRECT_Q200_UNIFORM,L32_S990104,32
7.03360791310854,0.052804866390009725,54.61953959371278,-21.944362142436816,-37.13957068565311,-4.464393234376814,108.33580280559842,106.77796423849793,102.1867579002558,106.68483965040522,0.9578376668616726,9.068874464617506,0.06808464593532547,0.7671678837392722,0.06808464593532547,133.19999450731012,133.19999450731012,117.09751212958399,0.8791104876746642,298.4938045591001,-7.03360791310854,124.13112004269261,-117.09751212958399,0.0,DIRECT_Q400_UNIFORM,L32_S990104,32
13.516837498384799,0.06333627375825303,69.54088526343084,-35.39919228663773,-32.320018799171635,1.82167417762156,117.06730640476161,117.37292019393516,117.86247755358737,117.43801795406445,1.0036143287064752,60.15217180724773,0.28185693740807105,0.5522719456420181,0.28185693740807105,213.41384164747282,213.41384164747282,139.7448323418401,0.654806788833675,298.4938045591001,-13.516837498384799,153.2616698402251,-139.7448323418401,0.0,DIRECT_Q800_UNIFORM,L32_S990104,32
5.4970108710502865,0.05045214451361844,54.4851487283594,-15.999294930554669,-41.40043658432725,-2.914582786521919,94.92815818610622,94.65557419330793,91.03760803432985,94.62595304196034,0.9620786381296546,1.9180468007590452,0.017604035474153897,0.8355527512072376,0.017604035474153897,108.95494976564356,108.95494976564356,101.53989209383414,0.9319438200122269,298.4938045591001,-5.4970108710502865,107.03690296488452,-101.53989209383414,0.0,DIRECT_Q400_BURST,L32_S990104,32
2.4321109408261723,0.019662081733422355,36.278396493392094,0.0,-82.60512996480301,-46.326733471410705,0.0,0.0,0.0,0.0,,0.0,0.0,,,0.0,123.69549541094509,121.2633844701189,0.9803379182665775,298.4938045591001,-2.4321109408261723,0.0,-121.2633844701189,-123.69549541094509,SINK_ONLY_Q800,L32_S990104,32
0.0,,89.33331793650008,-17.765120690777877,-31.466224713834777,40.101972531887895,139.48620347060674,139.59004375538532,138.15048850078242,139.5144692315623,0.9902233744048728,0.0,,0.8860593831310926,0.0,155.9156091915603,0.0,0.0,,298.4938045591001,-0.0,155.9156091915603,-0.0,155.9156091915603,SOURCE_ONLY_Q800,L32_S990104,32
0.0,,66.58219100572423,0.0,-70.30655334220327,-3.7243623364793734,,,0.0,,,0.0,,,,0.0,0.0,0.0,,297.4880314386322,-0.0,0.0,-0.0,0.0,SHAM,L32_S990105,32
1.8708591686263258,0.026403880539592403,41.05430771887898,-7.880058446518412,-31.998350593031063,1.175898679329407,67.16314996954625,67.05962415124739,62.97428305618316,66.79344837500258,0.942821258495635,0.001121042699200095,1.5821542319080688e-05,0.8887710388713117,1.5821542319080688e-05,70.85546254540077,70.85546254540077,68.9834823340752,0.973580297918088,297.4880314386322,-1.8708591686263258,70.85434150270157,-68.9834823340752,0.0,DIRECT_Q100_ANCHOR,L32_S990105,32
2.9530077911313812,0.03334656473367951,47.046531103945455,-10.613497641542097,-37.02669417934435,-0.593660716940974,82.03173751626574,82.36231961755911,77.84468626709219,82.22005465878756,0.946784657224407,0.09689859282919411,0.001094218311270759,0.8790538506449442,0.001094218311270759,88.55508250146347,88.55508250146347,85.50517611750287,0.9655592169550494,297.4880314386322,-2.9530077911313812,88.45818390863428,-85.50517611750287,0.0,DIRECT_Q200_UNIFORM,L32_S990105,32
6.81949701463809,0.0553351406467217,56.34608423604631,-18.60311605954618,-38.30202555424452,-0.5590573777442955,106.08779900619554,105.46672854826316,100.38797726477695,105.33023812933104,0.9530784231353805,4.248803329704926,0.03447587546776846,0.8145736891243636,0.03447587546776846,123.23989665402806,123.23989665402806,112.17159630968499,0.9101889838855094,297.4880314386322,-6.81949701463809,118.99109332432313,-112.17159630968499,0.0,DIRECT_Q400_UNIFORM,L32_S990105,32
14.422871974714973,0.06858535906557209,72.86273749659759,-32.978403854786976,-32.08350967270101,7.800823969109786,120.02739139847053,119.6975036767469,120.491336446615,119.79164408364376,1.0058409112615792,56.82108810886797,0.2702024074868926,0.5729747576605703,0.2702024074868926,210.29082841026994,210.29082841026994,139.0468683266869,0.6612122334475349,297.4880314386322,-14.422871974714973,153.46974030140197,-139.0468683266869,0.0,DIRECT_Q800_UNIFORM,L32_S990105,32
5.819834369472855,0.055450452666479966,57.345575775799546,-13.93006892580108,-40.18333581749273,3.232171032505761,92.92101101346486,92.94222973695486,89.88243644933739,92.87275130499509,0.9678020214364332,1.143073697906165,0.010891023688322796,0.8563855036880224,0.010891023688322793,104.95557907304463,104.9555790730446,97.99267100566554,0.9336585236451969,297.4880314386322,-5.819834369472855,103.81250537513847,-97.99267100566554,2.842170943040401e-14,DIRECT_Q400_BURST,L32_S990105,32
2.6896353992402493,0.02107666112989713,38.002845512881414,0.0,-79.66162063827286,-41.658775125391344,0.0,0.0,0.0,0.0,,0.0,0.0,,,0.0,127.61202463064777,124.92238923140746,0.9789233388701024,297.4880314386322,-2.6896353992402493,0.0,-124.92238923140746,-127.61202463064777,SINK_ONLY_Q800,L32_S990105,32
0.0,,90.50499830861058,-16.85092687088357,-33.13605534022747,40.5180160974989,135.26545293707827,135.3343032062785,133.71547096347373,135.26113688450928,0.9885727271214991,0.0,,0.8880830841857438,0.0,150.5663978343573,0.0,0.0,,297.4880314386322,-0.0,150.5663978343573,-0.0,150.5663978343573,SOURCE_ONLY_Q800,L32_S990105,32
0.0,,66.89461464190897,0.0,-69.56100348034485,-2.6663888384358074,,,0.0,,,0.0,,,,0.0,0.0,0.0,,297.1541078909197,-0.0,0.0,-0.0,0.0,SHAM,L32_S990106,32
1.6423737916439411,0.025368070679309632,38.54949558326593,-7.997481276826065,-31.83973212603044,-1.2877178195907817,61.056309944646735,61.16985068648968,56.74306307932727,60.896499419728244,0.9317951544016764,0.001225422321448591,1.8927847132409045e-05,0.8764521463266067,1.892784713240905e-05,64.74176977847479,64.7417697784748,63.09817056450942,0.974613001473558,297.1541078909197,-1.6423737916439411,64.74054435615334,-63.09817056450942,-1.4210854715202004e-14,DIRECT_Q100_ANCHOR,L32_S990106,32
2.6060247704943205,0.031818906126591766,46.13663509934799,-9.840548336931548,-38.293325355287536,-1.997238592870815,75.58250890668246,75.95517684046926,71.99481399215362,75.82426679140461,0.9494956830933037,0.06640890485450564,0.0008108360033486811,0.8790385471214246,0.0008108360033486811,81.90177123393968,81.90177123393968,79.22933755859084,0.9673702578700594,297.1541078909197,-2.6060247704943205,81.83536232908517,-79.22933755859084,0.0,DIRECT_Q200_UNIFORM,L32_S990106,32
5.3604753794523505,0.047599880625541685,54.912388475527536,-16.750327453561383,-42.70972678199966,-4.54766576003351,98.9770292117267,98.31455108951866,93.86854009275542,98.17689160829885,0.9561164399792503,1.996443857971996,0.017727996602564685,0.8335326601883425,0.017727996602564685,112.6153114042888,112.6153114042888,105.2583921668644,0.934672122771893,297.1541078909197,-5.3604753794523505,110.6188675463168,-105.2583921668644,0.0,DIRECT_Q400_UNIFORM,L32_S990106,32
13.96842665316221,0.06692328564359809,70.27134255557847,-34.2813676804013,-35.38057198958191,0.6094028855953866,121.71074003477975,121.0564139447034,118.50019566286292,121.34273421998667,0.9765742994387253,55.94140234541211,0.26801747551274396,0.5677391334100415,0.26801747551274396,208.72296568867634,208.72296568867634,138.81313669010197,0.6650592388436577,297.1541078909197,-13.96842665316221,152.78156334326422,-138.81313669010197,0.0,DIRECT_Q800_UNIFORM,L32_S990106,32
5.32354155937885,0.05475785173195401,56.1008610436362,-12.767710224215207,-43.082481664039506,0.25066915538184276,86.88880824982019,86.94496489801328,83.91203170888632,86.92570205276463,0.9653305032607158,0.5399515172222599,0.005553931493295215,0.8631176331754505,0.005553931493295215,97.21969345032379,97.21969345032379,91.35620037372263,0.9396882167747502,297.1541078909197,-5.32354155937885,96.67974193310152,-91.35620037372263,0.0,DIRECT_Q400_BURST,L32_S990106,32
2.2046088469926786,0.017017653491927166,36.42953949831574,0.0,-81.02322055837064,-44.593681060054905,0.0,0.0,0.0,0.0,,0.0,0.0,,,0.0,129.54834507815667,127.34373623116406,0.9829823465080734,297.1541078909197,-2.2046088469926786,0.0,-127.34373623116406,-129.54834507815667,SINK_ONLY_Q800,L32_S990106,32
0.0,,89.73025030033013,-17.165381534513813,-33.217303020482916,39.3475657453335,128.39792884986818,128.60653436032564,126.4439533609862,128.53473510873243,0.9837337218925486,0.0,,0.8804716869763061,0.0,143.6093348955,0.0,0.0,,297.1541078909197,-0.0,143.6093348955,-0.0,143.6093348955,SOURCE_ONLY_Q800,L32_S990106,32
0.0,,66.73808877290891,0.0,-69.8338389747532,-3.0957502018442824,,,0.0,,,0.0,,,,0.0,0.0,0.0,,297.2753797726278,-0.0,0.0,-0.0,0.0,SHAM,L32_S990107,32
1.769140736617703,0.026892278261529717,40.166868061026236,-7.921296260375257,-31.036268978048255,1.2093028226020692,62.35372899811369,62.54407901869588,57.86326152443985,62.34955685576126,0.9280460751036298,0.0016400007595230093,2.4929252863472573e-05,0.8795653719499185,2.4929252863472573e-05,65.78619778557463,65.78619778557463,64.01541704819742,0.973082792485607,297.2753797726278,-1.769140736617703,65.7845577848151,-64.01541704819742,0.0,DIRECT_Q100_ANCHOR,L32_S990107,32
2.8218918168693854,0.034035909931773724,46.95806588579195,-10.113060940804843,-37.07604801180588,-0.23104306681881326,76.68196147980608,77.05392812007534,72.72539327524872,76.87575733571435,0.9460120562800948,0.07079729289609703,0.0008539130628679573,0.8771686144989302,0.0008539130628679573,82.90925150894967,82.90925150894967,80.0165623991841,0.9651101770053573,297.2753797726278,-2.8218918168693854,82.83845421605356,-80.0165623991841,0.0,DIRECT_Q200_UNIFORM,L32_S990107,32
5.647484161492991,0.04972205388056429,56.744551254808705,-16.478620755953784,-41.47452651559466,-1.2085960167393637,99.85760978531812,99.66628628757394,95.0821747873847,99.50089429623075,0.9555911578473778,2.0202760483263984,0.017787083886560688,0.8371304606916764,0.017787083886560688,113.58107159166488,113.58107159166488,105.91331138184547,0.9324908622328749,297.2753797726278,-5.647484161492991,111.56079554333849,-105.91331138184547,0.0,DIRECT_Q400_UNIFORM,L32_S990107,32
14.376096372985838,0.06918436588309046,72.94879720307749,-34.142175359170565,-34.29762892344405,4.508992920463015,125.48438218815097,122.35290459277151,120.61139996217584,121.52875145192195,0.9924515682191549,53.04042827303413,0.25525485507546436,0.580437346005482,0.25525485507546436,207.79400359438054,207.79400359438054,140.37747894836045,0.6755607790414445,297.2753797726278,-14.376096372985838,154.7535753213464,-140.37747894836045,0.0,DIRECT_Q800_UNIFORM,L32_S990107,32
5.281618940124435,0.05384059123688027,57.0639625406568,-12.797539899588855,-42.56108440030026,1.7053382407675741,87.7246524911624,87.69231227516714,84.70272001230067,87.5469381261726,0.9675120778093593,0.5970829810796756,0.006086637654713375,0.8634558033311568,0.006086637654713373,98.09734289296921,98.09734289296917,92.21864097176508,0.9400727711084066,297.2753797726278,-5.281618940124435,97.50025991188953,-92.21864097176508,4.263256414560601e-14,DIRECT_Q400_BURST,L32_S990107,32
2.6065121258552453,0.01978985090507673,38.217295446068334,0.0,-79.12109671680591,-40.9038012707378,0.0,0.0,0.0,0.0,,0.0,0.0,,,0.0,131.70953830615224,129.10302618029712,0.9802101490949242,297.2753797726278,-2.6065121258552453,0.0,-129.10302618029712,-131.70953830615224,SINK_ONLY_Q800,L32_S990107,32
0.0,,91.33841479123834,-16.314224240792868,-32.937116637771794,42.08707391267325,130.20422490262877,130.02495325440114,128.5965009535586,129.9520124652427,0.9895691379766309,0.0,,0.8874187937510316,0.0,144.91072519435147,0.0,0.0,,297.2753797726278,-0.0,144.91072519435147,-0.0,144.91072519435147,SOURCE_ONLY_Q800,L32_S990107,32
0.0,,62.153854892754204,0.0,-73.85333562468628,-11.699480731932226,,,0.0,,,0.0,,,,0.0,0.0,0.0,,299.1297562737477,-0.0,0.0,-0.0,0.0,SHAM,L32_S990108,32
1.6110912267614301,0.022585540685617418,36.44062980130714,-8.97202230323878,-33.33940843873111,-5.870800940662832,66.78312582989784,67.22575567219943,62.35955369365973,67.03558454307121,0.9302455422551426,0.0012846676850365082,1.8009479404971348e-05,0.8742051435015695,1.8009479404971348e-05,71.33286066458355,71.33286066458355,69.72048477013712,0.9773964498349781,299.1297562737477,-1.6110912267614301,71.33157599689851,-69.72048477013712,0.0,DIRECT_Q100_ANCHOR,L32_S990108,32
2.5907910638058134,0.028933177499801673,42.15279254979012,-12.017561559111911,-37.4673824402399,-7.332151449561877,82.66492083327242,82.9325647982313,77.43518170530308,82.79028448778774,0.9353172559362979,0.0912089621792827,0.0010185943317363865,0.8647728828112311,0.0010185943317363865,89.54395222659427,89.54395222659427,86.86195220060918,0.970048228168462,299.1297562737477,-2.5907910638058134,89.45274326441499,-86.86195220060918,0.0,DIRECT_Q200_UNIFORM,L32_S990108,32
6.399465807922193,0.050731998708671185,51.68804059792628,-20.30513744152313,-39.22375603333218,-7.840852876929262,106.02251628667894,105.91613340987747,100.67536993453098,105.652471909979,0.952891760263889,5.162084495225498,0.04092261320025097,0.7981076687980513,0.04092261320025097,126.1425918712796,126.1425918712796,114.58104156813191,0.9083453880910778,299.1297562737477,-6.399465807922193,120.9805073760541,-114.58104156813191,0.0,DIRECT_Q400_UNIFORM,L32_S990108,32
12.705612916503226,0.06221747932534526,67.07575342230149,-34.509656001178385,-34.118199635408445,-1.5521022142852985,117.36237328823175,117.38377050678965,117.9599183021724,117.2964463242026,1.0056563689588343,51.74334229623569,0.25337938049086395,0.5776320140094962,0.25337938049086395,204.21291659958646,204.21291659958646,139.7639613868474,0.68440314018379,299.1297562737477,-12.705612916503226,152.46957430335078,-139.7639613868474,0.0,DIRECT_Q800_UNIFORM,L32_S990108,32
5.445757007410531,0.05124855010196541,52.9240800609288,-15.061499780898828,-41.76882980969539,-3.906249529665402,93.12392417330956,93.01681634160826,90.07211661925741,93.02509150760974,0.9682561463741127,1.1280631317625287,0.01061589781689534,0.8476443908662449,0.01061589781689534,106.26167953191877,106.26167953191876,99.6878593927458,0.9381355520811403,299.1297562737477,-5.445757007410531,105.13361640015624,-99.6878593927458,1.4210854715202004e-14,DIRECT_Q400_BURST,L32_S990108,32
2.402128566763979,0.01880801758625029,34.578862513853174,0.0,-82.15891513617706,-47.58005262232416,0.0,0.0,0.0,0.0,,0.0,0.0,,,0.0,127.71832840692733,125.31619984016342,0.9811919824137503,299.1297562737477,-2.402128566763979,0.0,-125.31619984016342,-127.71832840692733,SINK_ONLY_Q800,L32_S990108,32
0.0,,87.30856064612888,-18.610015312911116,-31.877697227457134,36.82084810575961,136.03748698736825,135.96698305362008,134.32333825797852,135.8948907990428,0.9884355288721763,0.0,,0.8783129063845136,0.0,152.93335357088964,0.0,0.0,,299.1297562737477,-0.0,152.93335357088964,-0.0,152.93335357088964,SOURCE_ONLY_Q800,L32_S990108,32
