ENDPOINT_MET,L,arm,failure_reason,ok_capture_counter,ok_coast_retention_ratio,ok_durable_128,ok_field_identity_residual,ok_fresh_retention_2048,ok_fresh_retention_post_force,ok_incorporation_16,ok_incumbent_256_egress,ok_never_merged,ok_no_direct_operator_insertion,ok_paired_sham_mass_difference,ok_remote_dynamic_contact,ok_same_track_valid,ok_sink_matched_replacement_2048,ok_sink_matched_replacement_post_force,ok_system_balance_residual,ok_tracked_mass_2048,ok_tracked_mass_post_force,seed,t256_status,val_capture_by_merger,val_coast_retention_ratio,val_direct_operator_insertion,val_durable_incorporation_128,val_field_identity_residual,val_fresh_retention_2048,val_fresh_retention_postforce,val_incorporation_16,val_mass_ratio_2048,val_mass_ratio_postforce,val_sham_mass_ratio_2048,val_sink_matched_replacement_2048,val_sink_matched_replacement_postforce,val_system_balance_residual,val_unique_capture_transport,val_unique_contact,val_unique_incumbent_egress_to_sink
False,24,SHAM,remote_dynamic_contact|capture_counter|incorporation_16|durable_128|incumbent_256_egress|fresh_retention_post_force|fresh_retention_2048|coast_retention_ratio|sink_matched_replacement_post_force|sink_matched_replacement_2048,False,False,False,True,False,False,False,False,True,True,True,False,True,False,False,True,True,True,980000,T256_VALID_TRACK,0.0,,0.0,0.0,3.219646771412954e-15,0.0,0.0,0.0,0.9920832456020006,0.9950440772608599,0.9920832456020006,0.0,0.0,0.0,0.0,0.0,0.0
False,24,D1_LEGACY_Q005,remote_dynamic_contact|capture_counter|incorporation_16|durable_128|incumbent_256_egress|fresh_retention_post_force|fresh_retention_2048|coast_retention_ratio|sink_matched_replacement_post_force|sink_matched_replacement_2048,False,False,False,True,False,False,False,False,True,True,True,False,True,False,False,True,True,True,980000,T256_VALID_TRACK,0.0,,0.0,0.0,3.219646771412954e-15,0.0,0.0,0.0,0.9920832456020006,0.9950440772608599,0.9920832456020006,0.0,0.0,0.0,0.0,0.0,0.0
False,24,D1_REDESIGNED_Q005,remote_dynamic_contact|capture_counter|incorporation_16|durable_128|incumbent_256_egress|fresh_retention_post_force|fresh_retention_2048|sink_matched_replacement_post_force|sink_matched_replacement_2048,False,True,False,True,False,False,False,False,True,True,True,False,True,False,False,True,True,True,980000,T256_VALID_TRACK,0.0,1.010068744806548,0.0,2.307935423454869,2.886579864025407e-15,0.01360937816180841,0.013473714766231014,2.308271060250371,1.0089172090603622,0.9999829369166815,0.9920832456020006,0.01360937816180841,0.013473714766231014,0.0,1.9310622748554735,2.4570107885103742,3.558665666578534
False,24,D2_REDESIGNED_Q005,remote_dynamic_contact|capture_counter|incorporation_16|durable_128|fresh_retention_post_force|sink_matched_replacement_post_force,False,True,False,True,True,False,False,True,True,True,True,False,True,True,False,True,True,True,980000,T256_VALID_TRACK,0.0,1.1084603487210152,0.0,3.5432299897669646,3.3306690738754696e-15,0.021268702760620928,0.019187608095464655,3.5990519068657605,0.9804376363907357,0.9610993566060096,0.9920832456020006,0.021268702760620928,0.019187608095464655,1.1368683772161603e-13,2.8871638361166316,4.826300844259642,7.017802531262148
False,24,D2_REDESIGNED_Q020,never_merged|capture_counter,False,True,True,True,True,True,True,True,False,True,True,True,True,True,True,True,True,True,980000,T256_VALID_TRACK,2.031190614983305,0.993725396711749,0.0,6.87867215407749,2.6645352591003757e-15,0.03987452814654677,0.040126304790530795,7.063421649998029,0.9807641310289998,0.9639154842907088,0.9920832456020006,0.03987452814654677,0.040126304790530795,0.0,5.170722905573404,8.124365085361983,13.30328778315547
False,24,D2_REDESIGNED_Q050,never_merged|capture_counter,False,True,True,True,True,True,True,True,False,True,True,True,True,True,True,True,True,True,980000,T256_VALID_TRACK,1.7207512949299602,0.9957690567636573,0.0,8.822593438027775,2.886579864025407e-15,0.050791999574115156,0.05100781072590658,9.829300517967742,1.0001115203908968,0.9895474263962432,0.9920832456020006,0.050791999574115156,0.05100781072590658,5.684341886080802e-14,6.2238049372197075,7.153580949679363,15.355913409248604
False,24,D2_REDESIGNED_Q100,never_merged|remote_dynamic_contact,True,True,True,True,True,True,True,True,False,True,True,False,True,True,True,True,True,True,980000,T256_VALID_TRACK,3.5769042084254035,0.9922474014695974,0.0,12.621790768293469,2.6645352591003757e-15,0.05906325268900339,0.05952472397662721,14.219567441317416,0.999190952820022,0.9976500836259489,0.9920832456020006,0.05906325268900339,0.05952472397662721,5.684341886080802e-14,7.188850460172784,6.114432563829846,17.428044956662216
False,24,DIRECT_INTERFACE_Q100,no_direct_operator_insertion|remote_dynamic_contact,True,True,True,True,True,True,True,True,True,False,True,False,True,True,True,True,True,True,980000,T256_VALID_TRACK,0.0,0.9796609034832311,46.19963309462356,43.33091471585057,5.773159728050814e-15,0.25120276418803905,0.2564180761882766,43.47868142749624,1.009009766616966,0.9715494776093703,0.9920832456020006,0.25120276418803905,0.2564180761882766,0.0,10.474157158822964,5.1790412831033485,44.554177322087625
False,24,SHAM,remote_dynamic_contact|capture_counter|incorporation_16|durable_128|incumbent_256_egress|fresh_retention_post_force|fresh_retention_2048|coast_retention_ratio|sink_matched_replacement_post_force|sink_matched_replacement_2048,False,False,False,True,False,False,False,False,True,True,True,False,True,False,False,True,True,True,980001,T256_VALID_TRACK,0.0,,0.0,0.0,3.1086244689504383e-15,0.0,0.0,0.0,0.9902992089128195,0.9938285928280538,0.9902992089128195,0.0,0.0,0.0,0.0,0.0,0.0
False,24,D1_LEGACY_Q005,remote_dynamic_contact|capture_counter|incorporation_16|durable_128|incumbent_256_egress|fresh_retention_post_force|fresh_retention_2048|coast_retention_ratio|sink_matched_replacement_post_force|sink_matched_replacement_2048,False,False,False,True,False,False,False,False,True,True,True,False,True,False,False,True,True,True,980001,T256_VALID_TRACK,0.0,,0.0,0.0,3.1086244689504383e-15,0.0,0.0,0.0,0.9902992089128195,0.9938285928280538,0.9902992089128195,0.0,0.0,0.0,0.0,0.0,0.0
False,24,D1_REDESIGNED_Q005,remote_dynamic_contact|capture_counter|incorporation_16|durable_128|incumbent_256_egress|fresh_retention_post_force|fresh_retention_2048|sink_matched_replacement_post_force|sink_matched_replacement_2048,False,True,False,True,False,False,False,False,True,True,True,False,True,False,False,True,True,True,980001,T256_VALID_TRACK,0.0,1.0391165439982464,0.0,2.6258645281603634,2.6645352591003757e-15,0.016087745469434,0.015482137747064058,2.6504286881913677,0.9718972178955115,0.9711473934117496,0.9902992089128195,0.016087745469434,0.015482137747064058,0.0,2.431545414951048,2.592196585734574,4.421135300718841
False,24,D2_REDESIGNED_Q005,remote_dynamic_contact|capture_counter|incorporation_16|durable_128|fresh_retention_post_force|sink_matched_replacement_post_force,False,True,False,True,True,False,False,True,True,True,True,False,True,True,False,True,True,True,980001,T256_VALID_TRACK,0.0,1.0971164488760847,0.0,3.7048161791600243,3.3306690738754696e-15,0.02294390540713841,0.02091291715719216,3.752418596349525,0.9731353438270967,0.954410200963778,0.9902992089128195,0.02294390540713841,0.02091291715719216,2.842170943040401e-14,2.7976094396911964,4.720409178950959,6.645016926480904
False,24,D2_REDESIGNED_Q020,never_merged|capture_counter,False,True,True,True,True,True,True,True,False,True,True,True,True,True,True,True,True,True,980001,T256_VALID_TRACK,0.9566184986301264,1.0392540735880338,0.0,7.718676800642939,2.9976021664879227e-15,0.046998047454223583,0.045222865754052245,7.7742822091261505,0.955066142640335,0.9349724178732978,0.9902992089128195,0.046998047454223583,0.045222865754052245,5.684341886080802e-14,5.750762895262202,8.054447607423192,15.080604691375974
False,24,D2_REDESIGNED_Q050,capture_counter,False,True,True,True,True,True,True,True,True,True,True,True,True,True,True,True,True,True,980001,T256_VALID_TRACK,0.0,0.9989889553081183,0.0,8.624585935585795,2.6645352591003757e-15,0.05273072009954055,0.0527840871706903,9.242122518686424,0.9605290811479708,0.9464102797126182,0.9902992089128195,0.05273072009954055,0.0527840871706903,2.842170943040401e-14,6.524239383631094,8.359789005949523,16.780653858356096
False,24,D2_REDESIGNED_Q100,never_merged,True,True,True,True,True,True,True,True,False,True,True,True,True,True,True,True,True,True,980001,T256_VALID_TRACK,1.7620835164949078,0.9776792165012818,0.0,11.167119151811937,3.219646771412954e-15,0.05955332664648309,0.060912951448022334,12.135505111854945,0.9669850771937621,0.959259897954715,0.9902992089128195,0.05955332664648309,0.060912951448022334,2.842170943040401e-14,7.238541991019742,7.949937730325919,18.483554225138764
False,24,DIRECT_INTERFACE_Q100,no_direct_operator_insertion|remote_dynamic_contact,True,True,True,True,True,True,True,True,True,False,True,False,True,True,True,True,True,True,980001,T256_VALID_TRACK,0.0,0.979032308686642,46.1773304586877,42.637789041991496,4.9960036108132044e-15,0.2567056679452071,0.2622034693518686,42.8924727968727,0.9907114621905065,0.9500535114252106,0.9902992089128195,0.2567056679452071,0.2622034693518686,2.842170943040401e-14,10.387943203690007,5.18770331685308,44.43783257707792
False,24,SHAM,remote_dynamic_contact|capture_counter|incorporation_16|durable_128|incumbent_256_egress|fresh_retention_post_force|fresh_retention_2048|coast_retention_ratio|sink_matched_replacement_post_force|sink_matched_replacement_2048,False,False,False,True,False,False,False,False,True,True,True,False,True,False,False,True,True,True,980002,T256_VALID_TRACK,0.0,,0.0,0.0,3.1086244689504383e-15,0.0,0.0,0.0,0.9742092709139913,0.9774131321993762,0.9742092709139913,0.0,0.0,2.842170943040401e-14,0.0,0.0,0.0
False,24,D1_LEGACY_Q005,remote_dynamic_contact|capture_counter|incorporation_16|durable_128|incumbent_256_egress|fresh_retention_post_force|fresh_retention_2048|sink_matched_replacement_post_force|sink_matched_replacement_2048,False,True,False,True,False,False,False,False,True,True,True,False,True,False,False,True,True,True,980002,T256_VALID_TRACK,0.0,1.050271622814631,0.0,0.12797206199191236,2.9976021664879227e-15,0.0007828430264351195,0.0007453719680030699,0.12895937085047782,0.9817953194407528,0.9821804254510498,0.9742092709139913,0.0007828430264351195,0.0007453719680030699,2.842170943040401e-14,0.15073173649159508,0.26719520490795534,0.2166020886925951
False,24,D1_REDESIGNED_Q005,remote_dynamic_contact|capture_counter|incorporation_16|durable_128|incumbent_256_egress|fresh_retention_post_force|fresh_retention_2048|sink_matched_replacement_post_force|sink_matched_replacement_2048,False,True,False,True,False,False,False,False,True,True,True,False,True,False,False,True,True,True,980002,T256_VALID_TRACK,0.0,1.0193559042815015,0.0,2.894047658305953,2.886579864025407e-15,0.01738845350884413,0.017058275167494592,2.906919513127146,0.9790098944507999,0.964205074234508,0.9742092709139913,0.01738845350884413,0.017058275167494592,0.0,2.573144058584742,2.8366241121970392,4.791792819351804
False,24,D2_REDESIGNED_Q005,remote_dynamic_contact|capture_counter|incorporation_16|durable_128|fresh_retention_post_force|sink_matched_replacement_post_force,False,True,False,True,True,False,False,True,True,True,True,False,True,True,False,True,True,True,980002,T256_VALID_TRACK,0.0,1.0967275754227408,0.0,3.445469324324489,3.1086244689504383e-15,0.02125488274827991,0.019380275671546852,3.498280412205788,0.9554790039492691,0.9367508670511276,0.9742092709139913,0.02125488274827991,0.019380275671546852,2.842170943040401e-14,2.7145904881167615,4.84979003714365,6.92783227493215
False,24,D2_REDESIGNED_Q020,never_merged|capture_counter,False,True,True,True,True,True,True,True,False,True,True,True,True,True,True,True,True,True,980002,T256_VALID_TRACK,0.880837243409992,1.0280435538671318,0.0,7.808781279218114,3.9968028886505635e-15,0.04781528553551216,0.04651095311638129,7.8757990509583164,0.9399145067771627,0.9246947250238796,0.9742092709139913,0.04781528553551216,0.04651095311638129,2.842170943040401e-14,5.907267755942875,9.480223748493286,16.00137374514557
True,24,D2_REDESIGNED_Q050,OK,True,True,True,True,True,True,True,True,True,True,True,True,True,True,True,True,True,True,980002,T256_VALID_TRACK,0.0,0.973971440680614,0.0,8.92966639159335,2.4424906541753444e-15,0.05304496858806991,0.054462550309485394,9.802295785541427,0.9509074741382648,0.9449259649259087,0.9742092709139913,0.05304496858806991,0.054462550309485394,2.842170943040401e-14,6.720645955935175,8.952756358105308,17.555285733512136
False,24,D2_REDESIGNED_Q100,never_merged,True,True,True,True,True,True,True,True,False,True,True,True,True,True,True,True,True,True,980002,T256_VALID_TRACK,1.8206927396351855,0.9654014598501756,0.0,11.291420514754769,2.6645352591003757e-15,0.05883430443124363,0.06094283764639672,12.205980707456963,0.9609602291894868,0.9530845617136399,0.9742092709139913,0.05883430443124363,0.06094283764639672,2.842170943040401e-14,7.32165319158617,8.51687326382659,19.05045146279978
False,24,DIRECT_INTERFACE_Q100,no_direct_operator_insertion|remote_dynamic_contact,True,True,True,True,True,True,True,True,True,False,True,False,True,True,True,True,True,True,980002,T256_VALID_TRACK,0.0,0.9812616355895748,47.61345777030388,43.921718687759764,6.328271240363392e-15,0.2623567467782521,0.26736676260722186,44.051796679499546,0.9844544575513896,0.9364697052799669,0.9742092709139913,0.2623567467782521,0.26736676260722186,0.0,10.374789421905177,5.575856606052552,46.112565540510474
False,24,SHAM,remote_dynamic_contact|capture_counter|incorporation_16|durable_128|incumbent_256_egress|fresh_retention_post_force|fresh_retention_2048|coast_retention_ratio|sink_matched_replacement_post_force|sink_matched_replacement_2048,False,False,False,True,False,False,False,False,True,True,True,False,True,False,False,True,True,True,980003,T256_VALID_TRACK,0.0,,0.0,0.0,3.4416913763379853e-15,0.0,0.0,0.0,0.9793938091159987,0.9798309405025439,0.9793938091159987,0.0,0.0,0.0,0.0,0.0,0.0
False,24,D1_LEGACY_Q005,remote_dynamic_contact|capture_counter|incorporation_16|durable_128|incumbent_256_egress|fresh_retention_post_force|fresh_retention_2048|sink_matched_replacement_post_force|sink_matched_replacement_2048,False,True,False,True,False,False,False,False,True,True,True,False,True,False,False,True,True,True,980003,T256_VALID_TRACK,0.0,1.0597457247077444,0.0,0.03909977900251806,2.886579864025407e-15,0.0002347245403194955,0.00022149137745682115,0.039501754293294285,0.9792102179997952,0.9796378026499888,0.9793938091159987,0.0002347245403194955,0.00022149137745682115,0.0,0.05049229394725193,0.11704262461614467,0.06778048229676391
False,24,D1_REDESIGNED_Q005,remote_dynamic_contact|capture_counter|incorporation_16|durable_128|incumbent_256_egress|fresh_retention_post_force|fresh_retention_2048|sink_matched_replacement_post_force|sink_matched_replacement_2048,False,True,False,True,False,False,False,False,True,True,True,False,True,False,False,True,True,True,980003,T256_VALID_TRACK,0.0,0.9998919583283534,0.0,2.7251938458922234,2.7755575615628914e-15,0.015935366981087235,0.015937088850807857,2.7380440897303853,0.9878038556315791,0.9785986387230223,0.9793938091159987,0.015935366981087235,0.015937088850807857,0.0,2.289082394752426,2.8951621462245325,4.534987768825056
False,24,D2_REDESIGNED_Q005,remote_dynamic_contact|capture_counter|incorporation_16|durable_128|fresh_retention_post_force|sink_matched_replacement_post_force,False,True,False,True,True,False,False,True,True,True,True,False,True,True,False,True,True,True,980003,T256_VALID_TRACK,0.0,1.0915486784223862,0.0,3.525611970408099,2.3314683517128287e-15,0.021266752458616926,0.019483100368325977,3.5773987976687716,0.9663750767324987,0.9397324116145652,0.9793938091159987,0.021266752458616926,0.019483100368325977,5.684341886080802e-14,2.832091989816505,4.551204524671042,7.169417116904869
False,24,D2_REDESIGNED_Q020,never_merged|capture_counter,False,True,True,True,True,True,True,True,False,True,True,True,True,True,True,True,True,True,980003,T256_VALID_TRACK,1.03262793541461,1.029165799215804,0.0,7.467192965153852,2.7755575615628914e-15,0.044632178785166406,0.04336733577735958,7.515235706737448,0.9634858965543486,0.9407039277482266,0.9793938091159987,0.044632178785166406,0.04336733577735958,5.684341886080802e-14,5.488069761665134,9.069444030566963,14.714152519399612
False,24,D2_REDESIGNED_Q050,never_merged|capture_counter,False,True,True,True,True,True,True,True,False,True,True,True,True,True,True,True,True,True,980003,T256_VALID_TRACK,1.718447064069631,0.9933784476976608,0.0,8.92113402589083,2.9976021664879227e-15,0.05147444501539388,0.05181755768377649,10.294720257152445,0.9712565398385054,0.9598777747504393,0.9793938091159987,0.05147444501539388,0.05181755768377649,0.0,6.461603002642758,8.047469990437834,16.37317569548516
False,24,D2_REDESIGNED_Q100,never_merged,True,True,True,True,True,True,True,True,False,True,True,True,True,True,True,True,True,True,980003,T256_VALID_TRACK,4.1506286416370575,1.0277867240224616,0.0,12.448865090486672,3.1086244689504383e-15,0.06120481907489474,0.059550116424307055,13.579235409990186,0.9753883486950219,0.9677412872604539,0.9793938091159987,0.06120481907489474,0.059550116424307055,5.684341886080802e-14,7.218060550136994,7.311664029839357,18.475670870790438
False,24,DIRECT_INTERFACE_Q100,no_direct_operator_insertion|remote_dynamic_contact,True,True,True,True,True,True,True,True,True,False,True,False,True,True,True,True,True,True,980003,T256_VALID_TRACK,0.0,0.9869374500963186,46.32099935047139,42.81964399254777,5.88418203051333e-15,0.25203279168467724,0.2553685561937897,43.03753641529611,1.0011247678051176,0.9470374973898836,0.9793938091159987,0.25203279168467724,0.2553685561937897,0.0,10.466007202514062,5.535445818895401,44.48875246188219
False,24,SHAM,remote_dynamic_contact|capture_counter|incorporation_16|durable_128|incumbent_256_egress|fresh_retention_post_force|fresh_retention_2048|coast_retention_ratio|sink_matched_replacement_post_force|sink_matched_replacement_2048,False,False,False,True,False,False,False,False,True,True,True,False,True,False,False,True,True,True,980004,T256_VALID_TRACK,0.0,,0.0,0.0,3.3306690738754696e-15,0.0,0.0,0.0,1.0038817619841078,1.0067278749955213,1.0038817619841078,0.0,0.0,5.684341886080802e-14,0.0,0.0,0.0
False,24,D1_LEGACY_Q005,remote_dynamic_contact|capture_counter|incorporation_16|durable_128|incumbent_256_egress|fresh_retention_post_force|fresh_retention_2048|coast_retention_ratio|sink_matched_replacement_post_force|sink_matched_replacement_2048,False,False,False,True,False,False,False,False,True,True,True,False,True,False,False,True,True,True,980004,T256_VALID_TRACK,0.0,,0.0,0.0,3.3306690738754696e-15,0.0,0.0,0.0,1.0038817619841078,1.0067278749955213,1.0038817619841078,0.0,0.0,5.684341886080802e-14,0.0,0.0,0.0
False,24,D1_REDESIGNED_Q005,remote_dynamic_contact|capture_counter|incorporation_16|durable_128|incumbent_256_egress|fresh_retention_post_force|fresh_retention_2048|sink_matched_replacement_post_force|sink_matched_replacement_2048,False,True,False,True,False,False,False,False,True,True,True,False,True,False,False,True,True,True,980004,T256_VALID_TRACK,0.0,1.0757711081582635,0.0,2.6285828624701026,2.886579864025407e-15,0.015937920324986258,0.014815345201333973,2.6879925983873183,1.004952107099136,0.992760102538404,1.0038817619841078,0.015937920324986258,0.014815345201333973,5.684341886080802e-14,2.350716950993664,2.7209424458130216,4.509672406457084
False,24,D2_REDESIGNED_Q005,remote_dynamic_contact|capture_counter|incorporation_16|durable_128|fresh_retention_post_force|sink_matched_replacement_post_force,False,True,False,True,True,False,False,True,True,True,True,False,True,True,False,True,True,True,980004,T256_VALID_TRACK,0.0,1.027240516775099,0.0,3.5639533384708804,3.219646771412954e-15,0.021468757755020357,0.020899446044456073,3.633859321245788,0.9811838101323557,0.9699217589833397,1.0038817619841078,0.021468757755020357,0.020899446044456073,0.0,2.9514770577504517,4.765893035992139,7.092983289461653
False,24,D2_REDESIGNED_Q020,never_merged|capture_counter,False,True,True,True,True,True,True,True,False,True,True,True,True,True,True,True,True,True,980004,T256_VALID_TRACK,2.1845299666424367,0.9833914430305052,0.0,7.685225752698912,3.774758283725532e-15,0.045471418257110714,0.04623938776300718,7.8220226638550825,0.965833983981365,0.954160646154704,1.0038817619841078,0.045471418257110714,0.04623938776300718,0.0,5.631374099373104,9.197443733716291,14.69179220514219
False,24,D2_REDESIGNED_Q050,never_merged|capture_counter,False,True,True,True,True,True,True,True,False,True,True,True,True,True,True,True,True,True,980004,T256_VALID_TRACK,3.2813539156406675,0.9942363446489236,0.0,9.458934502142446,2.9976021664879227e-15,0.05384022662703309,0.05415234206313862,9.908530257783214,0.9799752403048257,0.9690391540224905,1.0038817619841078,0.05384022662703309,0.05415234206313862,0.0,6.5096330808773715,8.12269352962335,16.66872976848512
False,24,D2_REDESIGNED_Q100,never_merged,True,True,True,True,True,True,True,True,False,True,True,True,True,True,True,True,True,True,980004,T256_VALID_TRACK,3.5757120206314643,1.0147608079294208,0.0,12.775073655352955,2.886579864025407e-15,0.06203609713579534,0.061133714123604695,13.71630171371507,0.990404136229052,0.9721381960414031,1.0038817619841078,0.06203609713579534,0.061133714123604695,5.684341886080802e-14,7.42892018782957,7.582077239148447,18.85253847175081
False,24,DIRECT_INTERFACE_Q100,no_direct_operator_insertion|remote_dynamic_contact,True,True,True,True,True,True,True,True,True,False,True,False,True,True,True,True,True,True,980004,T256_VALID_TRACK,0.0,0.9791215287695898,47.73103159204742,44.2297709401523,5.10702591327572e-15,0.2580337210199538,0.26353594874398395,44.41897314235338,0.9984899841839189,0.9568196649804767,1.0038817619841078,0.2580337210199538,0.26353594874398395,0.0,11.134743685726093,5.540661248556931,46.241145439038704
False,24,SHAM,remote_dynamic_contact|capture_counter|incorporation_16|durable_128|incumbent_256_egress|fresh_retention_post_force|fresh_retention_2048|coast_retention_ratio|sink_matched_replacement_post_force|sink_matched_replacement_2048,False,False,False,True,False,False,False,False,True,True,True,False,True,False,False,True,True,True,980005,T256_VALID_TRACK,0.0,,0.0,0.0,2.7755575615628914e-15,0.0,0.0,0.0,1.0005924608937289,1.0007304560687913,1.0005924608937289,0.0,0.0,2.842170943040401e-14,0.0,0.0,0.0
False,24,D1_LEGACY_Q005,remote_dynamic_contact|capture_counter|incorporation_16|durable_128|incumbent_256_egress|fresh_retention_post_force|fresh_retention_2048|coast_retention_ratio|sink_matched_replacement_post_force|sink_matched_replacement_2048,False,False,False,True,False,False,False,False,True,True,True,False,True,False,False,True,True,True,980005,T256_VALID_TRACK,0.0,,0.0,0.0,2.7755575615628914e-15,0.0,0.0,0.0,1.0005924608937289,1.0007304560687913,1.0005924608937289,0.0,0.0,2.842170943040401e-14,0.0,0.0,0.0
False,24,D1_REDESIGNED_Q005,remote_dynamic_contact|capture_counter|incorporation_16|durable_128|incumbent_256_egress|fresh_retention_post_force|fresh_retention_2048|sink_matched_replacement_post_force|sink_matched_replacement_2048,False,True,False,True,False,False,False,False,True,True,True,False,True,False,False,True,True,True,980005,T256_VALID_TRACK,0.0,1.0148248061868543,0.0,2.76162204235119,3.4416913763379853e-15,0.01624727276058329,0.016009928670970786,2.7690588619230265,0.9908682718486526,0.9788302724414001,1.0005924608937289,0.01624727276058329,0.016009928670970786,5.684341886080802e-14,2.5303245434422115,2.791029230907077,4.696760661166443
False,24,D2_REDESIGNED_Q005,remote_dynamic_contact|capture_counter|incorporation_16|durable_128|fresh_retention_post_force|sink_matched_replacement_post_force,False,True,False,True,True,False,False,True,True,True,True,False,True,True,False,True,True,True,980005,T256_VALID_TRACK,0.0,1.0971925676747494,0.0,3.817726876037248,2.7755575615628914e-15,0.023043587416830227,0.021002318185280713,3.8589271671788006,0.9806871826288551,0.9645790156507957,1.0005924608937289,0.023043587416830227,0.021002318185280713,8.526512829121202e-14,2.897470673523846,4.795820652063993,7.1925637639579705
False,24,D2_REDESIGNED_Q020,never_merged|capture_counter,False,True,True,True,True,True,True,True,False,True,True,True,True,True,True,True,True,True,980005,T256_VALID_TRACK,2.080542906054736,1.0012623400305953,0.0,7.721537167036743,3.219646771412954e-15,0.046431045358545635,0.04637250748602694,7.799313684785748,0.9735593418139993,0.9640482592299506,1.0005924608937289,0.046431045358545635,0.04637250748602694,8.526512829121202e-14,5.607833673442589,8.545714807724682,14.916676632545252
False,24,D2_REDESIGNED_Q050,never_merged|capture_counter,False,True,True,True,True,True,True,True,False,True,True,True,True,True,True,True,True,True,980005,T256_VALID_TRACK,4.2536099507532725,0.9977840047097205,0.0,9.45062993887732,2.4424906541753444e-15,0.05488504164846988,0.05500693676126554,10.990640389310183,0.9834259755504979,0.9749881021311818,1.0005924608937289,0.05488504164846988,0.05500693676126554,2.842170943040401e-14,6.694302598276653,7.962519859447518,17.227733623755086
False,24,D2_REDESIGNED_Q100,never_merged,True,True,True,True,True,True,True,True,False,True,True,True,True,True,True,True,True,True,980005,T256_VALID_TRACK,1.8012554758624106,0.9884809862442413,0.0,12.176942340541652,2.7755575615628914e-15,0.05942313918596439,0.06011561174458613,13.395346228632969,0.9915775693020917,0.9810628782397485,1.0005924608937289,0.05942313918596439,0.06011561174458613,2.842170943040401e-14,7.430731486093742,7.364891518740664,18.656115308328335
False,24,DIRECT_INTERFACE_Q100,no_direct_operator_insertion|remote_dynamic_contact,True,True,True,True,True,True,True,True,True,False,True,False,True,True,True,True,True,True,980005,T256_VALID_TRACK,0.0,0.9821389249968929,51.33293962410313,47.5814593618834,4.773959005888173e-15,0.28018305587347275,0.2852784354050107,47.86162896831091,1.0184431602342348,0.9718452692195939,1.0005924608937289,0.28018305587347275,0.2852784354050107,2.842170943040401e-14,11.358052370047735,5.790659608757019,49.09864752845899
False,24,SHAM,remote_dynamic_contact|capture_counter|incorporation_16|durable_128|incumbent_256_egress|fresh_retention_post_force|fresh_retention_2048|coast_retention_ratio|sink_matched_replacement_post_force|sink_matched_replacement_2048,False,False,False,True,False,False,False,False,True,True,True,False,True,False,False,True,True,True,980006,T256_VALID_TRACK,0.0,,0.0,0.0,2.55351295663786e-15,0.0,0.0,0.0,0.9878555585991541,0.9962901352980095,0.9878555585991541,0.0,0.0,0.0,0.0,0.0,0.0
False,24,D1_LEGACY_Q005,remote_dynamic_contact|capture_counter|incorporation_16|durable_128|incumbent_256_egress|fresh_retention_post_force|fresh_retention_2048|coast_retention_ratio|sink_matched_replacement_post_force|sink_matched_replacement_2048,False,False,False,True,False,False,False,False,True,True,True,False,True,False,False,True,True,True,980006,T256_VALID_TRACK,0.0,,0.0,0.0,2.55351295663786e-15,0.0,0.0,0.0,0.9878555585991541,0.9962901352980095,0.9878555585991541,0.0,0.0,0.0,0.0,0.0,0.0
False,24,D1_REDESIGNED_Q005,remote_dynamic_contact|capture_counter|incorporation_16|durable_128|incumbent_256_egress|fresh_retention_post_force|fresh_retention_2048|sink_matched_replacement_post_force|sink_matched_replacement_2048,False,True,False,True,False,False,False,False,True,True,True,False,True,False,False,True,True,True,980006,T256_VALID_TRACK,0.0,1.036452872750183,0.0,2.4906372078672536,3.552713678800501e-15,0.015069379879348765,0.014539377790871296,2.4986667508191447,0.992256497152034,0.985477840266763,0.9878555585991541,0.015069379879348765,0.014539377790871296,2.842170943040401e-14,2.240708128217758,2.4825694607224786,4.3871772571452095
False,24,D2_REDESIGNED_Q005,remote_dynamic_contact|capture_counter|incorporation_16|durable_128|fresh_retention_post_force|sink_matched_replacement_post_force,False,True,False,True,True,False,False,True,True,True,True,False,True,True,False,True,True,True,980006,T256_VALID_TRACK,0.0,1.1158011340400027,0.0,3.549998801664332,3.3306690738754696e-15,0.02176674427878569,0.01950772733128028,3.603905977170936,0.9731510787975808,0.9564127697642077,0.9878555585991541,0.02176674427878569,0.01950772733128028,2.842170943040401e-14,2.8287248762006807,4.705149574205882,7.099620465213131
False,24,D2_REDESIGNED_Q020,never_merged|capture_counter,False,True,True,True,True,True,True,True,False,True,True,True,True,True,True,True,True,True,980006,T256_VALID_TRACK,1.7484817265251837,0.991499137082973,0.0,7.089463150051564,3.4416913763379853e-15,0.04331968400403332,0.0436910960220111,7.247235168330041,0.9537341757938457,0.9445514163756417,0.9878555585991541,0.04331968400403332,0.0436910960220111,0.0,5.5969975156424585,8.999713180588433,14.572203200893872
False,24,D2_REDESIGNED_Q050,never_merged|capture_counter,False,True,True,True,True,True,True,True,False,True,True,True,True,True,True,True,True,True,980006,T256_VALID_TRACK,1.6900836035686142,0.938483715136813,0.0,9.013180930761976,3.6637359812630166e-15,0.04925395281990304,0.052482480010559114,10.364365138167313,0.9573383897014308,0.9627294967479941,0.9878555585991541,0.04925395281990304,0.052482480010559114,5.684341886080802e-14,6.51590609829648,8.392726308816545,16.494356044938602
False,24,D2_REDESIGNED_Q100,never_merged|remote_dynamic_contact,True,True,True,True,True,True,True,True,False,True,True,False,True,True,True,True,True,True,980006,T256_VALID_TRACK,3.4716317218488246,0.987987209875824,0.0,11.908177023536618,3.219646771412954e-15,0.061002781577925644,0.06174450536216236,13.287108335541086,0.984596589777962,0.9798817709198349,0.9878555585991541,0.061002781577925644,0.06174450536216236,2.842170943040401e-14,7.215963520561259,6.445899959613112,17.96265665412428
False,24,DIRECT_INTERFACE_Q100,no_direct_operator_insertion|remote_dynamic_contact,True,True,True,True,True,True,True,True,True,False,True,False,True,True,True,True,True,True,980006,T256_VALID_TRACK,0.0,0.9794505438298006,48.85023613595187,45.43551338511235,6.106226635438361e-15,0.26942205103439476,0.27507468624287407,45.58231786648414,0.9967366082983411,0.9570787822921502,0.9878555585991541,0.26942205103439476,0.27507468624287407,2.842170943040401e-14,11.28013027331894,5.400952555593983,47.21382141257388
False,24,SHAM,remote_dynamic_contact|capture_counter|incorporation_16|durable_128|incumbent_256_egress|fresh_retention_post_force|fresh_retention_2048|coast_retention_ratio|sink_matched_replacement_post_force|sink_matched_replacement_2048,False,False,False,True,False,False,False,False,True,True,True,False,True,False,False,True,True,True,980007,T256_VALID_TRACK,0.0,,0.0,0.0,3.1086244689504383e-15,0.0,0.0,0.0,0.9897542814920233,0.9872232710594812,0.9897542814920233,0.0,0.0,0.0,0.0,0.0,0.0
False,24,D1_LEGACY_Q005,remote_dynamic_contact|capture_counter|incorporation_16|durable_128|incumbent_256_egress|fresh_retention_post_force|fresh_retention_2048|sink_matched_replacement_post_force|sink_matched_replacement_2048,False,True,False,True,False,False,False,False,True,True,True,False,True,False,False,True,True,True,980007,T256_VALID_TRACK,0.0,1.0805938520294338,0.0,0.08513847082984573,3.219646771412954e-15,0.0005156269774737254,0.00047717000842207317,0.08613827763743433,0.9894539401126499,0.9895683538822008,0.9897542814920233,0.0005156269774737254,0.00047717000842207317,0.0,0.1016962050299361,0.22613131842751474,0.13282026068384498
False,24,D1_REDESIGNED_Q005,remote_dynamic_contact|capture_counter|incorporation_16|durable_128|incumbent_256_egress|fresh_retention_post_force|fresh_retention_2048|sink_matched_replacement_post_force|sink_matched_replacement_2048,False,True,False,True,False,False,False,False,True,True,True,False,True,False,False,True,True,True,980007,T256_VALID_TRACK,0.0,1.0192450622151412,0.0,2.5655944602633793,2.6645352591003757e-15,0.014974801360092169,0.014692051907072476,2.5859964472551753,0.9794175821544143,0.975571292701131,0.9897542814920233,0.014974801360092169,0.014692051907072476,0.0,2.2090482066886743,2.6472804886133043,4.483807739646831
False,24,D2_REDESIGNED_Q005,remote_dynamic_contact|capture_counter|incorporation_16|durable_128|fresh_retention_post_force|sink_matched_replacement_post_force,False,True,False,True,True,False,False,True,True,True,True,False,True,True,False,True,True,True,980007,T256_VALID_TRACK,0.0,1.062489563770239,0.0,3.3779293670292536,3.219646771412954e-15,0.020567572829874557,0.019357905744401504,3.434107063500034,0.9616925994545825,0.9505620039532379,0.9897542814920233,0.020567572829874557,0.019357905744401504,2.842170943040401e-14,2.909545971630997,4.620831259309939,7.011869164605592
False,24,D2_REDESIGNED_Q020,never_merged|capture_counter,False,True,True,True,True,True,True,True,False,True,True,True,True,True,True,True,True,True,980007,T256_VALID_TRACK,0.9763267655320989,0.9839361561711805,0.0,7.76856649821306,2.9976021664879227e-15,0.04583811126013794,0.046586469023060524,7.929439060078615,0.9486263655843221,0.9392247144278522,0.9897542814920233,0.04583811126013794,0.046586469023060524,2.842170943040401e-14,5.777204110019472,9.243941030632017,15.232378865096386
False,24,D2_REDESIGNED_Q050,never_merged|capture_counter,False,True,True,True,True,True,True,True,False,True,True,True,True,True,True,True,True,True,980007,T256_VALID_TRACK,1.29755218565075,0.981718764568385,0.0,8.627102769151035,2.55351295663786e-15,0.051809668177844874,0.05277445032908495,9.413580423677706,0.9709378947992289,0.9596443561694873,0.9897542814920233,0.051809668177844874,0.05277445032908495,5.684341886080802e-14,6.339664517548142,8.952585491664765,16.726897665417205
False,24,D2_REDESIGNED_Q100,never_merged,True,True,True,True,True,True,True,True,False,True,True,True,True,True,True,True,True,True,980007,T256_VALID_TRACK,3.2074363752198756,0.9697112031760782,0.0,12.664516972980223,3.1086244689504383e-15,0.06223900800187478,0.06418303490567547,13.940082837906301,0.9798911265848217,0.9776708166080927,0.9897542814920233,0.06223900800187478,0.06418303490567547,2.842170943040401e-14,7.346742362886862,7.407628178207227,18.844918988278277
False,24,DIRECT_INTERFACE_Q100,no_direct_operator_insertion|remote_dynamic_contact,True,True,True,True,True,True,True,True,True,False,True,False,True,True,True,True,True,True,980007,T256_VALID_TRACK,0.0,0.9845762197238338,47.29729935960329,43.80853123207774,5.218048215738236e-15,0.25867219129275926,0.2627243946287011,43.993345444312745,0.9941123008310573,0.9439131458786003,0.9897542814920233,0.25867219129275926,0.2627243946287011,2.842170943040401e-14,10.5055683378094,5.397410774132525,45.690865264789856
False,24,SHAM,remote_dynamic_contact|capture_counter|incorporation_16|durable_128|incumbent_256_egress|fresh_retention_post_force|fresh_retention_2048|coast_retention_ratio|sink_matched_replacement_post_force|sink_matched_replacement_2048,False,False,False,True,False,False,False,False,True,True,True,False,True,False,False,True,True,True,980008,T256_VALID_TRACK,0.0,,0.0,0.0,2.886579864025407e-15,0.0,0.0,0.0,0.98675198144902,0.992666437235117,0.98675198144902,0.0,0.0,0.0,0.0,0.0,0.0
False,24,D1_LEGACY_Q005,remote_dynamic_contact|capture_counter|incorporation_16|durable_128|incumbent_256_egress|fresh_retention_post_force|fresh_retention_2048|coast_retention_ratio|sink_matched_replacement_post_force|sink_matched_replacement_2048,False,False,False,True,False,False,False,False,True,True,True,False,True,False,False,True,True,True,980008,T256_VALID_TRACK,0.0,,0.0,0.0,2.886579864025407e-15,0.0,0.0,0.0,0.98675198144902,0.992666437235117,0.98675198144902,0.0,0.0,0.0,0.0,0.0,0.0
False,24,D1_REDESIGNED_Q005,remote_dynamic_contact|capture_counter|incorporation_16|durable_128|incumbent_256_egress|fresh_retention_post_force|fresh_retention_2048|sink_matched_replacement_post_force|sink_matched_replacement_2048,False,True,False,True,False,False,False,False,True,True,True,False,True,False,False,True,True,True,980008,T256_VALID_TRACK,0.0,1.010265111823832,0.0,3.1025940933200786,3.1086244689504383e-15,0.018687101443647755,0.018497225356928267,3.150104085319644,0.9682443312811672,0.9666712394526323,0.98675198144902,0.018687101443647755,0.018497225356928267,0.0,2.917781645205268,3.0828104581023887,5.511791555028678
False,24,D2_REDESIGNED_Q005,remote_dynamic_contact|capture_counter|incorporation_16|durable_128|fresh_retention_post_force|sink_matched_replacement_post_force,False,True,False,True,True,False,False,True,True,True,True,False,True,True,False,True,True,True,980008,T256_VALID_TRACK,0.0,1.127828355990165,0.0,3.6222211226921517,3.1086244689504383e-15,0.02196116896730626,0.019472084427267024,3.673822615235786,0.9671421149423663,0.9427254472922525,0.98675198144902,0.02196116896730626,0.019472084427267024,0.0,2.5879241122413825,4.800540072742333,6.7530335232541105
False,24,D2_REDESIGNED_Q020,never_merged|capture_counter,False,True,True,True,True,True,True,True,False,True,True,True,True,True,True,True,True,True,980008,T256_VALID_TRACK,1.1198779283903288,1.0232163345771443,0.0,8.194480109629017,2.6645352591003757e-15,0.04932828631163267,0.048209048902662546,8.25789103015794,0.9452016961221514,0.9379773128845458,0.98675198144902,0.04932828631163267,0.048209048902662546,2.842170943040401e-14,5.904011100998868,9.607239330013202,16.180269820457813
False,24,D2_REDESIGNED_Q050,never_merged,True,True,True,True,True,True,True,True,False,True,True,True,True,True,True,True,True,True,980008,T256_VALID_TRACK,4.850728371863624,0.9885415462792898,0.0,9.883085419540196,2.886579864025407e-15,0.05780819598777182,0.05847826649810775,11.397575865917975,0.9522336608577927,0.9457090374423769,0.98675198144902,0.05780819598777182,0.05847826649810775,2.842170943040401e-14,7.031344477278531,8.604071414950923,18.652828263039638
False,24,D2_REDESIGNED_Q100,never_merged,True,True,True,True,True,True,True,True,False,True,True,True,True,True,True,True,True,True,980008,T256_VALID_TRACK,1.7328291375291047,0.9668682788789256,0.0,12.994583776389087,2.9976021664879227e-15,0.06143419905880578,0.06353936766861164,14.590541591007721,0.9554858889321062,0.9608622848607536,0.98675198144902,0.06143419905880578,0.06353936766861164,8.526512829121202e-14,7.786459187062954,8.877673125702785,19.791850012097953
False,24,DIRECT_INTERFACE_Q100,no_direct_operator_insertion|remote_dynamic_contact,True,True,True,True,True,True,True,True,True,False,True,False,True,True,True,True,True,True,980008,T256_VALID_TRACK,0.0,0.9810050123039288,50.19515981769506,46.06267631029687,4.551914400963142e-15,0.2715291319962468,0.2767866918014516,46.384157589773004,0.9833230311467602,0.9404639207653253,0.98675198144902,0.2715291319962468,0.2767866918014516,0.0,11.245874490814968,6.08365479810639,48.638452603140344
False,32,SHAM,remote_dynamic_contact|capture_counter|incorporation_16|durable_128|incumbent_256_egress|fresh_retention_post_force|fresh_retention_2048|coast_retention_ratio|sink_matched_replacement_post_force|sink_matched_replacement_2048,False,False,False,True,False,False,False,False,True,True,True,False,True,False,False,True,True,True,980100,T256_VALID_TRACK,0.0,,0.0,0.0,3.774758283725532e-15,0.0,0.0,0.0,1.0004582842171124,0.9996158112041933,1.0004582842171124,0.0,0.0,0.0,0.0,0.0,0.0
False,32,D1_LEGACY_Q005,remote_dynamic_contact|capture_counter|incorporation_16|durable_128|incumbent_256_egress|fresh_retention_post_force|fresh_retention_2048|coast_retention_ratio|sink_matched_replacement_post_force|sink_matched_replacement_2048,False,False,False,True,False,False,False,False,True,True,True,False,True,False,False,True,True,True,980100,T256_VALID_TRACK,0.0,,0.0,0.0,3.774758283725532e-15,0.0,0.0,0.0,1.0004582842171124,0.9996158112041933,1.0004582842171124,0.0,0.0,0.0,0.0,0.0,0.0
False,32,D1_REDESIGNED_Q005,remote_dynamic_contact|capture_counter|incorporation_16|durable_128|incumbent_256_egress|fresh_retention_post_force|fresh_retention_2048|sink_matched_replacement_post_force|sink_matched_replacement_2048,False,True,False,True,False,False,False,False,True,True,True,False,True,False,False,True,True,True,980100,T256_VALID_TRACK,0.0,1.0502849689578804,0.0,3.5394158496916415,3.219646771412954e-15,0.011998169483454372,0.011423727691122975,3.5498750377208177,1.0014405287002859,0.9949880008734032,1.0004582842171124,0.011998169483454372,0.011423727691122975,5.684341886080802e-14,3.1697315869856357,3.166076306560811,6.138092734539637
False,32,D2_REDESIGNED_Q005,remote_dynamic_contact|capture_counter|incorporation_16|durable_128|fresh_retention_post_force|sink_matched_replacement_post_force,False,True,False,True,True,False,False,True,True,True,True,False,True,True,False,True,True,True,980100,T256_VALID_TRACK,0.0,1.0695059466918375,0.0,6.545061527854482,2.886579864025407e-15,0.022491098953794957,0.02102942860987704,6.644304557545683,0.9884930650081769,0.9757382193474007,1.0004582842171124,0.022491098953794957,0.02102942860987704,0.0,5.049627223034629,8.333169226060788,12.904409367039396
False,32,D2_REDESIGNED_Q020,never_merged|remote_dynamic_contact|capture_counter|incorporation_16|fresh_retention_post_force|sink_matched_replacement_post_force,False,True,True,True,True,False,False,True,False,True,True,False,True,True,False,True,True,True,980100,T256_VALID_TRACK,1.6463311857302074,0.988503612584243,0.0,9.9491534862236,3.3306690738754696e-15,0.03197904858590189,0.03235096784552879,10.426291546111615,0.9808468515118739,0.9808818178086544,1.0004582842171124,0.03197904858590189,0.03235096784552879,0.0,7.627691582154203,9.48273280475828,18.744639447195514
False,32,D2_REDESIGNED_Q050,never_merged|remote_dynamic_contact|capture_counter|fresh_retention_post_force|sink_matched_replacement_post_force,False,True,True,True,True,False,True,True,False,True,True,False,True,True,False,True,True,True,980100,T256_VALID_TRACK,1.4574010418818193,0.9742351147310209,0.0,13.653763502514112,3.1086244689504383e-15,0.03705654808534764,0.038036555575784885,14.728205163782462,0.989976948467985,0.9903517595441136,1.0004582842171124,0.03705654808534764,0.038036555575784885,0.0,8.566988141097603,8.47634475602165,20.532717570867167
False,32,D2_REDESIGNED_Q100,never_merged|remote_dynamic_contact|capture_counter,False,True,True,True,True,True,True,True,False,True,True,False,True,True,True,True,True,True,980100,T256_VALID_TRACK,1.8538050369780987,0.9828616994671663,0.0,18.10371360894899,2.6645352591003757e-15,0.04530068429107399,0.0460905988254834,19.243850334328776,1.0021132954571703,1.0017443573962264,1.0004582842171124,0.04530068429107399,0.0460905988254834,0.0,10.116123135036382,7.667202280030975,23.36081632902382
False,32,DIRECT_INTERFACE_Q100,no_direct_operator_insertion|remote_dynamic_contact,True,True,True,True,True,True,True,True,True,False,True,False,True,True,True,True,True,True,980100,T256_VALID_TRACK,0.0,0.9842035031831595,72.03131563729461,68.23206196301629,5.662137425588298e-15,0.2277353393317549,0.23139049860643865,68.41722295601515,0.9993204028619732,0.9682322303230604,1.0004582842171124,0.2277353393317549,0.23139049860643865,1.1368683772161603e-13,14.81705068706691,6.311788082742939,70.41229737010072
False,32,SHAM,remote_dynamic_contact|capture_counter|incorporation_16|durable_128|incumbent_256_egress|fresh_retention_post_force|fresh_retention_2048|coast_retention_ratio|sink_matched_replacement_post_force|sink_matched_replacement_2048,False,False,False,True,False,False,False,False,True,True,True,False,True,False,False,True,True,True,980101,T256_VALID_TRACK,0.0,,0.0,0.0,3.4416913763379853e-15,0.0,0.0,0.0,1.0119363393290597,1.0084045988676247,1.0119363393290597,0.0,0.0,5.684341886080802e-14,0.0,0.0,0.0
False,32,D1_LEGACY_Q005,remote_dynamic_contact|capture_counter|incorporation_16|durable_128|incumbent_256_egress|fresh_retention_post_force|fresh_retention_2048|coast_retention_ratio|sink_matched_replacement_post_force|sink_matched_replacement_2048,False,False,False,True,False,False,False,False,True,True,True,False,True,False,False,True,True,True,980101,T256_VALID_TRACK,0.0,,0.0,0.0,3.4416913763379853e-15,0.0,0.0,0.0,1.0119363393290597,1.0084045988676247,1.0119363393290597,0.0,0.0,5.684341886080802e-14,0.0,0.0,0.0
False,32,D1_REDESIGNED_Q005,remote_dynamic_contact|capture_counter|incorporation_16|durable_128|incumbent_256_egress|fresh_retention_post_force|fresh_retention_2048|sink_matched_replacement_post_force|sink_matched_replacement_2048,False,True,False,True,False,False,False,False,True,True,True,False,True,False,False,True,True,True,980101,T256_VALID_TRACK,0.0,1.051753828466858,0.0,3.6059122918948185,3.1086244689504383e-15,0.012194981715476776,0.011594901188287952,3.626057883804102,0.9978413661765415,0.985824344057612,1.0119363393290597,0.012194981715476776,0.011594901188287952,0.0,3.316701110190529,3.503246214666706,6.2115607981120995
False,32,D2_REDESIGNED_Q005,remote_dynamic_contact|capture_counter|incorporation_16|durable_128|fresh_retention_post_force|sink_matched_replacement_post_force,False,True,False,True,True,False,False,True,True,True,True,False,True,True,False,True,True,True,980101,T256_VALID_TRACK,0.0,1.1015045711234737,0.0,6.338671527878784,3.552713678800501e-15,0.02171008465871787,0.01970948212822647,6.446142067044534,0.9804793844885206,0.9652086750019108,1.0119363393290597,0.02171008465871787,0.01970948212822647,0.0,5.229961268836872,8.280115783399825,12.92919467216659
False,32,D2_REDESIGNED_Q020,never_merged|remote_dynamic_contact|capture_counter|incorporation_16|fresh_retention_post_force|sink_matched_replacement_post_force,False,True,True,True,True,False,False,True,False,True,True,False,True,True,False,True,True,True,980101,T256_VALID_TRACK,1.2963754324706633,0.9938362168325923,0.0,10.670521612899178,3.1086244689504383e-15,0.03576854809120956,0.03599038502058798,11.379723995133212,0.9809168502433921,0.9722509912292034,1.0119363393290597,0.03576854809120956,0.03599038502058798,0.0,7.964292418633438,9.923615529928588,20.14118710534648
False,32,D2_REDESIGNED_Q050,never_merged|remote_dynamic_contact|capture_counter|fresh_retention_post_force|sink_matched_replacement_post_force,False,True,True,True,True,False,True,True,False,True,True,False,True,True,False,True,True,True,980101,T256_VALID_TRACK,3.006863900458814,1.0102341267537682,0.0,13.817390674281356,3.1086244689504383e-15,0.04032815436587818,0.03991961199674227,14.673427866832247,0.983758721670076,0.9769580433440918,1.0119363393290597,0.04032815436587818,0.03991961199674227,5.684341886080802e-14,8.912904211932016,9.610945152505293,22.262613218055506
False,32,D2_REDESIGNED_Q100,never_merged|remote_dynamic_contact|capture_counter,False,True,True,True,True,True,True,True,False,True,True,False,True,True,True,True,True,True,980101,T256_VALID_TRACK,1.8323351849250726,0.9912184700828545,0.0,18.373355856153886,3.219646771412954e-15,0.048501011165703316,0.04893069755010637,19.229016890177668,0.9932928318615045,0.9916333769419596,1.0119363393290597,0.048501011165703316,0.04893069755010637,0.0,10.329792553864856,8.392049608342177,25.12713585989444
False,32,DIRECT_INTERFACE_Q100,no_direct_operator_insertion|remote_dynamic_contact,True,True,True,True,True,True,True,True,True,False,True,False,True,True,True,True,True,True,980101,T256_VALID_TRACK,0.0,0.9803524542931542,67.31119189996264,63.400598001444834,5.88418203051333e-15,0.20997170901760548,0.21417981675681894,63.72698505977281,0.9873936713296271,0.9631198574369524,1.0119363393290597,0.20997170901760548,0.21417981675681894,1.1368683772161603e-13,14.09800002944322,6.484746196462603,65.45786533436684
False,32,SHAM,remote_dynamic_contact|capture_counter|incorporation_16|durable_128|incumbent_256_egress|fresh_retention_post_force|fresh_retention_2048|coast_retention_ratio|sink_matched_replacement_post_force|sink_matched_replacement_2048,False,False,False,True,False,False,False,False,True,True,True,False,True,False,False,True,True,True,980102,T256_VALID_TRACK,0.0,,0.0,0.0,2.7755575615628914e-15,0.0,0.0,0.0,1.0109914918903817,1.0134631495735305,1.0109914918903817,0.0,0.0,5.684341886080802e-14,0.0,0.0,0.0
False,32,D1_LEGACY_Q005,remote_dynamic_contact|capture_counter|incorporation_16|durable_128|incumbent_256_egress|fresh_retention_post_force|fresh_retention_2048|coast_retention_ratio|sink_matched_replacement_post_force|sink_matched_replacement_2048,False,False,False,True,False,False,False,False,True,True,True,False,True,False,False,True,True,True,980102,T256_VALID_TRACK,0.0,,0.0,0.0,2.7755575615628914e-15,0.0,0.0,0.0,1.0109914918903817,1.0134631495735305,1.0109914918903817,0.0,0.0,5.684341886080802e-14,0.0,0.0,0.0
False,32,D1_REDESIGNED_Q005,remote_dynamic_contact|capture_counter|incorporation_16|durable_128|incumbent_256_egress|fresh_retention_post_force|fresh_retention_2048|sink_matched_replacement_post_force|sink_matched_replacement_2048,False,True,False,True,False,False,False,False,True,True,True,False,True,False,False,True,True,True,980102,T256_VALID_TRACK,0.0,1.0385406070289662,0.0,4.0419396238013094,3.1086244689504383e-15,0.013662646411430668,0.013155620799957416,4.056781534078972,1.0051449322653732,1.0003442838566066,1.0109914918903817,0.013662646411430668,0.013155620799957416,5.684341886080802e-14,3.6662398925566473,3.654954571806306,6.795877441303275
False,32,D2_REDESIGNED_Q005,remote_dynamic_contact|capture_counter|incorporation_16|durable_128|fresh_retention_post_force|sink_matched_replacement_post_force,False,True,False,True,True,False,False,True,True,True,True,False,True,True,False,True,True,True,980102,T256_VALID_TRACK,0.0,1.0444120805225168,0.0,6.477919814435222,3.1086244689504383e-15,0.02214807479695383,0.02120626064175091,6.566072479034389,0.9911096929943921,0.9786541748724837,1.0109914918903817,0.02214807479695383,0.02120626064175091,1.1368683772161603e-13,5.060721942226751,8.91004919068373,12.887917159335016
False,32,D2_REDESIGNED_Q020,remote_dynamic_contact|capture_counter|fresh_retention_post_force|sink_matched_replacement_post_force,False,True,True,True,True,False,True,True,True,True,True,False,True,True,False,True,True,True,980102,T256_VALID_TRACK,0.0,0.996065237282135,0.0,12.342687367359176,3.1086244689504383e-15,0.03749347919833099,0.03764158992300117,13.741488050710961,0.9893315642889261,0.9850357594998982,1.0109914918903817,0.03749347919833099,0.03764158992300117,5.684341886080802e-14,8.624712667861724,10.345790373772886,20.943640728318865
False,32,D2_REDESIGNED_Q050,never_merged|remote_dynamic_contact|capture_counter,False,True,True,True,True,True,True,True,False,True,True,False,True,True,True,True,True,True,980102,T256_VALID_TRACK,1.5998209929962655,0.9880999668338776,0.0,15.6620766873087,2.9976021664879227e-15,0.044016567309245226,0.04454667420978208,16.66977087901543,0.9972794356008341,0.9977608012411683,1.0109914918903817,0.044016567309245226,0.04454667420978208,0.0,9.546902648365121,9.69304175884275,23.424440505347796
False,32,D2_REDESIGNED_Q100,remote_dynamic_contact|capture_counter,False,True,True,True,True,True,True,True,True,True,True,False,True,True,True,True,True,True,980102,T256_VALID_TRACK,0.0,0.9532796893430175,0.0,19.93884104846969,2.886579864025407e-15,0.04901156371796097,0.051413624213203175,21.731227718334324,0.9992346952777788,1.0002024890797485,1.0109914918903817,0.04901156371796097,0.051413624213203175,1.1368683772161603e-13,10.810410100083663,9.192303180831733,26.071438596881542
False,32,DIRECT_INTERFACE_Q100,no_direct_operator_insertion|remote_dynamic_contact,True,True,True,True,True,True,True,True,True,False,True,False,True,True,True,True,True,True,980102,T256_VALID_TRACK,0.0,0.9802311518752584,73.38413031010222,69.33348106626853,5.10702591327572e-15,0.22988847429701806,0.23452475863190383,69.66600238303339,0.9901274358996968,0.978053218229641,1.0109914918903817,0.22988847429701806,0.23452475863190383,1.1368683772161603e-13,14.20720571146136,6.799673656887974,71.48878801754762
False,32,SHAM,remote_dynamic_contact|capture_counter|incorporation_16|durable_128|incumbent_256_egress|fresh_retention_post_force|fresh_retention_2048|coast_retention_ratio|sink_matched_replacement_post_force|sink_matched_replacement_2048,False,False,False,True,False,False,False,False,True,True,True,False,True,False,False,True,True,True,980103,T256_VALID_TRACK,0.0,,0.0,0.0,3.219646771412954e-15,0.0,0.0,0.0,0.9846164049307079,0.9879841145677816,0.9846164049307079,0.0,0.0,0.0,0.0,0.0,0.0
False,32,D1_LEGACY_Q005,remote_dynamic_contact|capture_counter|incorporation_16|durable_128|incumbent_256_egress|fresh_retention_post_force|fresh_retention_2048|coast_retention_ratio|sink_matched_replacement_post_force|sink_matched_replacement_2048,False,False,False,True,False,False,False,False,True,True,True,False,True,False,False,True,True,True,980103,T256_VALID_TRACK,0.0,,0.0,0.0,3.219646771412954e-15,0.0,0.0,0.0,0.9846164049307079,0.9879841145677816,0.9846164049307079,0.0,0.0,0.0,0.0,0.0,0.0
False,32,D1_REDESIGNED_Q005,remote_dynamic_contact|capture_counter|incorporation_16|durable_128|incumbent_256_egress|fresh_retention_post_force|fresh_retention_2048|sink_matched_replacement_post_force|sink_matched_replacement_2048,False,True,False,True,False,False,False,False,True,True,True,False,True,False,False,True,True,True,980103,T256_VALID_TRACK,0.0,1.0286940087961252,0.0,3.9633115289240606,2.9976021664879227e-15,0.01342737089220569,0.01305283279322261,3.9716883887314016,0.9920136307082901,0.9866520447282333,0.9846164049307079,0.01342737089220569,0.01305283279322261,5.684341886080802e-14,3.4743373394723123,3.5825497255478567,6.435765005398098
False,32,D2_REDESIGNED_Q005,never_merged|remote_dynamic_contact|capture_counter|incorporation_16|durable_128|fresh_retention_post_force|sink_matched_replacement_post_force,False,True,False,True,True,False,False,True,False,True,True,False,True,True,False,True,True,True,980103,T256_VALID_TRACK,0.9159038514374966,1.100678883515264,0.0,6.339169509024296,2.886579864025407e-15,0.02185178768106189,0.019853008909622504,6.451011106645976,0.9670429020237378,0.9561974223810985,0.9846164049307079,0.02185178768106189,0.019853008909622504,0.0,5.0444624545613275,8.800597168002163,12.95726642512721
False,32,D2_REDESIGNED_Q020,remote_dynamic_contact|capture_counter,False,True,True,True,True,True,True,True,True,True,True,False,True,True,True,True,True,True,980103,T256_VALID_TRACK,0.0,0.9367654773702762,0.0,11.85805953769001,3.3306690738754696e-15,0.03771364198130205,0.04025942767145223,11.970926876404032,0.9705239401631318,0.9709155676950806,0.9846164049307079,0.03771364198130205,0.04025942767145223,0.0,8.594278924355269,11.422122746084138,21.44949077706419
False,32,D2_REDESIGNED_Q050,remote_dynamic_contact|capture_counter,False,True,True,True,True,True,True,True,True,True,True,False,True,True,True,True,True,True,980103,T256_VALID_TRACK,0.0,0.9760437001340392,0.0,16.909315329219492,3.9968028886505635e-15,0.04597548311692065,0.047103918718605406,18.637798062140348,0.9785862319213385,0.9767542163985282,0.9846164049307079,0.04597548311692065,0.047103918718605406,5.684341886080802e-14,10.128416699288218,9.597120608066213,24.522666273979603
False,32,D2_REDESIGNED_Q100,remote_dynamic_contact|capture_counter,False,True,True,True,True,True,True,True,True,True,True,False,True,True,True,True,True,True,980103,T256_VALID_TRACK,0.0,0.9950078162909607,0.0,18.4203360665535,3.1086244689504383e-15,0.04813392341569596,0.04837542241137593,20.70606890792313,0.9827833854875233,0.9797155823051542,0.9846164049307079,0.04813392341569596,0.04837542241137593,5.684341886080802e-14,10.58239651258488,10.073597935549515,25.624043351025847
False,32,DIRECT_INTERFACE_Q100,no_direct_operator_insertion|remote_dynamic_contact,True,True,True,True,True,True,True,True,True,False,True,False,True,True,True,True,True,True,980103,T256_VALID_TRACK,0.0,0.9921673660174196,69.28882943892425,65.05930324460307,5.773159728050814e-15,0.21807442457665535,0.21979600624440068,65.16215132708503,0.9879681569275355,0.9463383828578822,0.9846164049307079,0.21807442457665535,0.21979600624440068,0.0,13.175928463982991,6.8306646466698515,67.4961877562782
False,32,SHAM,remote_dynamic_contact|capture_counter|incorporation_16|durable_128|incumbent_256_egress|fresh_retention_post_force|fresh_retention_2048|coast_retention_ratio|sink_matched_replacement_post_force|sink_matched_replacement_2048,False,False,False,True,False,False,False,False,True,True,True,False,True,False,False,True,True,True,980104,T256_VALID_TRACK,0.0,,0.0,0.0,2.9976021664879227e-15,0.0,0.0,0.0,1.0058968581072556,1.0071803887081117,1.0058968581072556,0.0,0.0,0.0,0.0,0.0,0.0
False,32,D1_LEGACY_Q005,remote_dynamic_contact|capture_counter|incorporation_16|durable_128|incumbent_256_egress|fresh_retention_post_force|fresh_retention_2048|coast_retention_ratio|sink_matched_replacement_post_force|sink_matched_replacement_2048,False,False,False,True,False,False,False,False,True,True,True,False,True,False,False,True,True,True,980104,T256_VALID_TRACK,0.0,,0.0,0.0,2.9976021664879227e-15,0.0,0.0,0.0,1.0058968581072556,1.0071803887081117,1.0058968581072556,0.0,0.0,0.0,0.0,0.0,0.0
False,32,D1_REDESIGNED_Q005,remote_dynamic_contact|capture_counter|incorporation_16|durable_128|incumbent_256_egress|fresh_retention_post_force|fresh_retention_2048|sink_matched_replacement_post_force|sink_matched_replacement_2048,False,True,False,True,False,False,False,False,True,True,True,False,True,False,False,True,True,True,980104,T256_VALID_TRACK,0.0,1.0365278192434715,0.0,3.3647739686209617,3.219646771412954e-15,0.011418379805423103,0.011015989723997,3.375316903600817,1.0056270244494805,0.9998479099103783,1.0058968581072556,0.011418379805423103,0.011015989723997,0.0,2.883984446218858,3.27645228595145,5.695624435154978
False,32,D2_REDESIGNED_Q005,never_merged|remote_dynamic_contact|capture_counter|incorporation_16|durable_128|fresh_retention_post_force|sink_matched_replacement_post_force,False,True,False,True,True,False,False,True,False,True,True,False,True,True,False,True,True,True,980104,T256_VALID_TRACK,0.5694502807634394,1.027753428910226,0.0,6.460562967601051,3.552713678800501e-15,0.022848944975873354,0.02223193261451936,6.745534848953879,0.9877293592259297,0.9771251663850351,1.0058968581072556,0.022848944975873354,0.02223193261451936,0.0,5.101103381734906,8.72705591047727,12.690560018263835
False,32,D2_REDESIGNED_Q020,never_merged|remote_dynamic_contact|capture_counter|incorporation_16|fresh_retention_post_force|sink_matched_replacement_post_force,False,True,True,True,True,False,False,True,False,True,True,False,True,True,False,True,True,True,980104,T256_VALID_TRACK,1.7280558651462912,0.9972868004068991,0.0,10.638841013336016,3.219646771412954e-15,0.03598468697680088,0.03608258623509196,10.698136523334828,0.9925615258217009,0.9837319790068625,1.0058968581072556,0.03598468697680088,0.03608258623509196,5.684341886080802e-14,7.875619628635608,9.590878906874165,19.457716276600845
False,32,D2_REDESIGNED_Q050,never_merged|remote_dynamic_contact|capture_counter,False,True,True,True,True,True,True,True,False,True,True,False,True,True,True,True,True,True,980104,T256_VALID_TRACK,4.227913785626619,1.0095893428223663,0.0,13.079146251462879,3.219646771412954e-15,0.041927300830678846,0.04152906439510208,14.927002403971201,1.0012487071546101,0.9914457514835127,1.0058968581072556,0.041927300830678846,0.04152906439510208,1.1368683772161603e-13,8.726825107168683,9.06770154812517,21.86664333651503
False,32,D2_REDESIGNED_Q100,never_merged|remote_dynamic_contact|capture_counter,False,True,True,True,True,True,True,True,False,True,True,False,True,True,True,True,True,True,980104,T256_VALID_TRACK,2.5609426662504715,0.9866023337459439,0.0,16.46384345477786,3.3306690738754696e-15,0.04626728883885996,0.04689558017077838,18.28734737665905,0.998118532679512,0.9948799083129884,1.0058968581072556,0.04626728883885996,0.04689558017077838,0.0,9.950316565439277,7.884075914464774,23.950639501557315
False,32,DIRECT_INTERFACE_Q100,no_direct_operator_insertion|remote_dynamic_contact,True,True,True,True,True,True,True,True,True,False,True,False,True,True,True,True,True,True,980104,T256_VALID_TRACK,0.0,0.9883563268387902,66.25409090391788,62.24350185121379,5.329070518200751e-15,0.20868856933764285,0.21114709712551052,62.43811063190442,0.986793723198712,0.9596861981076126,1.0058968581072556,0.20868856933764285,0.21114709712551052,5.684341886080802e-14,13.566002957526335,6.180015463536405,64.35752016941551
False,32,SHAM,remote_dynamic_contact|capture_counter|incorporation_16|durable_128|incumbent_256_egress|fresh_retention_post_force|fresh_retention_2048|coast_retention_ratio|sink_matched_replacement_post_force|sink_matched_replacement_2048,False,False,False,True,False,False,False,False,True,True,True,False,True,False,False,True,True,True,980105,T256_VALID_TRACK,0.0,,0.0,0.0,3.6637359812630166e-15,0.0,0.0,0.0,0.9941040190255351,0.993883689975582,0.9941040190255351,0.0,0.0,1.1368683772161603e-13,0.0,0.0,0.0
False,32,D1_LEGACY_Q005,remote_dynamic_contact|capture_counter|incorporation_16|durable_128|incumbent_256_egress|fresh_retention_post_force|fresh_retention_2048|coast_retention_ratio|sink_matched_replacement_post_force|sink_matched_replacement_2048,False,False,False,True,False,False,False,False,True,True,True,False,True,False,False,True,True,True,980105,T256_VALID_TRACK,0.0,,0.0,0.0,3.6637359812630166e-15,0.0,0.0,0.0,0.9941040190255351,0.993883689975582,0.9941040190255351,0.0,0.0,1.1368683772161603e-13,0.0,0.0,0.0
False,32,D1_REDESIGNED_Q005,remote_dynamic_contact|capture_counter|incorporation_16|durable_128|incumbent_256_egress|fresh_retention_post_force|fresh_retention_2048|sink_matched_replacement_post_force|sink_matched_replacement_2048,False,True,False,True,False,False,False,False,True,True,True,False,True,False,False,True,True,True,980105,T256_VALID_TRACK,0.0,1.0337395562619303,0.0,4.161641139135696,3.219646771412954e-15,0.014069728593682282,0.013610515829112062,4.212947749222111,0.9947004053230203,0.9903204849844492,0.9941040190255351,0.014069728593682282,0.013610515829112062,5.684341886080802e-14,3.513162623234732,4.181355325244175,6.805870051723177
False,32,D2_REDESIGNED_Q005,never_merged|remote_dynamic_contact|capture_counter|incorporation_16|durable_128|fresh_retention_post_force|fresh_retention_2048|sink_matched_replacement_post_force|sink_matched_replacement_2048,False,True,False,True,False,False,False,True,False,True,True,False,True,False,False,True,True,True,980105,T256_VALID_TRACK,0.8925508985408767,1.1224148182287985,0.0,5.011450808302396,3.1086244689504383e-15,0.01714729282209982,0.015277144014508574,5.120682270631047,0.9593939134680671,0.9444167907258996,0.9941040190255351,0.01714729282209982,0.015277144014508574,0.0,3.757526777036033,7.459285955054398,13.17572030165437
False,32,D2_REDESIGNED_Q020,never_merged|remote_dynamic_contact|capture_counter,False,True,True,True,True,True,True,True,False,True,True,False,True,True,True,True,True,True,980105,T256_VALID_TRACK,2.8261685087860893,0.9459982427548522,0.0,12.099817125067066,3.6637359812630166e-15,0.03813716247267141,0.04031420012114584,13.027489061836048,0.9452129040501422,0.9516631522658546,0.9941040190255351,0.03813716247267141,0.04031420012114584,5.684341886080802e-14,8.542962195301618,10.545373337607105,25.493075226756318
False,32,D2_REDESIGNED_Q050,never_merged|remote_dynamic_contact|capture_counter,False,True,True,True,True,True,True,True,False,True,True,False,True,True,True,True,True,True,980105,T256_VALID_TRACK,5.785900087140204,1.0212450414372598,0.0,14.995832031627476,2.9976021664879227e-15,0.0451458181174159,0.04420664608944339,16.62939447587562,0.9690897783965665,0.9595822505337531,0.9941040190255351,0.0451458181174159,0.04420664608944339,0.0,9.408163665648381,9.996383023212026,27.833582387656673
False,32,D2_REDESIGNED_Q100,never_merged|remote_dynamic_contact|capture_counter,False,True,True,True,True,True,True,True,False,True,True,False,True,True,True,True,True,True,980105,T256_VALID_TRACK,4.732437098880887,0.9971478494500183,0.0,17.60743909301603,3.4416913763379853e-15,0.047732174676928175,0.04786870342573078,19.62589044550642,0.9580737736334514,0.9608006247035772,0.9941040190255351,0.047732174676928175,0.04786870342573078,0.0,10.047934862050408,9.91007091144943,29.481208210592577
False,32,DIRECT_INTERFACE_Q100,no_direct_operator_insertion|remote_dynamic_contact,True,True,True,True,True,True,True,True,True,False,True,False,True,True,True,True,True,True,980105,T256_VALID_TRACK,0.0,0.982599439995375,70.30368898394507,66.23291599970554,5.662137425588298e-15,0.21801412283484112,0.22187486982067411,66.36963930208087,0.9862644471808282,0.9552346933773672,0.9941040190255351,0.21801412283484112,0.22187486982067411,5.684341886080802e-14,13.917703872986644,7.044305676799356,68.67242713093077
False,32,SHAM,remote_dynamic_contact|capture_counter|incorporation_16|durable_128|incumbent_256_egress|fresh_retention_post_force|fresh_retention_2048|coast_retention_ratio|sink_matched_replacement_post_force|sink_matched_replacement_2048,False,False,False,True,False,False,False,False,True,True,True,False,True,False,False,True,True,True,980106,T256_VALID_TRACK,0.0,,0.0,0.0,3.1086244689504383e-15,0.0,0.0,0.0,0.9876375694799265,0.9903367839911992,0.9876375694799265,0.0,0.0,0.0,0.0,0.0,0.0
False,32,D1_LEGACY_Q005,remote_dynamic_contact|capture_counter|incorporation_16|durable_128|incumbent_256_egress|fresh_retention_post_force|fresh_retention_2048|coast_retention_ratio|sink_matched_replacement_post_force|sink_matched_replacement_2048,False,False,False,True,False,False,False,False,True,True,True,False,True,False,False,True,True,True,980106,T256_VALID_TRACK,0.0,,0.0,0.0,3.1086244689504383e-15,0.0,0.0,0.0,0.9876375694799265,0.9903367839911992,0.9876375694799265,0.0,0.0,0.0,0.0,0.0,0.0
False,32,D1_REDESIGNED_Q005,remote_dynamic_contact|capture_counter|incorporation_16|durable_128|incumbent_256_egress|fresh_retention_post_force|fresh_retention_2048|sink_matched_replacement_post_force|sink_matched_replacement_2048,False,True,False,True,False,False,False,False,True,True,True,False,True,False,False,True,True,True,980106,T256_VALID_TRACK,0.0,1.034844499854003,0.0,3.5418360470613077,3.1086244689504383e-15,0.012127970633695376,0.011719606796389606,3.551472112012079,0.9907524177182786,0.983233509395515,0.9876375694799265,0.012127970633695376,0.011719606796389606,1.1368683772161603e-13,3.088148999967481,3.269065557864443,6.03706120981799
False,32,D2_REDESIGNED_Q005,remote_dynamic_contact|capture_counter|incorporation_16|durable_128|fresh_retention_post_force|sink_matched_replacement_post_force,False,True,False,True,True,False,False,True,True,True,True,False,True,True,False,True,True,True,980106,T256_VALID_TRACK,0.0,1.1095569622725572,0.0,6.3908406974679375,3.1086244689504383e-15,0.022266490567466317,0.02006791117948631,6.5095099446216995,0.9788417617402504,0.9574335868258508,0.9876375694799265,0.022266490567466317,0.02006791117948631,1.1368683772161603e-13,4.9687488718064765,8.288655825929252,13.03866894174413
False,32,D2_REDESIGNED_Q020,remote_dynamic_contact|capture_counter|incorporation_16|fresh_retention_post_force|sink_matched_replacement_post_force,False,True,True,True,True,False,False,True,True,True,True,False,True,True,False,True,True,True,980106,T256_VALID_TRACK,0.0,0.9811511395897622,0.0,10.664619923569102,3.1086244689504383e-15,0.03562248369469662,0.03630682598971557,11.207647456342858,0.9865669478341832,0.9790792683190104,0.9876375694799265,0.03562248369469662,0.03630682598971557,5.684341886080802e-14,7.95679568621672,9.311901421371429,20.011790988921817
False,32,D2_REDESIGNED_Q050,never_merged|remote_dynamic_contact|capture_counter,False,True,True,True,True,True,True,True,False,True,True,False,True,True,True,True,True,True,980106,T256_VALID_TRACK,3.3780217187596993,0.9648680876321496,0.0,15.18627303028754,3.4416913763379853e-15,0.04196951536989253,0.04349767176245668,16.567864234395785,0.9867229088834998,0.9890458510937579,0.9876375694799265,0.04196951536989253,0.04349767176245668,5.684341886080802e-14,9.327184924094865,9.344262079511685,22.4948027473722
False,32,D2_REDESIGNED_Q100,remote_dynamic_contact|capture_counter,False,True,True,True,True,True,True,True,True,True,True,False,True,True,True,True,True,True,980106,T256_VALID_TRACK,0.0,0.987678655590135,0.0,17.644105079064307,3.1086244689504383e-15,0.04849779977589219,0.04910281243945168,18.9773427943624,0.9949049772239905,0.9947370636514407,0.9876375694799265,0.04849779977589219,0.04910281243945168,1.1368683772161603e-13,10.36455406014518,7.660251062949459,24.514512246035927
False,32,DIRECT_INTERFACE_Q100,no_direct_operator_insertion|remote_dynamic_contact,True,True,True,True,True,True,True,True,True,False,True,False,True,True,True,True,True,True,980106,T256_VALID_TRACK,0.0,0.986354225854432,71.328717073782,67.54205789962379,5.88418203051333e-15,0.22791368499031908,0.23106676994554187,67.71449746621686,0.9854051378582107,0.9650618064233932,0.9876375694799265,0.22791368499031908,0.23106676994554187,5.684341886080802e-14,13.93124831652338,6.154670784016114,69.60218039271643
False,32,SHAM,remote_dynamic_contact|capture_counter|incorporation_16|durable_128|incumbent_256_egress|fresh_retention_post_force|fresh_retention_2048|coast_retention_ratio|sink_matched_replacement_post_force|sink_matched_replacement_2048,False,False,False,True,False,False,False,False,True,True,True,False,True,False,False,True,True,True,980107,T256_VALID_TRACK,0.0,,0.0,0.0,3.6637359812630166e-15,0.0,0.0,0.0,0.9954103532283789,0.9967222651112164,0.9954103532283789,0.0,0.0,5.684341886080802e-14,0.0,0.0,0.0
False,32,D1_LEGACY_Q005,remote_dynamic_contact|capture_counter|incorporation_16|durable_128|incumbent_256_egress|fresh_retention_post_force|fresh_retention_2048|coast_retention_ratio|sink_matched_replacement_post_force|sink_matched_replacement_2048,False,False,False,True,False,False,False,False,True,True,True,False,True,False,False,True,True,True,980107,T256_VALID_TRACK,0.0,,0.0,0.0,3.6637359812630166e-15,0.0,0.0,0.0,0.9954103532283789,0.9967222651112164,0.9954103532283789,0.0,0.0,5.684341886080802e-14,0.0,0.0,0.0
False,32,D1_REDESIGNED_Q005,remote_dynamic_contact|capture_counter|incorporation_16|durable_128|incumbent_256_egress|fresh_retention_post_force|fresh_retention_2048|sink_matched_replacement_post_force|sink_matched_replacement_2048,False,True,False,True,False,False,False,False,True,True,True,False,True,False,False,True,True,True,980107,T256_VALID_TRACK,0.0,1.0039449750592921,0.0,4.331248400659026,3.219646771412954e-15,0.014193479866335573,0.014137706964963212,4.359051867391647,0.9922004381560466,0.9878032740860527,0.9954103532283789,0.014193479866335573,0.014137706964963212,0.0,3.7536441927986344,4.077533844671378,7.22881520942779
False,32,D2_REDESIGNED_Q005,never_merged|remote_dynamic_contact|capture_counter|incorporation_16|durable_128|fresh_retention_post_force|sink_matched_replacement_post_force,False,True,False,True,True,False,False,True,False,True,True,False,True,True,False,True,True,True,980107,T256_VALID_TRACK,1.6708772234490181,1.0638859532370213,0.0,6.483921038173397,2.9976021664879227e-15,0.02201354435209324,0.02069163925429597,6.563984671934478,0.9803350070279319,0.9640961519664852,0.9954103532283789,0.02201354435209324,0.02069163925429597,0.0,4.728984386661686,8.891854014014179,12.891040556468415
False,32,D2_REDESIGNED_Q020,never_merged|remote_dynamic_contact|capture_counter|fresh_retention_post_force|sink_matched_replacement_post_force,False,True,True,True,True,False,True,True,False,True,True,False,True,True,False,True,True,True,980107,T256_VALID_TRACK,2.730726186056459,1.009890696522253,0.0,12.31170424510545,2.7755575615628914e-15,0.0400135978478016,0.03962171152343109,14.009961437017708,0.9857974048000662,0.9725250957961474,0.9954103532283789,0.0400135978478016,0.03962171152343109,5.684341886080802e-14,8.811021200741159,10.523539820660224,22.067443650914015
False,32,D2_REDESIGNED_Q050,never_merged|remote_dynamic_contact|capture_counter,False,True,True,True,True,True,True,True,False,True,True,False,True,True,True,True,True,True,980107,T256_VALID_TRACK,5.640963406634474,0.9725022143542342,0.0,15.376365167198381,3.1086244689504383e-15,0.04203972455124764,0.043228410106153914,17.192920229283345,0.9747929614803502,0.9783001132329369,0.9954103532283789,0.04203972455124764,0.043228410106153914,5.684341886080802e-14,9.571882817678421,10.666161463192598,23.97482663529354
False,32,D2_REDESIGNED_Q100,never_merged|remote_dynamic_contact|capture_counter,False,True,True,True,True,True,True,True,False,True,True,False,True,True,True,True,True,True,980107,T256_VALID_TRACK,7.487613510629663,0.9881091801898989,0.0,17.96022458871399,3.219646771412954e-15,0.0467876167312662,0.047350654835809095,19.654695042011028,0.98146900402341,0.9826328156168185,0.9954103532283789,0.0467876167312662,0.047350654835809095,5.684341886080802e-14,10.344320863032332,9.822306972070756,25.348496053829557
False,32,DIRECT_INTERFACE_Q100,no_direct_operator_insertion|remote_dynamic_contact,True,True,True,True,True,True,True,True,True,False,True,False,True,True,True,True,True,True,980107,T256_VALID_TRACK,0.0,0.9873951044218798,73.30697553157198,68.89143047806769,4.9960036108132044e-15,0.2285715516997596,0.23148945207054508,69.17378553698721,0.9867466403680567,0.9545956828865781,0.9954103532283789,0.2285715516997596,0.23148945207054508,5.684341886080802e-14,13.772973656216406,7.136019670898352,71.56744165934737
False,32,SHAM,remote_dynamic_contact|capture_counter|incorporation_16|durable_128|incumbent_256_egress|fresh_retention_post_force|fresh_retention_2048|coast_retention_ratio|sink_matched_replacement_post_force|sink_matched_replacement_2048,False,False,False,True,False,False,False,False,True,True,True,False,True,False,False,True,True,True,980108,T256_VALID_TRACK,0.0,,0.0,0.0,2.9976021664879227e-15,0.0,0.0,0.0,1.0037817596948366,1.0063674752163945,1.0037817596948366,0.0,0.0,0.0,0.0,0.0,0.0
False,32,D1_LEGACY_Q005,remote_dynamic_contact|capture_counter|incorporation_16|durable_128|incumbent_256_egress|fresh_retention_post_force|fresh_retention_2048|coast_retention_ratio|sink_matched_replacement_post_force|sink_matched_replacement_2048,False,False,False,True,False,False,False,False,True,True,True,False,True,False,False,True,True,True,980108,T256_VALID_TRACK,0.0,,0.0,0.0,2.9976021664879227e-15,0.0,0.0,0.0,1.0037817596948366,1.0063674752163945,1.0037817596948366,0.0,0.0,0.0,0.0,0.0,0.0
False,32,D1_REDESIGNED_Q005,remote_dynamic_contact|capture_counter|incorporation_16|durable_128|incumbent_256_egress|fresh_retention_post_force|fresh_retention_2048|sink_matched_replacement_post_force|sink_matched_replacement_2048,False,True,False,True,False,False,False,False,True,True,True,False,True,False,False,True,True,True,980108,T256_VALID_TRACK,0.0,1.0871590513552674,0.0,3.652135878676975,3.4416913763379853e-15,0.012538743133738546,0.011533494678729462,3.689293808574312,0.9943114913234107,0.9850170206939592,1.0037817596948366,0.012538743133738546,0.011533494678729462,0.0,3.1436959433865774,4.105375406997326,7.553038573925651
False,32,D2_REDESIGNED_Q005,remote_dynamic_contact|capture_counter|incorporation_16|durable_128|fresh_retention_post_force|fresh_retention_2048|sink_matched_replacement_post_force|sink_matched_replacement_2048,False,True,False,True,False,False,False,True,True,True,True,False,True,False,False,True,True,True,980108,T256_VALID_TRACK,0.0,1.342983678340917,0.0,3.4369199310541823,2.9976021664879227e-15,0.012159835203612588,0.009054343250570621,3.5670735136508522,0.9538495652865804,0.9359216599280173,1.0037817596948366,0.012159835203612588,0.009054343250570621,0.0,2.861067053841192,6.33557346868869,12.811179436365562
False,32,D2_REDESIGNED_Q020,remote_dynamic_contact|capture_counter|incorporation_16|fresh_retention_post_force|sink_matched_replacement_post_force,False,True,True,True,True,False,False,True,True,True,True,False,True,True,False,True,True,True,980108,T256_VALID_TRACK,0.0,1.0070504262947044,0.0,9.593309293635853,3.1086244689504383e-15,0.03314625595170796,0.032914196832888286,9.83929507492671,0.9520381336989625,0.9446294089173738,1.0037817596948366,0.03314625595170796,0.032914196832888286,0.0,7.230798086231938,10.574912767313231,25.413723900872103
False,32,D2_REDESIGNED_Q050,never_merged|remote_dynamic_contact|capture_counter,False,True,True,True,True,True,True,True,False,True,True,False,True,True,True,True,True,True,980108,T256_VALID_TRACK,3.5983694694549198,0.9975351380263363,0.0,12.918577111730267,3.6637359812630166e-15,0.04010943531176114,0.04020854382244547,14.535275569756871,0.9535274215128479,0.94860445880399,1.0037817596948366,0.04010943531176114,0.04020854382244547,0.0,8.565496214084568,9.910931784018606,29.582555491477656
False,32,D2_REDESIGNED_Q100,never_merged|remote_dynamic_contact|capture_counter,False,True,True,True,True,True,True,True,False,True,True,False,True,True,True,True,True,True,980108,T256_VALID_TRACK,3.2188625459437565,0.970172485772189,0.0,16.955981756493177,3.774758283725532e-15,0.04535741232477644,0.046751905449756326,18.14440226635227,0.9525277902480703,0.957355991844088,1.0037817596948366,0.04535741232477644,0.046751905449756326,1.1368683772161603e-13,9.600701552720848,9.562597814434584,31.7625890298709
False,32,DIRECT_INTERFACE_Q100,no_direct_operator_insertion|remote_dynamic_contact,True,True,True,True,True,True,True,True,True,False,True,False,True,True,True,True,True,True,980108,T256_VALID_TRACK,0.0,0.988407032868253,67.32751600041428,63.49066594327792,5.329070518200751e-15,0.2136826615706908,0.21618893276245338,63.706946880634156,0.9962428096592377,0.9630792035849195,1.0037817596948366,0.2136826615706908,0.21618893276245338,1.7053025658242404e-13,13.746612677745738,6.604744546688128,65.57330939252194
