law_index,condition,seed,n_meas,sum_P,sum_M,sum_PP,sum_MM,sum_PM,mean_P,mean_M,mean_turnover,probe_count,cross_cadence_endpoints,eligible_seed,n_tracks,long_tracks,mean_track_obs,max_track_obs,censored_tracks,births,splits,merges,ambiguous
0,OFF,7001,686,600.3977445715018,645.0084583878435,532.3156080240942,616.6892926380633,569.0222898283266,0.8752153710954836,0.9402455661630371,0.05975443383696322,0,0,False,25,9,11.4,59,19,25,0,1,0
0,OFF,7002,1091,965.9798088653343,1015.0617620941142,865.4418578187042,968.3861698896895,907.7807833100173,0.8854077074842661,0.9303957489405263,0.06960425105947292,8,0,False,26,15,16.76923076923077,61,17,26,0,8,0
0,OFF,7003,1022,916.0578892970199,947.7320707980778,831.6535339133051,905.3752055224057,861.732827894979,0.8963384435391584,0.9273307933444987,0.0726692066555006,5,0,False,24,14,16.791666666666668,61,15,24,0,8,0
0,ON,7001,311,235.08104095911682,248.6024470590993,184.18798601225114,218.8200360487087,197.26048215858754,0.7558875915084142,0.7993647815405122,0.20063521845948767,1,0,False,107,5,2.682242990654206,20,98,107,0,1,0
0,ON,7002,262,188.51987950464726,200.83865877604106,140.69654471205584,173.94636965679442,151.9576767563667,0.7195415248268979,0.7665597663207674,0.23344023367923283,0,0,False,121,8,2.3057851239669422,12,115,121,5,5,1
0,ON,7003,240,182.14049588987555,199.31759271535208,142.92138191854642,176.5660268574649,156.6455282795657,0.7589187328744814,0.8304899696473004,0.16951003035269957,0,0,False,100,4,2.4,24,94,100,1,0,0
1,OFF,7001,799,668.7634695230486,702.5521976093924,566.6833693106963,640.4022276652091,595.9878353159362,0.8370005876383586,0.8792893587101281,0.1207106412898731,3,0,False,30,11,11.3,61,24,30,4,3,0
1,OFF,7002,609,486.78127211244714,463.98038093182726,395.7790145686281,388.681095075534,380.01484988462295,0.7993124336821792,0.7618725466860874,0.23812745331391236,27,0,False,75,10,4.533333333333333,61,69,75,3,6,1
1,OFF,7003,806,692.8022650348117,693.9634789566866,601.3309182098502,625.7525815101071,605.2472949075855,0.8595561600928185,0.860996872154698,0.13900312784530128,12,1,True,42,10,8.547619047619047,59,33,42,2,1,0
1,ON,7001,317,241.08483581208367,236.19942347323007,188.95130653124681,196.260354783011,188.22184669955885,0.7605199867889074,0.7451085913982021,0.25489140860179815,3,0,False,108,6,2.6666666666666665,21,96,108,4,3,0
1,ON,7002,309,236.5428739092,236.88440245884098,186.5007810622464,201.92430399077924,189.62519786470898,0.7655109188,0.7666161891871877,0.23338381081281223,1,0,False,104,8,2.6153846153846154,19,95,104,1,1,0
1,ON,7003,259,206.32165633375337,210.67201843809002,169.2286197044824,188.37970590221437,174.7656966185993,0.7966087117133335,0.8134054765949421,0.18659452340505778,1,0,False,109,7,2.3211009174311927,26,91,109,1,1,1
2,OFF,7001,488,365.765951175271,280.1936027436971,280.7491632661559,194.68279621462415,219.9810598197072,0.7495203917526045,0.5741672187370842,0.42583278126291585,23,0,False,187,10,2.609625668449198,14,169,187,11,6,2
2,OFF,7002,402,290.23971763087604,199.10676020202754,215.49697406287297,124.95573831636109,152.06993981253441,0.7219893473404877,0.4952904482637501,0.5047095517362501,19,0,False,220,7,2.227272727272727,11,202,220,8,9,0
2,OFF,7003,430,327.22719894470697,260.1034252881066,254.5076243555377,181.91017884186715,205.33445473962038,0.7609934859179232,0.604891686716527,0.3951083132834735,25,0,False,153,8,2.627450980392157,22,144,153,7,4,0
2,ON,7001,244,185.48645259610132,187.54316489907592,145.6326395613623,159.72083250324687,149.45957158547165,0.7601903794922185,0.7686195282749013,0.23138047172509887,2,0,False,122,4,2.319672131147541,14,113,122,1,3,0
2,ON,7002,180,125.35168822314418,127.75044368659371,90.63902015644639,101.84037705231582,93.1965720104617,0.6963982679063565,0.7097246871477428,0.29027531285225705,1,0,False,131,2,1.9618320610687023,15,122,131,0,4,0
2,ON,7003,225,173.08250228089875,174.48311234809543,136.74520678121448,147.19287141706937,139.6832021765341,0.7692555656928833,0.7754804993248686,0.22451950067513154,0,0,False,92,3,2.402173913043478,22,83,92,3,2,0
3,OFF,7001,922,802.4733341873632,840.2117945168982,708.7036181273711,802.37085437259,744.4582721968736,0.8703615338257735,0.9112926187818853,0.08870738121811515,1,0,False,38,11,10.263157894736842,61,29,38,0,5,4
3,OFF,7002,1076,953.0576451814746,988.7105683564731,856.4500809923376,939.9641041763408,889.8980401576233,0.8857413059307385,0.9188759928963505,0.08112400710364852,5,0,False,30,14,14.333333333333334,61,18,30,1,6,0
3,OFF,7003,823,736.2572127091981,767.8404520321292,666.7644116084731,734.4406327325121,694.6667694064882,0.8946017165360852,0.9329774629795008,0.06702253702049871,7,0,False,30,13,11.7,61,21,30,0,4,0
3,ON,7001,517,433.90203871082326,444.78105242763155,374.6642948467362,409.6204766493851,387.3075338099915,0.8392689336766408,0.8603115133996742,0.13968848660032698,2,0,False,73,10,4.301369863013699,30,64,73,8,8,1
3,ON,7002,420,312.2011971955282,330.51214128243487,239.79633031156203,285.95095114431,256.728451800774,0.7433361837988767,0.786933669720083,0.21306633027991617,0,0,False,100,10,3.3,18,91,100,7,8,2
3,ON,7003,520,418.79614877700976,450.85425593335964,348.89172568474874,415.48585004153534,376.4785577547722,0.8053772091865572,0.8670274152564609,0.1329725847435397,1,0,False,73,11,4.260273972602739,29,64,73,6,4,0
4,OFF,7001,759,709.3268445070249,723.5636401438253,669.6643113775765,708.4493720748671,683.1464070259932,0.9345544723412713,0.9533117788456196,0.04668822115437958,4,0,False,27,9,11.407407407407407,61,18,27,1,4,0
4,OFF,7002,1004,936.5117531069909,959.4864570225101,883.1278968101656,935.4970348811302,904.4754608618487,0.9327806305846523,0.9556638018152491,0.04433619818475134,1,0,False,22,13,17.727272727272727,61,10,22,1,3,0
4,OFF,7003,768,712.0713998716919,733.2274945539498,667.9944254328847,716.5159691610492,685.6149890849556,0.9271763019162655,0.9547233002004555,0.045276699799544705,8,0,False,27,10,11.62962962962963,61,18,27,2,6,0
4,ON,7001,566,432.33156588957235,430.34831146262695,338.94043992858286,371.99034406330657,342.3574519839041,0.7638366888508346,0.7603327057643585,0.23966729423564112,4,0,False,139,13,3.1870503597122304,22,121,139,7,10,17
4,ON,7002,452,321.0208821881782,307.6242012213347,237.0379325715311,247.9801210249663,232.2169502934608,0.7102231906818102,0.6805845159764042,0.3194154840235952,4,0,False,141,10,2.6666666666666665,27,135,141,14,11,10
4,ON,7003,572,435.582071694031,432.88138411377963,340.08245843926335,375.2706511497599,342.27295345518195,0.7615071183462081,0.7567856365625518,0.24321436343744834,8,0,False,134,14,3.201492537313433,23,119,134,10,12,16
5,OFF,7001,1689,1608.5987641311474,1638.4343073593075,1541.6233606359472,1612.205515970621,1570.5981290388906,0.9523971368449659,0.9700617568734798,0.029938243126520218,2,1,True,33,21,19.727272727272727,61,12,33,2,3,0
5,OFF,7002,1296,1238.126678758723,1277.5588161021979,1189.6430375363368,1265.3997813381295,1224.159170721607,0.9553446595360517,0.985770691436881,0.014229308563118475,0,0,False,33,18,15.575757575757576,60,15,33,1,4,0
5,OFF,7003,1880,1797.21214390304,1822.1373698197226,1728.0558468155332,1793.4620557203843,1753.786186272928,0.9559639063314043,0.9692220052232567,0.030777994776743214,13,0,False,36,25,20.13888888888889,61,12,36,4,5,1
5,ON,7001,749,575.2320001361268,581.5983138472507,455.41524711871097,511.7029544501069,466.2958987158064,0.7680000001817446,0.7764997514649542,0.22350024853504585,7,0,False,132,21,3.840909090909091,22,117,132,15,17,10
5,ON,7002,1118,892.2068681088213,869.9904641520048,728.2220988195014,773.30742055355,721.2406426559705,0.7980383435678187,0.7781667836780007,0.22183321632200093,17,0,False,108,21,5.435185185185185,61,90,108,26,21,32
5,ON,7003,654,508.72270235589787,482.26845327111323,409.05870686346884,418.99266112133773,396.90974911689057,0.7778634592597826,0.7374135371117939,0.2625864628882064,10,0,False,141,21,3.3404255319148937,25,120,141,20,21,14
6,OFF,7001,694,544.1718556981515,476.1405015784779,439.13660853837536,375.39904707582684,392.517610269495,0.7841093021587198,0.6860814143782102,0.3139185856217898,19,0,False,148,18,3.310810810810811,28,130,148,10,7,2
6,OFF,7002,651,493.2480937886932,412.7172577789909,384.60728264645246,306.16766921593404,327.0999005368595,0.7576775634234919,0.6339742823025974,0.36602571769740283,30,0,False,137,17,3.4014598540145986,26,128,137,5,13,2
6,OFF,7003,941,744.0067687276523,640.4675256708376,600.9677567458973,511.25990126716243,528.9382929035627,0.7906554396680684,0.680624363093345,0.3193756369066548,34,0,False,143,22,4.111888111888112,37,128,143,6,19,5
6,ON,7001,202,142.19018050491763,137.76528302468986,104.27448833931494,108.50932058511476,102.95675206969544,0.7039117846778101,0.6820063516073755,0.317993648392624,1,0,False,123,3,2.048780487804878,16,117,123,3,1,0
6,ON,7002,177,124.1523210059753,132.67312614360858,90.58275308761134,111.99216670280283,97.50363850585012,0.7014255424066401,0.7495656844271671,0.25043431557283263,0,0,False,131,4,1.8854961832061068,13,128,131,1,1,0
6,ON,7003,278,195.9722375420623,191.03552074974556,143.42572345251472,152.1458539982175,141.77255104916873,0.7049361062664111,0.6871781321933293,0.31282186780667065,3,0,False,147,7,2.1904761904761907,13,132,147,6,8,1
7,OFF,7001,692,550.0774740825349,573.7308054794636,453.65105727716565,517.9212795859686,475.63915699598,0.7949096446279406,0.8290907593633867,0.17090924063661442,7,0,False,100,18,4.21,28,85,100,5,9,2
7,OFF,7002,1226,1062.7228422723922,1096.0591954077431,935.3353723652735,1020.0908691011225,965.4981386404272,0.8668212416577424,0.894012394296691,0.10598760570330878,7,1,True,61,17,8.868852459016393,61,46,61,3,14,11
7,OFF,7003,1236,1040.3641641890824,1051.5500212982338,895.908490935622,971.5914364857165,912.8397948755394,0.8417185794410053,0.8507686256458202,0.14923137435417905,12,0,False,77,25,7.753246753246753,40,56,77,13,16,11
7,ON,7001,602,420.3959868655979,382.94320790242233,306.20175571861745,303.93089324554103,287.44587807727027,0.6983322040956775,0.6361182855521965,0.36388171444780304,7,0,False,132,15,3.3484848484848486,28,114,132,18,15,3
7,ON,7002,424,296.69432871671125,267.94248482982357,215.70489946845703,206.59651652969012,200.3218732083835,0.6997507752752624,0.631939822711848,0.36806017728815194,5,0,False,161,10,2.608695652173913,14,140,161,20,19,12
7,ON,7003,716,542.3047427287858,533.7982053614281,422.2295778349292,467.77116010135217,423.59471737359615,0.7574088585597566,0.7455282197785309,0.2544717802214682,5,0,False,144,15,3.4930555555555554,26,126,144,20,18,17
8,OFF,7001,1329,1201.1979929188456,1208.027921369137,1098.0169039297004,1139.1619849554447,1108.289019902462,0.9038359615642179,0.9089751101347908,0.09102488986520953,23,0,False,32,21,16.71875,61,17,32,1,9,0
8,OFF,7002,1636,1502.2254979101433,1539.1651071151061,1389.9362188022485,1476.6909872166786,1425.788296786161,0.9182307444438529,0.9408099676742703,0.05919003232572914,11,0,False,42,23,15.523809523809524,61,21,42,1,6,13
8,OFF,7003,1370,1222.1310697756142,1202.142560393683,1101.3388531122887,1109.33551235897,1090.8745883235717,0.8920664742887695,0.877476321455243,0.12252367854475717,23,0,False,41,19,13.634146341463415,61,26,41,4,11,7
8,ON,7001,380,280.4937313552337,260.71328250669245,215.3078070323995,211.07559205731786,204.89697899812737,0.7381413983032465,0.6860875855439275,0.3139124144560722,2,0,False,140,11,2.6,19,134,140,12,11,1
8,ON,7002,355,261.2227657756538,239.18234165337074,199.18546966361558,190.27766246800658,186.95827505085455,0.7358387768328276,0.6737530750799176,0.32624692492008217,4,0,False,159,7,2.3962264150943398,16,147,159,15,13,9
8,ON,7003,334,238.47970075195428,207.47946372163963,178.73622443398398,156.64861944515667,160.31562521571257,0.7140110800956715,0.6211959991665857,0.3788040008334137,3,0,False,152,6,2.348684210526316,17,143,152,13,5,3
9,OFF,7001,1583,1397.2323273357329,1479.3935703185673,1245.5244741211156,1430.1438711167584,1321.512527203576,0.8826483432316695,0.9345505813762269,0.06544941862377113,9,0,False,44,23,14.590909090909092,61,26,44,8,11,0
9,OFF,7002,1393,1245.357165577142,1320.1907474168352,1121.940746284969,1279.5716598264364,1190.2688158303558,0.8940108869900517,0.9477320512683669,0.052267948731633616,8,0,False,35,20,15.914285714285715,61,17,35,4,13,0
9,OFF,7003,1616,1409.9753171939149,1487.917299806591,1241.8031731180113,1413.4612499788743,1313.5464742134,0.872509478461581,0.9207409033456627,0.07925909665433616,7,0,False,42,24,15.5,61,24,42,7,16,1
9,ON,7001,142,96.70880523181212,94.46226006374951,68.37984584256607,69.87401883591302,67.14848988324808,0.681047924167691,0.6652271835475317,0.33477281645246804,0,0,False,123,2,1.7723577235772359,10,114,123,2,2,1
9,ON,7002,116,74.23422952406864,70.35781962530089,49.563184398045415,48.72559424384391,47.43832348487025,0.639950254517833,0.606532927804318,0.393467072195682,0,0,False,112,0,1.7857142857142858,7,109,112,2,4,0
9,ON,7003,106,71.91454780985538,77.6081301189634,50.95977334749455,61.38411591290051,54.87452776796658,0.6784391302816545,0.732152170933617,0.26784782906638305,0,0,False,104,2,1.6923076923076923,13,95,104,1,2,0
10,OFF,7001,1645,1462.3281434921741,1521.6618104934255,1309.1782592580405,1445.71903299209,1364.8953973070566,0.8889532787186469,0.9250223771996507,0.07497762280034763,7,0,False,42,22,15.738095238095237,60,21,42,2,3,0
10,OFF,7002,1036,904.23283668723,907.0681138984098,797.2294663141903,836.3824682918084,804.4580896458885,0.8728116184239672,0.8755483724888126,0.12445162751118659,9,0,False,40,16,10.925,61,28,40,6,8,0
10,OFF,7003,1496,1331.1311027477257,1351.798653679394,1194.672839527456,1262.242109104014,1217.5186311563498,0.8897935178794958,0.9036087257215201,0.09639127427848082,13,0,False,47,23,13.319148936170214,61,29,47,4,8,0
10,ON,7001,113,80.37456587656304,85.76247742951908,59.2910039770906,70.83263647399909,63.30018498649136,0.7112793440403808,0.7589599772523813,0.24104002274761863,1,0,False,119,3,1.6554621848739495,10,116,119,1,0,0
10,ON,7002,133,93.52423664520997,103.65227235938937,68.0355542884057,86.07349188432495,75.05440725324907,0.703189749212105,0.7793403936796194,0.2206596063203808,1,0,False,91,2,1.89010989010989,20,88,91,1,0,0
10,ON,7003,127,82.81198828344198,84.7185385332856,57.1135024070299,63.880769208364875,58.29621083743157,0.6520628998696218,0.6670751065613039,0.33292489343869625,0,0,False,105,1,1.7904761904761906,18,96,105,1,0,0
11,OFF,7001,942,768.4154618758678,813.1116163795442,634.5422496931208,736.5517232232022,674.1304106286309,0.8157276665348915,0.8631758135663952,0.13682418643360403,2,0,False,65,13,6.861538461538461,61,56,65,6,11,4
11,OFF,7002,836,667.5601476362793,674.9644469921391,542.408180039367,593.3173661973394,553.7079153926593,0.7985169230099035,0.807373740421219,0.1926262595787807,17,0,False,80,13,5.525,58,74,80,6,14,6
11,OFF,7003,1041,860.8238591970127,900.9175384920846,722.7503128252253,823.8503760145281,759.1564932291527,0.8269201337147096,0.8654347151701102,0.13456528482988792,11,0,False,65,19,7.384615384615385,61,53,65,6,14,4
11,ON,7001,853,682.4966407065331,745.4002860361002,556.6422186926408,693.2666029485692,609.1770387770098,0.8001132950838605,0.8738573107105512,0.12614268928944805,6,0,False,96,14,4.6875,54,81,96,8,7,5
11,ON,7002,579,451.05003955304596,475.8735641030536,360.15774695472163,426.71316149657116,383.05364480489783,0.7790156123541381,0.8218887117496607,0.17811128825034,3,0,False,98,15,4.010204081632653,31,86,98,4,9,1
11,ON,7003,668,523.0086599398082,575.0839298298453,418.6992907095074,528.2372908881191,461.10598779340165,0.7829470957182758,0.8609040865716246,0.1390959134283767,2,0,False,93,9,4.204301075268817,39,84,93,3,6,0
12,OFF,7001,767,621.6249714237554,585.3484306998199,511.23181599430507,483.4971934435793,484.9698493425143,0.8104628049853395,0.763166141720756,0.23683385827924458,28,2,True,70,12,5.5,60,61,70,4,7,0
12,OFF,7002,1092,929.5715462281948,925.5037027681706,800.324588370523,822.579217499013,801.0245754603948,0.8512559947144641,0.8475308633408155,0.1524691366591851,15,0,False,41,16,11.073170731707316,61,29,41,4,7,0
12,OFF,7003,863,708.93088083771,652.9149986841361,589.3216201013639,527.5887064950288,546.6760278879962,0.8214726313299073,0.7565643090198564,0.24343569098014264,15,0,False,99,16,4.8686868686868685,52,84,99,2,3,1
12,ON,7001,458,350.98801362434415,310.4616251562709,274.82061192447884,243.2685506384726,246.9935900069784,0.7663493747256422,0.677863810384871,0.3221361896151287,4,0,False,102,11,3.2549019607843137,31,90,102,3,4,1
12,ON,7002,383,288.834267507162,265.4272545587716,223.6687788949175,211.17158465527257,208.15807911319803,0.754136468687107,0.6930215523727719,0.30697844762722787,1,0,False,112,10,2.75,22,103,112,7,4,0
12,ON,7003,534,418.75990147700173,390.77174369382647,336.3552396426191,320.1151157646832,317.55698978130647,0.7841945720543103,0.7317822915614728,0.2682177084385278,8,0,False,94,14,3.776595744680851,22,76,94,5,3,0
13,OFF,7001,687,536.9848396604365,487.59596180925945,430.5855357316724,384.20014068952304,397.2641666446794,0.7816373211942307,0.7097466693002321,0.2902533306997672,3,0,False,119,17,3.8487394957983194,41,107,119,13,12,11
13,OFF,7002,894,719.7777583771352,675.2317964646298,591.0177247550881,560.0047919798598,560.9833509698985,0.8051205350974667,0.7552928372087582,0.24470716279124244,8,0,False,107,14,4.654205607476635,61,95,107,6,14,3
13,OFF,7003,959,763.528164098793,685.4743302042385,620.4820544839246,551.9229141274071,566.9839256809337,0.7961711825847685,0.7147803234663592,0.28521967653363883,28,0,False,105,22,5.0285714285714285,38,96,105,13,19,1
13,ON,7001,395,288.87251602247727,241.4301850668059,217.51986739525867,174.71639431116736,185.97500370411504,0.7313228253733601,0.611215658396977,0.38878434160302305,5,0,False,153,8,2.588235294117647,17,144,153,8,14,2
13,ON,7002,444,332.28510089966863,317.706881856492,253.94157917497049,248.28050903905378,244.08892720627392,0.7483898668911456,0.7155560402173242,0.2844439597826754,5,0,False,134,8,2.6641791044776117,25,122,134,11,5,1
13,ON,7003,465,340.44398551486967,294.30819544975463,255.34575571235,215.20952688986844,224.37536412281926,0.7321376032577842,0.6329208504295799,0.36707914957041965,4,0,False,139,10,2.762589928057554,34,124,139,9,6,0
14,OFF,7001,535,417.25305881943103,270.1861538099465,330.3172830073885,176.05072208365604,218.9116458059654,0.7799122594755721,0.5050208482428907,0.49497915175710944,80,0,False,192,10,2.6302083333333335,27,180,192,18,10,3
14,OFF,7002,410,317.81700930217744,224.07235349488116,251.3860814017461,149.44897686049893,181.28030864811876,0.775163437322384,0.5465179353533687,0.4534820646466314,39,0,False,201,8,2.3383084577114426,13,183,201,13,9,1
14,OFF,7003,399,303.3385789331291,207.661492502136,236.91250449724515,135.52320787421027,166.10906683521088,0.760247064995311,0.5204548684264061,0.4795451315735945,40,0,False,203,8,2.270935960591133,16,182,203,12,8,3
14,ON,7001,179,139.6033819178853,134.29984142300802,111.46001764062432,109.36762238508595,108.43236651901108,0.7799071615524318,0.7502784437039555,0.24972155629604484,2,0,False,93,2,2.161290322580645,20,90,93,2,3,2
14,ON,7002,199,148.7545021043774,131.22640315399312,114.80902137015036,98.42409530227087,102.68540963551484,0.747510060826017,0.6594291615778549,0.34057083842214475,2,0,False,121,3,2.1074380165289255,13,115,121,3,3,1
14,ON,7003,227,172.36056696728016,158.57252707515386,134.1915598237924,120.68202504425821,124.40249201753288,0.7592976518382386,0.6985573879962725,0.30144261200372735,6,0,False,93,5,2.3655913978494625,18,84,93,3,2,0
15,OFF,7001,1033,898.9498814140757,932.2870002632392,789.7126531907033,865.8692686072935,820.1875506938461,0.8702322182130452,0.9025043564987795,0.09749564350122104,13,2,True,34,16,12.588235294117647,61,25,34,1,7,0
15,OFF,7002,1513,1349.3110121901223,1389.2345116433228,1211.1922199664643,1309.2820679941703,1248.9637596766547,0.8918116405750973,0.9181986197246019,0.08180138027539496,15,0,False,26,21,22.53846153846154,61,14,26,5,14,0
15,OFF,7003,992,874.0474644196404,916.0883334081065,778.5876376597729,862.7743743355048,815.6304857519416,0.8810962342939923,0.9234761425484944,0.07652385745150635,2,0,False,29,14,13.862068965517242,61,20,29,2,6,1
15,ON,7001,1142,957.5356547558144,1045.6673271173265,811.0254505610628,1004.0354552152562,888.9757975305806,0.8384725523255818,0.915645645461757,0.08435435453824246,11,0,False,97,18,5.88659793814433,61,82,97,3,2,2
15,ON,7002,1110,918.0645639857366,989.0932688749751,768.3807109666693,940.2602955910902,833.8378821679347,0.827085192779943,0.8910750170044821,0.10892498299551738,22,0,False,122,18,4.918032786885246,51,107,122,3,4,0
15,ON,7003,1037,871.6071685861424,970.3406554556552,738.8965015421451,939.6516531985513,824.5834949514673,0.8405083592923264,0.9357190505840456,0.06428094941595425,3,0,False,112,17,5.008928571428571,51,94,112,3,1,0
16,OFF,7001,393,295.9085356885174,206.97961450831642,228.1573485022236,132.65806860884928,162.63718379576005,0.7529479279606042,0.5266656857717975,0.4733343142282029,34,0,False,202,6,2.282178217821782,17,190,202,14,13,0
16,OFF,7002,392,292.7980404976187,215.31666990090815,225.68902954066047,143.99254288934756,169.72311798847318,0.7469337767796395,0.5492772191349697,0.4507227808650309,27,0,False,198,4,2.3333333333333335,14,189,198,4,6,2
16,OFF,7003,447,333.0018217326036,229.66451506260492,253.5871161865919,150.16752094439647,179.09992369464726,0.7449705184174578,0.5137908614375949,0.48620913856240516,31,0,False,209,8,2.411483253588517,13,194,209,12,15,2
16,ON,7001,436,330.69867242096103,293.0823528004567,254.73747034828756,233.92286338463035,229.6261409891722,0.7584831936260574,0.6722072311937081,0.327792768806293,14,0,False,247,8,2.2348178137651824,12,235,247,2,3,1
16,ON,7002,490,370.1627615342982,311.08278295921514,284.56020296839904,246.1656661101519,243.01940567616424,0.7554342072128535,0.6348628223657452,0.36513717763425546,34,0,False,264,5,2.2765151515151514,16,246,264,12,15,1
16,ON,7003,522,392.8508793807425,308.5813991563993,299.66473583365934,230.60020382291083,238.67846050275438,0.7525878915339895,0.5911521056636002,0.4088478943364001,37,0,False,264,9,2.382575757575758,11,243,264,4,4,4
17,OFF,7001,745,635.5741722033555,625.1047188570097,552.0892487108378,553.8350084470816,544.8291713277798,0.853119694232692,0.8390667367208184,0.16093326327918095,11,2,True,65,12,5.753846153846154,57,56,65,2,2,0
17,OFF,7002,816,690.3157482491963,675.3902819990861,595.2386919012853,590.7469129499758,585.9140767300684,0.8459751816779366,0.8276841691165271,0.17231583088347147,8,0,False,52,12,7.3076923076923075,61,46,52,2,4,0
17,OFF,7003,608,518.8127425058045,513.345121620003,448.39883396771125,454.84300415331444,446.22297851006584,0.853310431752968,0.8443176342434261,0.15568236575657365,6,1,True,65,11,4.969230769230769,48,62,65,1,1,0
17,ON,7001,833,698.0623388757105,755.8135833121127,592.6136464682821,725.7457069199356,645.9068180636218,0.8380100106551146,0.9073392356688027,0.09266076433119723,7,0,False,111,13,4.423423423423423,47,99,111,3,3,0
17,ON,7002,834,686.3596668066797,759.0389471639477,570.4538406674061,725.8630076466294,633.759917876087,0.822973221590743,0.9101186416833905,0.08988135831661012,4,0,False,122,15,4.147540983606557,42,107,122,4,2,0
17,ON,7003,933,772.1518634964802,845.6440734024429,647.2316458651022,811.31172330643,713.002166638492,0.8276011398676101,0.9063709254045477,0.09362907459545235,6,0,False,117,18,4.641025641025641,52,105,117,7,2,0
18,OFF,7001,379,274.9450212669569,194.0235768984054,203.71003594522168,118.32482828766157,145.76116167458468,0.7254486049260077,0.5119355590986949,0.488064440901305,13,0,False,183,5,2.26775956284153,35,171,183,10,10,0
18,OFF,7002,357,255.72211580204214,162.29987436571363,186.92208249897783,89.64407000389987,120.33854518727068,0.7163084476247679,0.4546214968227273,0.5453785031772728,25,3,True,239,4,1.9790794979079498,26,218,239,13,13,1
18,OFF,7003,404,279.446223167106,169.6462508208398,198.2178307362544,94.33686060175575,123.52280663202356,0.6916985721958069,0.4199164624278213,0.5800835375721787,16,0,False,218,7,2.1788990825688073,20,209,218,8,16,1
18,ON,7001,368,256.9598574111695,159.07250592544716,181.96974004917965,99.17754731774615,114.20242673039031,0.6982604820955692,0.43226224436262817,0.567737755637372,11,0,False,319,4,1.890282131661442,10,301,319,6,9,1
18,ON,7002,436,300.0194629006538,174.10934933920865,209.99103498226154,99.51550919789732,123.52953721685947,0.6881180341758115,0.39933337004405656,0.6006666299559436,16,0,False,302,6,2.0496688741721854,11,278,302,17,12,1
18,ON,7003,438,298.44017301340733,161.3569380636564,207.20448321753605,88.3319260469496,113.12425141061165,0.6813702580214779,0.3683948357617726,0.6316051642382275,17,0,False,295,4,2.1186440677966103,10,274,295,12,8,2
19,OFF,7001,1713,1591.5741661414684,1643.5981040201627,1489.167018066322,1604.5508234235865,1538.5847409582427,0.9291150999074538,0.9594851745593478,0.04051482544065216,11,3,True,25,21,25.92,61,4,25,0,0,0
19,OFF,7002,1473,1359.6788574482725,1396.5114683476158,1264.3410765444132,1350.6797121762033,1299.1204781983893,0.9230677918861321,0.9480729588239075,0.051927041176093786,8,0,False,31,18,18.451612903225808,61,13,31,1,9,0
19,OFF,7003,1445,1327.4201124914994,1378.7688702078794,1230.731290539236,1344.480402767804,1278.5028465642822,0.9186298356342556,0.9541653081023387,0.04583469189766125,6,0,False,34,19,16.647058823529413,61,16,34,0,2,1
19,ON,7001,2269,1933.4353380896218,2128.4983575634838,1663.0802083135216,2064.6003377104485,1834.290359321692,0.8521090075317858,0.9380777247965992,0.061922275203398346,11,0,False,112,35,8.991071428571429,60,76,112,6,4,2
19,ON,7002,1617,1374.1263842494766,1529.5260101010067,1177.253156922619,1488.9060887333953,1312.3237856290875,0.8497998665735786,0.9459035312931395,0.05409646870685832,1,0,False,106,24,7.0754716981132075,54,82,106,2,3,0
19,ON,7003,1844,1561.0506744413249,1742.783612221111,1333.060056294658,1699.668582314545,1491.4362956996936,0.8465567648814126,0.945110418775006,0.05488958122499338,6,0,False,128,31,6.828125,55,101,128,6,3,1
20,OFF,7001,368,269.73133364282234,199.04269915623777,202.30798263918592,126.72964540428018,150.60302968041907,0.7329655805511477,0.5408768998810809,0.45912310011891877,16,0,False,127,6,2.52755905511811,43,118,127,5,6,0
20,OFF,7002,367,275.37035361457816,182.88835055361326,210.4608940850005,110.32109410896028,141.8423061551353,0.7503279390043002,0.498333380255077,0.5016666197449224,28,0,False,164,6,2.317073170731707,15,143,164,13,6,1
20,OFF,7003,345,261.18336668169195,189.14968763962554,201.2652619271569,127.65200517385213,149.11086381824995,0.7570532367585274,0.5482599641728276,0.4517400358271724,14,0,False,164,4,2.2865853658536586,30,149,164,10,1,1
20,ON,7001,1068,847.5971735460902,902.3510995405561,682.3672942311758,838.1224068670795,734.5398497094039,0.7936303123090732,0.8448980332776742,0.1551019667223258,14,0,False,218,21,3.4357798165137616,48,191,218,5,4,0
20,ON,7002,580,448.29758339654023,427.9639027639029,350.77551706841797,370.02961788222575,339.5603605260916,0.7729268679250694,0.7378687978687981,0.26213120213120217,15,0,False,272,10,2.375,22,248,272,6,4,1
20,ON,7003,454,332.299436788059,278.8632006065832,246.46915359159058,210.9290396107779,209.23767065709407,0.7319370854362532,0.6142361246841039,0.38576387531589656,13,0,False,300,4,2.09,12,270,300,9,7,2
21,OFF,7001,442,351.7077597062733,362.1939925265414,283.79814871911196,313.16339369688205,292.76970286787076,0.7957189133626092,0.8194434220057498,0.18055657799425134,4,0,False,69,6,3.7246376811594204,61,66,69,0,3,0
21,OFF,7002,461,351.54372176402825,352.847605247722,272.82164646560204,292.57857363058025,273.8165324918951,0.7625677261692587,0.7653961068280304,0.23460389317197083,6,0,False,59,7,4.220338983050848,61,56,59,2,4,0
21,OFF,7003,363,280.26852226769944,300.34527012439713,220.56354844551842,263.72664589359096,236.81870210436222,0.7720895930239654,0.8273974383592207,0.17260256164077917,1,0,False,77,4,3.103896103896104,50,68,77,0,4,0
21,ON,7001,379,289.4067642558948,291.1394047029216,225.45786688953757,239.94534165981463,228.1330565490777,0.7636062381422026,0.7681778488203735,0.2318221511796266,4,0,False,96,7,3.1458333333333335,26,90,96,1,3,0
21,ON,7002,404,293.82242438910714,260.1383450195291,218.81044424388128,194.63388791410904,196.5297545521193,0.7272832286859088,0.6439067946027948,0.35609320539720496,3,0,False,145,10,2.56551724137931,14,133,145,4,6,0
21,ON,7003,422,301.6387413003756,296.20168038361504,221.75481535496863,230.73176425109997,217.6879087062521,0.7147837471572882,0.7018997165488509,0.298100283451149,3,0,False,115,9,2.860869565217391,29,112,115,5,5,0
22,OFF,7001,321,216.89913754528266,164.2038552008509,152.23042532380632,108.98374337085212,117.3780314777745,0.6756982478046188,0.511538489722277,0.48846151027772294,8,0,False,197,6,2.0913705583756346,14,185,197,7,6,4
22,OFF,7002,296,204.74118285450888,165.1175268723529,145.73653493300964,111.63152630193214,119.70154441901344,0.6916931853192867,0.5578294826768679,0.44217051732313256,5,0,False,194,7,1.9690721649484537,13,182,194,5,5,0
22,OFF,7003,348,243.94945380166635,189.12828514204452,175.4408480996317,126.60904273023174,137.15384476687876,0.7010041775909953,0.5434720837415072,0.45652791625849276,11,0,False,199,6,2.1055276381909547,25,193,199,14,8,0
22,ON,7001,321,221.23268639752112,174.95006736436588,157.92628078882072,124.63068807340869,130.44522695583257,0.6891983999922776,0.5450157861818251,0.454984213818175,4,0,False,208,3,2.1153846153846154,8,202,208,8,4,1
22,ON,7002,358,247.24102077886738,183.44390393240766,175.81425476604784,124.41275536205723,135.1300630627827,0.6906173764772832,0.5124131394759991,0.487586860524001,1,0,False,204,4,2.235294117647059,14,189,204,10,7,3
22,ON,7003,360,246.23134342717702,185.5839905072065,173.7467262896056,124.32439749049342,135.52379444551053,0.6839759539643806,0.5155110847422403,0.48448891525775967,1,0,False,173,8,2.3641618497109826,14,158,173,2,5,0
23,OFF,7001,397,280.2327133666622,220.73445529861954,203.84134112843603,145.08685510039604,160.52911281232494,0.7058758523089729,0.5560061846312835,0.44399381536871674,9,0,False,154,7,2.448051948051948,24,145,154,9,5,0
23,OFF,7002,463,353.69474562107575,308.5898162561686,274.90712407113955,236.34248770967204,243.1452317298834,0.7639195369785653,0.6665006830586795,0.3334993169413207,17,0,False,111,9,3.045045045045045,42,102,111,4,5,0
23,OFF,7003,393,295.93841380579096,268.0011844840351,226.3890547549938,201.91461328066146,205.3846696577696,0.7530239537043026,0.6819368561934736,0.3180631438065264,6,0,False,140,6,2.4285714285714284,36,131,140,0,7,1
23,ON,7001,426,306.57254018998947,254.9322849343529,227.1075324977006,181.19779150540708,193.0804578778505,0.7196538502112428,0.5984325937426125,0.40156740625738807,7,0,False,163,7,2.5950920245398774,17,148,163,4,10,1
23,ON,7002,509,384.2127676699472,365.12633862023756,295.53781721930756,291.77560354825465,283.080864822233,0.7548384433594247,0.7173405473875001,0.2826594526125003,10,0,False,132,14,3.015151515151515,45,117,132,2,4,0
23,ON,7003,480,352.4219894219393,322.1127396468611,265.64363780293564,249.66177940140383,246.90724438898138,0.7342124779623735,0.6710682075976273,0.3289317924023725,4,0,False,167,8,2.7365269461077846,22,158,167,9,10,1
24,OFF,7001,374,274.05457800028705,157.97757609257073,204.5198668865666,86.86964666175069,120.23670626291639,0.7327662513376659,0.4223999360763923,0.5776000639236077,33,0,False,253,7,1.9881422924901186,18,238,253,10,12,1
24,OFF,7002,305,219.16921732805426,133.07500700818704,161.58784164267695,75.9294523018388,100.48171850354734,0.7185875977968992,0.4363114983874985,0.5636885016125016,17,0,False,225,3,1.9822222222222223,11,207,225,4,5,4
24,OFF,7003,333,242.91695547043952,156.61622972462226,180.84120849228546,89.92758968853947,118.43230047224887,0.7294803467580766,0.4703190081820488,0.5296809918179516,22,0,False,226,4,2.02212389380531,10,208,226,6,9,0
24,ON,7001,474,344.3586413606008,245.77665725295165,256.0752771657969,166.4167294801787,188.42741901402297,0.7264950239675123,0.5185161545420921,0.4814838454579085,16,0,False,210,9,2.4095238095238094,16,192,210,15,8,3
24,ON,7002,579,427.7037497260655,322.0288731607916,323.948646892965,231.06278369347473,251.80503914530775,0.738693868266089,0.5561811280842687,0.44381887191573166,12,0,False,205,13,2.6439024390243904,18,193,205,14,13,5
24,ON,7003,583,430.5911367015827,348.1688677701289,326.3958334859465,256.6491453173793,271.03990218568975,0.7385782790764711,0.5972021745628283,0.4027978254371723,14,0,False,208,13,2.6153846153846154,16,190,208,10,13,4
25,OFF,7001,1082,1004.5618809441295,1018.2230083169321,941.1230839993553,984.8769903580649,957.1289316855397,0.9284305738855171,0.941056384766111,0.05894361523388866,11,0,False,41,16,11.024390243902438,59,26,41,2,6,0
25,OFF,7002,1393,1282.528477543227,1285.9138819513814,1190.6273768093351,1230.1813293046084,1201.441967907615,0.9206952459032498,0.9231255433965408,0.07687445660345876,13,0,False,58,22,10.310344827586206,57,37,58,7,5,6
25,OFF,7003,942,871.007590086259,857.8306215047344,813.6573348282831,821.0356804266377,809.3040073120612,0.924636507522568,0.9106482181578921,0.08935178184210746,9,0,False,51,14,8.254901960784315,61,39,51,9,4,0
25,ON,7001,820,704.812389201526,700.3703559670763,614.6648335824725,636.0193486094369,617.1314763063596,0.8595273039043,0.8541101902037516,0.14588980979624847,2,0,False,62,13,6.564516129032258,51,50,62,4,5,0
25,ON,7002,1042,855.0567752702191,789.6888055700742,714.6889380234594,689.6036657609466,675.2821672123367,0.8205919148466594,0.757858738550935,0.24214126144906437,24,0,False,94,24,6.031914893617022,34,73,94,24,11,3
25,ON,7003,1155,985.9110549440392,964.6843945795986,853.9582221046389,885.3808116958238,848.9802330552735,0.853602644973194,0.8352245840516005,0.16477541594839867,7,0,False,73,21,7.63013698630137,52,55,73,16,14,3
26,OFF,7001,427,341.85393654560033,296.9589011150657,277.87152413972854,224.4149922101231,243.49654704734775,0.8005946991700242,0.6954541009720508,0.3045458990279501,17,0,False,63,8,4.190476190476191,34,60,63,2,1,0
26,OFF,7002,638,520.3122300589766,412.2327252519319,428.53782681599995,301.8745952701516,342.8784527968741,0.8155364107507471,0.6461327982005203,0.35386720179947945,52,0,False,89,13,4.235955056179775,36,80,89,12,11,0
26,OFF,7003,388,307.87529103934156,278.6450763715203,249.4345719466235,219.25109942517287,226.75054593385437,0.7934930181426328,0.7181574133286606,0.2818425866713393,14,0,False,91,7,3.2747252747252746,21,79,91,4,2,0
26,ON,7001,1140,967.9758860790862,963.368046839856,834.6947255027271,888.9171309543487,843.3056270072824,0.8491016544553388,0.8450596902104,0.1549403097895993,22,0,False,127,26,5.031496062992126,39,97,127,14,20,6
26,ON,7002,1368,1156.7229406784447,1150.93527227023,991.7134105042709,1055.8511355263124,1000.3278107538847,0.8455577051743017,0.8413269534139107,0.1586730465860886,24,0,False,100,26,6.89,61,70,100,15,11,2
26,ON,7003,799,633.9087950273126,589.9823174729096,512.9649807905218,493.2739387347722,487.11101366748244,0.7933777159290522,0.7384008979635914,0.26159910203640785,16,0,False,116,20,4.327586206896552,28,104,116,15,7,3
27,OFF,7001,432,333.6336966342968,320.5777226351204,265.0143947736924,263.0190174227849,255.22614858481714,0.7723002236905019,0.7420780616553713,0.2579219383446296,14,0,False,100,9,3.06,61,91,100,6,4,0
27,OFF,7002,440,336.6100273697637,304.3716609695376,262.86108320632223,235.03971379427028,239.65983318496808,0.7650227894767357,0.6917537749307672,0.30824622506923266,11,0,False,131,7,2.7099236641221376,54,122,131,6,6,1
27,OFF,7003,522,392.3461961227777,351.7271570694943,301.95158088255386,263.81693334320977,272.2922151998207,0.751621065369306,0.6738068143093761,0.32619318569062355,9,0,False,109,10,3.3211009174311927,32,100,109,5,9,0
27,ON,7001,540,414.90637675315185,421.82313714559285,327.23692287064057,359.59463310673476,336.51542164418515,0.7683451421354663,0.7811539576770238,0.21884604232297653,0,0,False,109,9,3.477064220183486,61,94,109,3,2,0
27,ON,7002,619,483.2758764522112,480.91055669676575,386.5213079677236,415.6835382634383,390.9791907599266,0.7807364724591457,0.7769152773776506,0.22308472262234866,0,0,False,113,11,3.584070796460177,61,95,113,7,4,1
27,ON,7003,755,596.4551935510148,613.7528984773174,480.58089246959133,539.7003304618565,498.43479469058866,0.7900068788755162,0.8129177463275727,0.18708225367242579,7,0,False,115,20,4.191304347826087,30,94,115,6,8,5
28,OFF,7001,374,277.5324242181673,208.34267449430178,211.31525218483253,139.64720935645335,162.1890002470752,0.7420653053961692,0.5570659745836946,0.44293402541630505,19,0,False,193,7,2.1709844559585494,28,172,193,7,2,0
28,OFF,7002,463,353.00713532809544,311.68396468750177,274.08363077388424,237.92603729810543,244.32828235551267,0.7624344175552817,0.6731835090442803,0.32681649095571985,8,0,False,155,7,2.541935483870968,42,143,155,7,4,1
28,OFF,7003,482,360.44030737802774,223.9586751106729,275.1118381538963,139.120071827682,176.03622617101703,0.7478014675892691,0.46464455417152056,0.5353554458284803,31,0,False,208,8,2.3990384615384617,20,196,208,12,16,0
28,ON,7001,813,624.0782589459156,566.7583488027773,492.8623337615879,470.08331087434004,462.20932618308575,0.7676239347428236,0.6971197402248183,0.3028802597751814,6,0,False,171,20,3.461988304093567,26,150,171,13,13,3
28,ON,7002,637,470.35544725965207,411.8865818399516,357.2184078276201,324.63461692444696,323.215711489437,0.7383915969539279,0.6466037391522003,0.3533962608477997,12,0,False,168,11,3.005952380952381,28,144,168,12,18,1
28,ON,7003,973,743.8080720317673,661.9353519736204,585.1384021946649,549.0766467110994,538.5927398417494,0.7644481726945194,0.6803035477632275,0.3196964522367716,20,2,True,152,27,4.197368421052632,23,134,152,19,14,6
29,OFF,7001,667,553.0330344404186,586.4253120758743,466.66115903050365,539.9021497862866,495.1966249594925,0.8291349841685437,0.8791983689293468,0.120801631070653,2,0,False,39,10,7.769230769230769,61,33,39,2,9,0
29,OFF,7002,871,731.55101599732,744.141281913726,627.0908642049727,680.4949810790633,642.969191604026,0.8398978369659241,0.85435279209383,0.14564720790617014,3,0,False,74,18,5.945945945945946,58,62,74,3,11,0
29,OFF,7003,872,751.2505335765495,758.7185831360504,656.8815123101023,700.4774855177468,667.9290341382516,0.8615258412575109,0.8700901182752871,0.12990988172471257,15,3,True,50,12,8.0,57,38,50,1,5,0
29,ON,7001,488,386.49842115006305,402.0186725591564,313.0716989594115,353.6934720200384,328.31546009399733,0.7920049613730801,0.823808755244173,0.1761912447558269,0,0,False,87,11,3.7586206896551726,38,81,87,2,3,0
29,ON,7002,583,443.03199413071013,445.3232748110583,345.93531494876305,378.9039825763601,352.96247254853057,0.7599176571710294,0.7638478127119354,0.23615218728806428,2,0,False,115,14,3.7130434782608694,21,103,115,3,11,1
29,ON,7003,570,459.1623043658861,493.62132753498946,376.9916014177991,451.1131406472722,407.00730975050766,0.8055479023962914,0.8660023290087534,0.13399767099124696,0,0,False,86,12,4.22093023255814,44,83,86,3,5,0
30,OFF,7001,1110,995.7949614191616,1056.5380871664563,904.0326417596128,1022.0274676073848,955.6884330952869,0.8971125778551006,0.951836114564375,0.04816388543562456,0,0,False,32,16,14.09375,61,20,32,2,6,0
30,OFF,7002,799,694.1883210886076,746.2730315611226,613.7286054582603,709.7312618854684,656.5369174643184,0.868821428145942,0.9340088004519682,0.06599119954803238,1,0,False,47,13,7.76595744680851,61,35,47,0,4,0
30,OFF,7003,790,661.6592277102367,696.917655117729,565.4256654778743,645.7339469259948,596.053652368343,0.8375433262154894,0.8821742469844671,0.11782575301553169,9,0,False,40,13,8.775,61,34,40,0,8,2
30,ON,7001,674,573.7577825700773,622.2932560862239,493.9730938983026,589.9472157099633,535.7707483347208,0.8512726744363165,0.9232837627392045,0.0767162372607946,1,0,False,51,13,6.529411764705882,35,42,51,0,6,0
30,ON,7002,506,407.60880850109277,453.44209631933296,333.9264881120454,421.5035147062759,371.740739251442,0.8055510049428711,0.8961306251370217,0.10386937486297713,0,0,False,60,10,4.866666666666666,31,51,60,1,3,0
30,ON,7003,483,382.1811612583386,410.2585454784265,307.38475389105497,369.6583497472791,331.6592157755537,0.7912653442201627,0.8493965744894959,0.1506034255105044,1,0,False,58,10,4.689655172413793,61,52,58,3,5,0
31,OFF,7001,806,654.9005337095534,700.564423368956,545.2178749178071,659.0572913072814,585.9110958606578,0.8125316795403889,0.8691866294900199,0.1308133705099804,3,0,False,88,16,4.8977272727272725,36,82,88,2,9,6
31,OFF,7002,464,347.4048904086462,398.25728929001497,272.24269674587697,362.72157575933676,306.526565964715,0.7487174362255307,0.8583131234698599,0.14168687653014064,3,0,False,98,7,3.122448979591837,61,92,98,4,3,0
31,OFF,7003,483,413.9145140374933,450.2411236922934,361.88479095334634,434.94031900825263,391.8556264029409,0.8569658675724499,0.9321762395285578,0.06782376047144248,0,0,False,44,10,5.454545454545454,48,38,44,0,2,0
31,ON,7001,539,425.74714042445163,448.3957830582556,345.7451301040566,404.24890364906827,367.6780356946252,0.7898833774108565,0.8319031225570604,0.1680968774429403,0,0,False,54,11,5.555555555555555,50,48,54,5,7,1
31,ON,7002,563,437.64666107756483,472.2202561676013,347.99629446756563,426.1095954345041,376.99462367013825,0.7773475329974509,0.838757115750624,0.1612428842493765,1,0,False,79,10,4.227848101265823,59,73,79,6,2,0
31,ON,7003,478,377.01229998964106,404.1847113138889,303.1876272280102,364.4492941854325,327.415260048058,0.7887286610661947,0.8455747098616923,0.1544252901383081,1,0,False,53,11,5.188679245283019,47,47,53,4,6,0
32,OFF,7001,821,710.3227201463515,761.1286195285312,623.828622830886,728.0422151703141,666.936496317443,0.865192107364618,0.9270750542369443,0.07292494576305589,10,0,False,41,9,8.634146341463415,61,32,41,1,4,1
32,OFF,7002,921,839.2463144535876,877.8105375397084,774.1223921152985,851.0982494220449,807.136754566261,0.9112337833372287,0.9531059039519093,0.04689409604809013,5,0,False,40,12,9.65,60,28,40,1,4,0
32,OFF,7003,1383,1274.3420919486286,1312.5303518767405,1187.6864339256022,1273.8631614150079,1224.5748728596725,0.9214331828985023,0.9490458075753727,0.050954192424628106,5,1,True,36,19,15.36111111111111,61,18,36,3,0,0
32,ON,7001,1029,922.964324553307,974.761365310366,839.4978211439491,945.1538150147921,885.8234152083064,0.896952696358899,0.9472899565698407,0.05271004343015938,1,0,False,53,15,8.566037735849056,60,38,53,3,2,1
32,ON,7002,687,553.495203581685,600.8874626097162,460.22127173194167,556.69957850802,499.6107615085814,0.8056698742091485,0.8746542396065737,0.12534576039342657,1,0,False,51,14,6.549019607843137,61,42,51,0,6,1
32,ON,7003,547,451.3743248274124,475.09967237717785,380.3695023200343,443.2234648752731,404.6396020856925,0.825181581037317,0.8685551597388992,0.1314448402611007,0,0,False,57,13,5.333333333333333,30,48,57,0,4,0
33,OFF,7001,490,359.88388215383105,388.0539876884051,276.6952338420207,342.6566832952248,296.3330276343569,0.7344569023547572,0.7919469136498063,0.2080530863501946,1,0,False,99,10,3.303030303030303,45,90,99,2,3,3
33,OFF,7002,514,381.4992604628848,402.28652795692796,296.2112408317351,352.40485562586804,313.59498025726396,0.742216460044523,0.7826586147021944,0.21734138529780603,0,0,False,114,9,3.017543859649123,61,105,114,1,10,0
33,OFF,7003,816,647.573569638786,703.2474579117694,530.8936476762277,639.5386256937603,571.2472489607931,0.7935950608318456,0.8618228650879527,0.13817713491204783,3,0,False,86,17,4.976744186046512,59,77,86,3,4,3
33,ON,7001,504,353.34315606362765,361.32930786308356,258.6334186497472,300.8499847139452,268.99511595354704,0.7010776906024359,0.7169232298870706,0.28307677011292887,2,0,False,141,11,3.0567375886524824,17,132,141,8,7,3
33,ON,7002,734,563.4526919366547,597.4011240659579,446.8427928851929,527.437830925246,477.4114607335116,0.7676467192597475,0.8138979891906784,0.18610201080932198,1,0,False,113,15,4.008849557522124,51,98,113,5,4,2
33,ON,7003,521,365.4041005463539,397.9788207507599,269.3836032328758,341.072017910209,296.2286687057063,0.7013514405880114,0.7638748958747791,0.23612510412522159,1,0,False,130,12,3.0615384615384613,44,115,130,3,4,1
34,OFF,7001,548,465.324403742944,486.2302088936474,402.6618606963664,457.49703979317457,422.1421002229103,0.849132123618511,0.8872814030905974,0.11271859690940247,7,0,False,41,7,6.317073170731708,61,35,41,2,3,0
34,OFF,7002,310,258.8742295665746,255.63201481353187,221.36451736988388,229.62464840133993,220.0109759578532,0.8350781598921763,0.8246194026242963,0.17538059737570375,3,0,False,60,5,3.3666666666666667,50,57,60,1,9,1
34,OFF,7003,387,314.0877024212142,291.5121136012367,260.5586809463858,252.73599352449423,246.09202577471183,0.8115961302873752,0.753261275455392,0.2467387245446082,15,0,False,108,5,2.7314814814814814,61,105,108,3,5,0
34,ON,7001,1367,1196.9729988498557,1292.675096366508,1061.788382136843,1251.6783490241128,1145.5482154418416,0.8756203356619281,0.9456291853449217,0.05437081465507819,0,0,False,70,23,8.9,52,43,70,4,3,0
34,ON,7002,1409,1166.667313752777,1232.8494913481056,981.0666259291561,1142.8122752820148,1042.9357133735202,0.8280108685257467,0.8749818959177471,0.12501810408225142,13,0,False,102,26,6.6568627450980395,52,72,102,12,8,3
34,ON,7003,1665,1416.496988975753,1493.5008355296814,1223.556271317757,1418.5760288268077,1297.24473035295,0.8507489423277796,0.8969974988166254,0.10300250118337498,17,0,False,89,25,8.561797752808989,61,65,89,16,15,6
35,OFF,7001,866,770.2985737007267,801.3654602157227,694.5189503423819,759.6341682646901,721.3667990623265,0.889490269862271,0.9253642727664234,0.07463572723357599,8,0,False,30,12,11.8,61,21,30,1,4,0
35,OFF,7002,806,704.3619246925631,717.7900205687508,623.0150429026423,660.8968020013667,635.4537991554787,0.8738981695937508,0.8905583381746288,0.10944166182537113,11,0,False,33,10,10.424242424242424,60,24,33,0,7,0
35,OFF,7003,931,823.5908634370195,841.0675849215826,737.0841483965903,786.1509864477438,753.4127038722114,0.8846303581493228,0.9034023468545462,0.09659765314545171,7,0,False,30,12,12.6,61,21,30,0,5,0
35,ON,7001,374,291.98718564818125,320.48722513589706,234.20891706756257,289.6882843176902,257.7473164470564,0.7807144001288269,0.8569177142671044,0.1430822857328946,1,0,False,80,9,3.3625,21,71,80,0,5,0
35,ON,7002,535,433.83563330500084,478.9518433519216,357.8812177703188,444.62333940950293,394.74841906824435,0.8109077258037399,0.8952370903774235,0.10476290962257714,0,0,False,70,12,4.514285714285714,43,61,70,0,0,0
35,ON,7003,621,505.6341294882083,554.9682837720552,418.92539094950985,518.9411038301167,461.26777674207426,0.8142256513497719,0.893668733932456,0.10633126606754446,1,0,False,92,14,4.173913043478261,30,77,92,0,3,0
36,OFF,7001,277,206.2638901377936,196.07211522741386,160.57073083323948,152.21340580992003,150.52497509767238,0.7446349824469083,0.7078415712181005,0.2921584287818989,7,0,False,147,6,2.129251700680272,17,132,147,2,4,0
36,OFF,7002,306,216.8430376522046,188.92266918233992,160.6292999253558,137.78576911527773,141.07210186062474,0.708637377948381,0.617394343733137,0.3826056562668634,6,0,False,144,7,2.2708333333333335,15,135,144,3,1,0
36,OFF,7003,427,320.6832936816942,303.973267446527,250.22785188734588,239.99997285970665,236.37215258595194,0.7510147393013915,0.7118811883993607,0.2881188116006392,8,1,True,119,8,2.7983193277310923,30,110,119,7,7,1
36,ON,7001,450,339.42205866104194,356.31774708046476,264.78311077488075,305.9042753904384,279.4351338593687,0.7542712414689821,0.7918172157343661,0.2081827842656335,4,0,False,95,11,3.4,25,89,95,5,5,0
36,ON,7002,350,268.5145400336634,287.37023235309175,211.91205414882205,251.4882864717942,226.2991890574837,0.7671844000961812,0.8210578067231193,0.17894219327688046,0,0,False,119,6,2.680672268907563,24,110,119,1,4,0
36,ON,7003,536,404.51517018311927,418.2471065967721,315.9662051397509,366.63817306457224,331.324548098793,0.754692481684924,0.7803117660387539,0.2196882339612463,0,0,False,108,13,3.5185185185185186,24,93,108,4,6,0
37,OFF,7001,460,323.4607644952826,175.39685397006755,232.01495337738208,93.013132302323,129.21362588778695,0.7031755749897448,0.38129750863058165,0.6187024913694185,24,0,False,210,6,2.447619047619048,14,192,210,11,12,2
37,OFF,7002,330,231.7150753133801,147.97868789094917,166.67477029766414,90.37596411910152,109.7275450942857,0.7021668948890306,0.4484202663362096,0.5515797336637904,7,0,False,230,2,2.0478260869565217,15,212,230,4,5,2
37,OFF,7003,314,216.42264200297896,135.77045434247927,152.84800620966735,80.39029491627775,98.9235875973047,0.6892440828120349,0.43238998198241807,0.5676100180175818,7,0,False,227,5,1.9647577092511013,13,206,227,10,8,2
37,ON,7001,884,652.8605847884867,613.2362671834242,494.52716574615323,499.0807258446898,474.9983682867534,0.7385300732901433,0.6937061845966337,0.30629381540336564,12,0,False,131,24,4.267175572519084,21,110,131,13,19,5
37,ON,7002,639,455.51743724755386,434.6645862333707,335.1670587702518,349.27119139447626,326.7516991754234,0.7128598391980498,0.6802262695357914,0.3197737304642091,4,0,False,143,15,3.3776223776223775,21,128,143,1,15,4
37,ON,7003,370,261.7933581956019,262.3473674715905,190.61954826299325,212.24321700860554,193.3239566031339,0.70754961674487,0.7090469391124067,0.29095306088759276,3,0,False,149,9,2.476510067114094,18,137,149,10,9,0
38,OFF,7001,348,289.02564111666237,260.8636769123327,244.78927892990436,219.12247450099355,225.01574042445975,0.830533451484662,0.7496082669894618,0.25039173301053874,10,0,False,72,7,3.361111111111111,34,63,72,1,3,0
38,OFF,7002,742,615.5089190500688,542.1967552377939,520.1074174855646,452.49862675994495,466.7874491847375,0.8295268450809553,0.7307233898083476,0.2692766101916527,53,0,False,102,15,4.519607843137255,30,87,102,9,15,2
38,OFF,7003,596,479.81373929365594,367.0454694772742,392.58609294816813,276.1922913744083,307.20734633920864,0.805056609553114,0.6158481031497889,0.3841518968502113,68,0,False,113,11,3.5398230088495577,45,95,113,14,14,6
38,ON,7001,1476,1214.9188260179437,1231.2489534023923,1021.1451738982522,1137.631654302359,1050.517864737386,0.8231157357845147,0.834179507725198,0.16582049227480208,6,0,False,109,32,6.7889908256880735,50,82,109,21,17,10
38,ON,7002,1515,1269.4825003249036,1315.842518847887,1085.9272855454813,1237.1650264267862,1137.8744166694935,0.8379422444388803,0.8685429167312786,0.13145708326872163,10,0,False,118,32,6.47457627118644,51,85,118,17,16,7
38,ON,7003,1499,1266.84075896303,1291.3732932919916,1090.5941699792422,1205.8233618187812,1121.6075768850455,0.8451239219233023,0.8614898554316155,0.13851014456838484,19,0,False,111,28,6.846846846846847,61,81,111,32,25,18
39,OFF,7001,1001,895.175377919152,883.0354226849926,814.0960205719979,818.2179689963789,807.6287263710857,0.8942810968223296,0.882153269415577,0.11784673058442341,9,0,False,62,17,7.338709677419355,57,44,62,6,6,0
39,OFF,7002,781,671.9959232862318,661.6461864465708,591.7390005355686,600.8669394011112,587.2457094713449,0.860430119444599,0.8471782156806285,0.15282178431937227,5,0,False,56,15,6.839285714285714,50,44,56,2,7,0
39,OFF,7003,947,857.6780157107307,859.0731422577907,788.2296611993698,808.509363053328,792.6029020020887,0.9056790028624401,0.9071522093535276,0.09284779064647197,2,0,False,42,16,9.738095238095237,61,27,42,1,2,0
39,ON,7001,505,389.20144721691395,398.74885908807994,311.52868844167256,358.5145319380238,325.44523143100986,0.7706959350829979,0.7896017011645148,0.21039829883548505,1,0,False,98,13,3.6530612244897958,22,92,98,0,7,2
39,ON,7002,708,597.607150760744,627.3136592050099,515.9590324652294,581.0252180057441,542.6491765812365,0.8440778965547232,0.8860362418149857,0.11396375818501489,1,0,False,64,15,5.78125,45,52,64,3,7,1
39,ON,7003,746,607.6501501946994,618.1576643382937,509.6552485645771,568.9117807281506,526.7503670797073,0.8145444372583103,0.8286295768609835,0.17137042313901785,2,0,False,101,19,4.5049504950495045,29,86,101,11,12,0
40,OFF,7001,1164,1056.6796505643122,1043.2901180991364,968.6668738404577,968.0046238344291,961.5343588156411,0.9078003870827425,0.8962973523188457,0.10370264768115539,8,1,True,34,17,13.823529411764707,61,19,34,2,3,0
40,OFF,7002,909,806.0090129291157,789.7254728312041,722.186224805714,705.9712195357912,710.7389469209121,0.8866985840804352,0.868784898604185,0.1312151013958162,1,0,False,35,15,10.942857142857143,51,23,35,0,0,0
40,OFF,7003,1031,928.1137199398805,938.7389396896701,843.8419819512984,874.483142640922,855.284902393506,0.900207293831116,0.910513035586489,0.08948696441351285,2,0,False,28,14,14.714285714285714,60,16,28,1,2,0
40,ON,7001,1339,1185.9750934973824,1238.116853641899,1063.7773612975236,1192.3313571467238,1111.9962548054068,0.8857170227762378,0.9246578443927551,0.07534215560724296,22,0,False,73,24,8.465753424657533,57,55,73,9,6,7
40,ON,7002,1042,861.4884890623363,882.2822773716742,728.5021180648027,810.0259494194523,755.0474158995122,0.8267643848966759,0.8467200358653304,0.15327996413467018,11,0,False,82,24,6.414634146341464,43,73,82,8,7,4
40,ON,7003,705,599.6863251352119,641.8383335813703,517.0790869839678,605.2109205844839,553.5364450578802,0.8506189009010098,0.9104089838033621,0.0895910161966379,4,0,False,70,11,5.3,55,61,70,4,6,1
41,OFF,7001,953,843.4965054719311,874.0352511437328,758.695698904641,828.8016969198438,785.064323160176,0.8850960183336107,0.9171408721340323,0.08285912786596737,6,0,False,39,12,10.35897435897436,61,33,39,3,8,0
41,OFF,7002,702,591.4825498587633,609.1504128498393,505.1119348897378,554.727465330363,522.0124471154351,0.8425677348415431,0.867735630840227,0.13226436915977305,9,1,True,48,12,6.979166666666667,50,45,48,1,3,0
41,OFF,7003,555,466.565163609485,496.81286396208907,397.23263012125443,458.5188191084781,422.6480854031841,0.8406579524495226,0.8951583134452056,0.10484168655479391,2,0,False,59,9,4.864406779661017,55,53,59,0,3,0
41,ON,7001,386,315.43608858800263,335.04127723793056,262.91304277251777,304.68054614041193,280.22990486778474,0.8171919393471571,0.8679825835179548,0.13201741648204524,1,0,False,53,5,4.339622641509434,61,41,53,0,5,1
41,ON,7002,409,330.9952119360157,360.03368460611864,274.60310764154,332.5495564037275,298.56322370019575,0.8092792467873245,0.8802779574721727,0.11972204252782719,0,0,False,63,9,3.9523809523809526,29,54,63,1,2,0
41,ON,7003,304,237.8941171460228,256.0187690875438,190.80786900418585,230.92332843803865,206.992155909683,0.7825464379803382,0.8421670035774467,0.15783299642255297,0,0,False,57,8,3.736842105263158,23,51,57,1,1,0
42,OFF,7001,653,549.7963036659567,570.4191883666577,469.40844242033165,517.867234560724,487.18183504217257,0.8419545232250485,0.8735362762123395,0.12646372378766346,9,0,False,25,8,11.0,61,22,25,0,4,0
42,OFF,7002,963,842.0264615203816,874.4702386744076,746.6486859068506,826.3415417370435,776.2167953630247,0.8743784647148304,0.9080687836702052,0.09193121632979599,11,0,False,28,15,14.142857142857142,61,19,28,6,9,1
42,OFF,7003,1085,958.4300914475391,1001.9181401539191,857.6894308174213,954.9969249210684,897.409320625165,0.8833457064032618,0.9234268572847181,0.07657314271528216,6,0,False,43,16,10.813953488372093,61,31,43,7,12,0
42,ON,7001,637,527.2776756016964,535.2477912901265,445.8555714219744,486.1949278064613,456.80268068413903,0.8277514530638875,0.840263408618723,0.1597365913812766,8,0,False,83,14,4.662650602409639,31,74,83,10,10,3
42,ON,7002,622,483.22228326810136,478.27440030214234,388.88954308539536,411.29943587026236,390.00650254366417,0.7768846997879443,0.7689299040227369,0.23107009597726275,17,0,False,82,15,4.719512195121951,28,70,82,16,12,3
42,ON,7003,654,554.1407987989019,584.6272813667571,479.4883995026497,548.2501879292782,508.341624087316,0.8473100899065777,0.8939255066769985,0.10607449332300106,1,0,False,86,16,4.558139534883721,51,77,86,6,8,0
43,OFF,7001,750,591.0502453913441,594.3228508030218,481.740618159074,517.2982159418759,485.76324809140306,0.7880669938551255,0.7924304677373624,0.20756953226263788,10,0,False,80,16,5.025,41,68,80,2,11,1
43,OFF,7002,1182,1115.915210630121,1140.670223024103,1064.6568735393773,1117.620990935031,1087.5364876604247,0.9440907027327589,0.9650340296312209,0.034965970368779756,2,0,False,25,15,18.36,61,10,25,2,5,1
43,OFF,7003,1243,1121.66369414654,1142.4992571066334,1028.3976270362318,1090.8116134963193,1049.5539144132179,0.9023843074388898,0.9191466267953607,0.08085337320463896,7,0,False,57,19,9.543859649122806,61,42,57,6,12,7
43,ON,7001,811,638.8781251415481,624.0866999381846,517.9518498969447,549.1930337975538,515.7117580959905,0.7877658756369275,0.7695273735366024,0.2304726264633984,9,0,False,101,21,4.851485148514851,27,83,101,21,22,4
43,ON,7002,697,563.8531653470657,598.7331367993036,466.37234923271956,555.6450655873466,499.6174895161084,0.8089715428221889,0.8590145434710238,0.14098545652897615,2,0,False,101,13,4.316831683168317,41,86,101,9,15,15
43,ON,7003,653,517.4596299054309,524.2664806650247,421.78146889772023,469.2671380147824,433.1033966767092,0.7924343490129111,0.8028583164854896,0.19714168351450995,5,0,False,114,16,3.824561403508772,33,96,114,8,12,7
44,OFF,7001,954,858.4167850726462,858.5437816963482,783.8107482943383,803.3855422938718,787.7662470515178,0.8998079508099017,0.8999410709605328,0.10005892903946788,3,0,False,40,13,10.025,61,28,40,2,3,1
44,OFF,7002,721,645.4262984732139,641.513914662909,586.9923540629428,593.8914341092124,586.4135197634016,0.895182106065484,0.8897557762314965,0.11024422376850421,5,0,False,39,9,7.923076923076923,60,30,39,1,3,1
44,OFF,7003,1033,950.355543654995,932.885143633307,884.2578172260658,879.0119527089687,874.1986514003844,0.9199956860164521,0.9030833917069768,0.09691660829302332,13,1,True,54,17,8.648148148148149,54,39,54,3,2,0
44,ON,7001,475,375.44123699128386,406.1287574740903,303.82979475513247,365.2918812750666,328.9386422707976,0.7904026041921766,0.855007910471769,0.14499208952823228,0,0,False,70,10,4.314285714285714,29,64,70,6,2,0
44,ON,7002,512,413.13533623969545,430.4947501480444,341.3190820661432,394.8091543588532,359.90633377273025,0.8069049535931552,0.8408100588828992,0.15918994111710155,2,0,False,73,10,4.273972602739726,40,67,73,2,6,1
44,ON,7003,243,193.62078981087302,200.22774928294152,158.97101547320108,178.0041528711736,165.61129716630384,0.7967933737072964,0.8239825073372079,0.176017492662792,5,0,False,85,8,2.552941176470588,14,79,85,1,1,0
45,OFF,7001,708,567.1566463495261,497.2918434636059,461.661948146962,395.6060570843383,412.3874683698331,0.801068709533229,0.7023896094118728,0.29761039058812644,18,0,False,109,11,3.8990825688073394,55,103,109,6,10,2
45,OFF,7002,527,402.25444026946695,342.693123800604,314.74642936594086,257.3710944412038,272.05452497451904,0.7632911580065787,0.6502715821643339,0.34972841783566616,12,0,False,122,11,3.180327868852459,39,110,122,2,4,1
45,OFF,7003,404,294.51827089688334,223.13910814026366,222.26174523548565,151.47569339343607,172.13380153432917,0.7290056210318895,0.5523245250996626,0.4476754749003383,13,0,False,188,7,2.345744680851064,22,170,188,8,9,0
45,ON,7001,273,206.42622332981665,225.5041545289668,160.24760275548377,199.20062739734917,176.14303858757017,0.7561400121971306,0.8260225440621495,0.17397745593785044,0,0,False,68,8,3.1470588235294117,14,65,68,0,2,0
45,ON,7002,318,242.82736003789444,275.1171298870777,190.02324938282186,251.74645833569846,215.1819437759864,0.7636080504336303,0.8651482071920682,0.1348517928079324,0,0,False,70,7,3.442857142857143,18,67,70,2,6,0
45,ON,7003,348,257.46828829274943,284.92848432631865,195.5455948782334,250.75028546701571,216.8447883489238,0.7398514031400846,0.8187600124319502,0.18123998756804957,1,0,False,75,5,3.3333333333333335,41,63,75,3,1,0
46,OFF,7001,1139,1101.3021071043695,1105.844807969808,1069.3228380944836,1089.684572469324,1075.9055852569356,0.9669026401267511,0.9708909639770044,0.029109036022995638,7,0,False,39,16,11.974358974358974,58,24,39,1,0,1
46,OFF,7002,755,713.8439059475588,702.1889354109946,681.5123661141846,675.1994942143014,674.3629300258843,0.9454886171490845,0.9300515700807876,0.06994842991921293,3,0,False,33,10,9.575757575757576,61,24,33,1,2,0
46,OFF,7003,497,467.9305519981875,464.08938308423586,444.89806144908096,443.36228936088565,442.8175867618895,0.9415101649862928,0.9337814548978589,0.0662185451021408,1,0,False,24,6,8.708333333333334,59,18,24,0,2,0
46,ON,7001,331,252.87542314708992,257.7553275396039,199.81417256816326,218.88087446337104,205.42286970583686,0.7639740880576734,0.7787170016302233,0.22128299836977658,2,0,False,90,8,2.9444444444444446,28,81,90,1,5,0
46,ON,7002,406,322.402663371672,327.74102849989197,264.00627191601166,285.72930401243707,269.82812290716123,0.7940952299794878,0.8072439125613102,0.19275608743868988,1,0,False,85,10,3.3058823529411763,21,76,85,1,4,1
46,ON,7003,348,285.29669511218435,278.83148026414534,240.42086476639747,244.28805862565375,237.84135988616546,0.8198180894028286,0.8012398858165096,0.1987601141834905,4,0,False,68,6,3.323529411764706,41,62,68,3,5,2
47,OFF,7001,974,918.1507799580492,933.3748457682665,872.9041869822491,912.2422498505515,887.6787013420928,0.9426599383552866,0.958290396065982,0.04170960393401763,8,0,False,31,12,12.709677419354838,61,19,31,3,2,0
47,OFF,7002,738,668.0877184024301,666.531556732405,613.9937084347707,628.7564894303557,614.8471679206041,0.905267911114404,0.9031592909653183,0.0968407090346819,14,0,False,36,9,8.833333333333334,61,27,36,8,10,0
47,OFF,7003,1355,1283.1216180699846,1297.0949349076964,1223.1223516543673,1263.8326031675872,1238.304707607632,0.9469532236678854,0.9572656346182261,0.042734365381772776,10,3,True,39,18,13.974358974358974,61,21,39,4,3,0
47,ON,7001,260,206.1581742001662,210.44286641493065,167.54067253909864,183.090211669145,172.86977827076544,0.7929160546160239,0.8093956400574256,0.19060435994257463,0,0,False,74,7,2.7972972972972974,20,71,74,2,1,0
47,ON,7002,333,272.466635156687,282.8148443783427,229.2108047761922,253.789997938426,239.14894524825354,0.8182181235936546,0.8492938269619901,0.1507061730380098,1,0,False,74,6,3.1486486486486487,44,71,74,0,3,0
47,ON,7003,577,471.555795048718,470.41581707399894,399.2867229988216,415.842738552699,401.3401504105292,0.8172544108296672,0.8152787124332738,0.18472128756672718,4,0,False,75,9,4.333333333333333,47,66,75,6,7,0
48,OFF,7001,598,517.3564827754001,481.9657901042146,456.3735902258831,420.03073787895437,431.58837555196726,0.8651446200257527,0.8059628597060444,0.19403714029395677,5,0,False,57,12,5.473684210526316,55,48,57,4,3,2
48,OFF,7002,638,534.4501597726783,459.37964372035447,456.47699547076866,370.72608508501673,399.3631006254855,0.8376961751922857,0.7200307895303362,0.2799692104696632,36,0,False,78,11,4.730769230769231,39,69,78,7,3,3
48,OFF,7003,959,839.2749285794686,778.9293421261046,743.1422741779674,678.4702169409463,696.780128485153,0.8751563384561716,0.8122308051367098,0.1877691948632883,38,1,True,78,16,6.051282051282051,61,66,78,5,5,0
48,ON,7001,291,220.59136886599603,235.36441437715777,172.98410600186827,205.86798273526128,185.51797651371416,0.7580459411202612,0.8088124205400611,0.19118757945993897,1,0,False,93,9,2.7311827956989245,14,90,93,1,2,1
48,ON,7002,188,147.57306973143258,159.06150647734117,119.64446713493737,144.13485215209033,129.89436709965938,0.7849631368693223,0.8460718429645807,0.15392815703541915,0,0,False,66,3,2.5454545454545454,21,54,66,0,2,0
48,ON,7003,424,346.8320607523144,375.69905871057404,290.62456208827854,348.3776984357444,314.64376075185663,0.8180001432837605,0.8860826856381463,0.11391731436185347,0,0,False,73,8,3.684931506849315,27,61,73,3,7,0
49,OFF,7001,649,497.52772552215373,353.97676519563777,389.45277628121,239.08514254082522,283.8744125077083,0.7666066649031644,0.5454187445233247,0.45458125547667544,52,0,False,143,13,3.3216783216783217,31,128,143,9,9,0
49,OFF,7002,501,382.6828326856851,285.7329781693466,299.42349481326414,194.3686341004564,227.57087285273127,0.7638379893925851,0.5703253057272387,0.429674694272762,33,0,False,149,14,2.879194630872483,17,134,149,9,10,1
49,OFF,7003,439,336.76529003103775,249.85754505636478,265.1871146187383,174.24643512414502,201.84563717785787,0.7671191116880131,0.5691515832719015,0.43084841672809826,30,0,False,181,11,2.5027624309392267,15,166,181,11,11,1
49,ON,7001,296,222.16537427667043,236.32799967024027,172.55168708318394,205.05432555254225,184.83805008983254,0.7505586968806434,0.7984054042913523,0.20159459570864854,0,0,False,109,6,2.5871559633027523,14,103,109,4,2,0
49,ON,7002,284,219.47987048153726,235.15754471500426,174.44644203228083,208.23359787636875,188.05663221505085,0.7728164453575256,0.8280195236443813,0.1719804763556183,0,0,False,101,7,2.623762376237624,17,95,101,2,2,0
49,ON,7003,277,206.31876507287967,212.23547371629527,160.23998173622255,180.9531847800122,166.94869477780634,0.7448330869057028,0.7661930459072032,0.23380695409279653,1,0,False,103,6,2.5242718446601944,15,97,103,0,2,0
50,OFF,7001,311,225.38408954346463,152.5202720388004,169.35449832116387,95.84759574306146,117.06028412917458,0.7247076834195004,0.4904188811536991,0.509581118846301,23,0,False,206,3,2.0776699029126213,14,197,206,5,8,2
50,OFF,7002,357,266.34175266237645,196.3038194366589,203.62349497860706,130.65868520887997,153.40192418219746,0.7460553295864887,0.5498706426797167,0.4501293573202836,12,0,False,187,4,2.320855614973262,13,169,187,5,9,2
50,OFF,7003,437,326.268334412614,230.1114475344512,249.44822447585076,149.2731353054103,180.4307531703041,0.7466094608984303,0.5265708181566389,0.47342918184336125,21,0,False,189,12,2.3968253968253967,14,174,189,6,10,1
50,ON,7001,184,131.68651843892636,146.56712518606398,97.79108996610819,124.38605080564069,108.21473563322166,0.7156876002115563,0.796560462967739,0.20343953703226123,0,0,False,82,4,2.317073170731707,17,79,82,2,2,1
50,ON,7002,183,130.2000684994948,133.54417826366642,95.71629753885718,106.27620042677295,98.88870062988765,0.7114757841502447,0.7297496079981772,0.270250392001823,1,0,False,123,6,1.91869918699187,12,117,123,1,5,1
50,ON,7003,190,137.4019455738093,148.60555123538188,102.45529838238585,124.7197884101641,111.14627530278352,0.7231681345989962,0.7821344801862204,0.21786551981377975,0,0,False,100,3,2.14,17,97,100,0,0,0
51,OFF,7001,803,690.1097924171277,746.8103819357966,598.1059155733615,711.6244720815874,647.1988287011095,0.859414436384966,0.9300253822363594,0.06997461776364083,7,0,False,25,11,13.2,61,19,25,0,2,0
51,OFF,7002,706,595.08492008779,638.1116234900444,507.10659963750936,595.4511420756698,543.8899426769614,0.842896487376473,0.9038408264731507,0.09615917352685063,3,0,False,28,11,10.964285714285714,61,25,28,1,9,0
51,OFF,7003,865,724.7710213731478,752.4994965590477,612.9348424048756,687.635116500464,638.2832872481872,0.8378855738417894,0.8699416145191302,0.13005838548086995,11,0,False,42,12,8.976190476190476,61,36,42,2,9,0
51,ON,7001,193,131.4924436357539,140.51350183031442,93.51469855985489,114.85414229584879,100.66996178868314,0.6813079981127145,0.7280492322814219,0.27195076771857785,0,0,False,94,4,2.2872340425531914,14,88,94,0,0,1
51,ON,7002,182,131.39182522070462,148.4258891481632,98.55964832035536,131.46999009376782,111.94537680316931,0.7219331056082672,0.8155268634514462,0.18447313654855332,0,0,False,72,5,2.361111111111111,20,69,72,1,3,0
51,ON,7003,251,187.20193657129587,202.68937698683854,143.9915981118191,176.03982486501772,156.93559101112274,0.7458244484912187,0.8075273983539384,0.19247260164606145,1,0,False,100,5,2.44,20,94,100,1,2,0
52,OFF,7001,1429,1297.4214510474048,1352.9843557761772,1187.7383220396332,1313.591598322204,1240.9331967485184,0.9079226389415009,0.9468050075410617,0.05319499245893865,6,1,True,36,18,15.666666666666666,61,18,36,3,7,0
52,OFF,7002,1636,1492.3306458216969,1546.559581852618,1370.236299370571,1496.3619447756064,1422.9154173796103,0.9121825463457804,0.945329817758324,0.05467018224167732,19,0,False,33,21,19.21212121212121,61,12,33,3,4,1
52,OFF,7003,1490,1353.7573097368684,1398.397368154721,1238.57251030211,1346.1743154422227,1281.9577761295202,0.9085619528435358,0.9385217235937725,0.061478276406227446,13,1,True,48,19,12.583333333333334,61,27,48,3,3,1
52,ON,7001,260,190.0650677160355,202.1584573250148,143.69928027464297,169.35075700112245,153.2390331263748,0.7310194912155211,0.7775325281731339,0.22246747182686594,1,0,False,88,6,2.522727272727273,21,82,88,2,1,0
52,ON,7002,158,118.7701986307086,122.02553411706056,91.68384661310913,100.63880938434411,94.64924354913116,0.7517101179158773,0.7723135070700036,0.22768649292999646,0,0,False,89,3,2.0112359550561796,17,80,89,1,1,0
52,ON,7003,171,119.08358051883003,128.11906956480198,86.65974987250074,105.3321158045793,93.27020831176962,0.6963952077124563,0.7492343249403625,0.2507656750596374,0,0,False,88,6,2.125,12,85,88,3,1,0
53,OFF,7001,873,729.2814728661673,744.667206380238,617.7165132055717,683.2640915928314,634.7958669954854,0.8353739666279121,0.8529979454527353,0.1470020545472633,4,0,False,80,13,5.5875,47,68,80,0,11,0
53,OFF,7002,1178,1000.6286902364352,1053.0043133380734,859.4772541354915,979.5362313924429,905.7784049372682,0.8494301275351742,0.89389160724794,0.1061083927520609,9,0,False,74,17,7.364864864864865,61,56,74,5,8,1
53,OFF,7003,1217,1049.4210836725779,1109.323325991016,919.2480488885313,1054.4799711955425,973.2446559531062,0.8623016299692505,0.9115228644133245,0.08847713558667643,14,0,False,78,18,7.128205128205129,61,63,78,10,8,2
53,ON,7001,137,96.04158031103717,108.8439248356428,70.49831861146374,93.40889085243884,80.00010239995088,0.7010334329272786,0.7944812031798745,0.20551879682012558,0,0,False,99,2,1.9292929292929293,17,96,99,1,2,0
53,ON,7002,144,104.65548312227897,116.19092369556401,79.38510522566172,101.93744964473464,88.16979750998628,0.7267741883491595,0.8068814145525278,0.1931185854474722,0,0,False,95,4,1.9684210526315788,13,92,95,0,2,0
53,ON,7003,133,90.38837906385298,100.56801974603704,64.5219876606831,82.43983068252619,71.41478753968127,0.6796118726605487,0.7561505244062935,0.24384947559370648,0,0,False,95,2,1.9473684210526316,10,92,95,3,0,0
54,OFF,7001,539,420.56484903836014,375.25942628231525,333.42727479602576,295.52241201407395,300.13320179981343,0.7802687366203342,0.6962141489467816,0.3037858510532177,19,0,False,104,9,3.326923076923077,61,95,104,2,5,2
54,OFF,7002,368,286.8004146491469,269.61179320284225,227.63006112752362,217.3189308388651,215.30683577329032,0.7793489528509426,0.7326407423990279,0.26735925760097173,6,0,False,107,7,2.7009345794392523,28,104,107,1,3,1
54,OFF,7003,416,322.1509461229575,315.65681107221315,255.03087744255814,260.49364629078525,248.64221495772324,0.774401312795571,0.7587904112312815,0.24120958876871923,11,0,False,106,6,2.8962264150943398,35,97,106,1,4,0
54,ON,7001,340,256.2412248851704,243.48724779153326,198.7226083067554,198.0790250482689,192.37581995853046,0.7536506614269718,0.7161389640927449,0.2838610359072552,1,0,False,132,7,2.4393939393939394,18,123,132,5,7,0
54,ON,7002,292,206.13046982564924,199.4590124202749,151.36359689933226,152.4091983973351,147.0767958337121,0.7059262665261961,0.6830788096584757,0.3169211903415237,0,0,False,115,6,2.373913043478261,27,106,115,3,3,2
54,ON,7003,404,299.8428960244595,298.7348559828868,230.38837636524698,243.61554458791068,231.75642358235353,0.7421853861991572,0.7394427128289277,0.2605572871710721,2,0,False,126,10,2.738095238095238,21,114,126,3,5,0
55,OFF,7001,1242,1092.8388627631398,1164.658314346474,972.4131684754486,1125.3902427809887,1036.9333427930956,0.8799024659928661,0.9377281113900757,0.06227188860992573,7,0,False,31,16,15.870967741935484,61,19,31,0,2,0
55,OFF,7002,1074,930.3285958397577,992.3744287859681,814.8852243328354,944.2023458654792,869.593122500908,0.8662277428675583,0.9239985370446631,0.07600146295533863,6,1,True,32,15,13.6875,61,20,32,1,2,0
55,OFF,7003,1138,979.5959125751698,1046.4148311762224,854.8289307223168,997.4769146196027,915.6911478121315,0.8608048440906588,0.919520941279633,0.08047905872036717,4,0,False,46,17,10.73913043478261,61,34,46,4,10,0
55,ON,7001,839,694.9217838470125,732.8761237831318,584.8890928122553,683.8551768661191,621.529716859843,0.8282738782443534,0.8735114705400856,0.1264885294599136,4,0,False,70,14,6.0285714285714285,55,55,70,2,6,10
55,ON,7002,821,694.076942684129,732.4430872915751,597.4432206595725,692.2631127070497,634.2793597140243,0.845404315084201,0.892135307297899,0.10786469270210094,0,0,False,68,15,6.161764705882353,48,53,68,5,7,2
55,ON,7003,638,508.92278498808815,537.7850569301512,414.18245888586193,489.792657636729,440.56477848637115,0.7976846159687903,0.8429232867243749,0.15707671327562464,2,0,False,87,13,4.275862068965517,61,75,87,4,6,1
56,OFF,7001,411,322.16839396358233,324.8479971698524,256.63263407901735,276.7778958276299,259.9914996232393,0.7838647055074995,0.7903844213378405,0.20961557866215919,1,0,False,66,5,3.757575757575758,61,60,66,3,2,0
56,OFF,7002,478,371.9845883043712,354.20873637679836,294.2891009227949,282.44594321376906,281.49034109677706,0.7782104357832034,0.7410224610393271,0.25897753896067327,4,0,False,102,9,3.1372549019607843,27,96,102,3,1,0
56,OFF,7003,486,369.5781411134187,348.5596786164531,287.91837231253345,280.07585325726257,274.15957234946563,0.7604488500276105,0.7172009848075166,0.28279901519248346,12,0,False,111,11,3.225225225225225,31,105,111,3,4,1
56,ON,7001,284,210.61519386728284,200.75751831371377,160.46956366825344,157.58048998428478,154.53719549675256,0.741602795307334,0.7068926701187105,0.2931073298812894,1,0,False,117,4,2.5213675213675213,19,108,117,4,6,0
56,ON,7002,282,218.93127219088456,216.0848729161271,172.6843585573131,178.26926846696156,171.23565969847067,0.7763520290456899,0.7662584145961954,0.23374158540380433,4,0,False,135,4,2.4074074074074074,14,126,135,3,2,0
56,ON,7003,359,275.1269559260982,275.9453631449049,215.68797766611897,232.00225481590817,218.46871703485616,0.7663703507690758,0.7686500366153339,0.23134996338466582,4,0,False,97,9,2.8762886597938144,29,82,97,1,1,0
57,OFF,7001,516,403.9925482395055,447.2864262410887,325.08860103399957,406.56241011851813,358.7653783671168,0.7829312950378013,0.8668341593819548,0.13316584061804415,0,0,False,73,11,4.191780821917808,40,67,73,2,3,0
57,OFF,7002,541,433.4849761966488,473.3015775768425,353.7282627305555,433.32575270427884,385.5285041960175,0.8012661297535097,0.8748642838758641,0.1251357161241357,4,0,False,71,8,4.056338028169014,56,65,71,0,5,0
57,OFF,7003,623,484.0938940982364,555.0577069335387,383.16199856316274,512.5629542634296,434.5768564038664,0.7770367481512622,0.8909433498130638,0.10905665018693582,5,0,False,48,8,6.208333333333333,61,42,48,0,2,0
57,ON,7001,257,194.30309552890614,204.17680032341332,150.7932431080039,174.11488100097753,159.34042303340124,0.7560431732642262,0.794462258067756,0.20553774193224303,1,0,False,126,4,2.3174603174603177,12,117,126,1,3,0
57,ON,7002,460,362.52688098208233,373.16909730256066,293.57766562859047,335.8638047549816,306.4022968841389,0.7881019151784399,0.8112371680490449,0.18876283195095558,1,0,False,103,10,3.233009708737864,25,91,103,4,10,0
57,ON,7003,328,237.6138313024498,237.99971036807355,178.4318560505724,199.30128496953702,182.20833802395933,0.7244324125074689,0.7256088730733949,0.27439112692660467,3,0,False,108,7,2.7314814814814814,21,102,108,1,1,0
58,OFF,7001,962,842.8058442306603,885.7387367010928,746.1156579063162,834.4914340593882,785.6348706843066,0.8760975511753226,0.9207263375271234,0.07927366247287453,3,0,False,41,12,9.75609756097561,61,29,41,0,0,0
58,OFF,7002,744,619.1687616765438,612.0948504500199,521.9479762733935,537.0640785346667,520.3482063880176,0.8322160775222363,0.8227081323252955,0.17729186767470365,13,0,False,90,14,4.4,59,81,90,1,7,0
58,OFF,7003,794,687.1219149540852,690.5069179516275,601.6200969220774,633.1845203134131,608.766815879078,0.8653928399925507,0.8696560679491531,0.1303439320508473,15,1,True,40,11,8.6,61,34,40,0,0,0
58,ON,7001,465,352.4679870253611,333.10914417027294,274.9452241082031,262.51869574151107,261.8526904558455,0.7579956710222819,0.7163637509038128,0.2836362490961859,5,0,False,115,4,3.0608695652173914,37,106,115,8,3,1
58,ON,7002,418,310.9626307848588,295.4212567073215,236.64548718073405,229.5900775418406,225.47676143529318,0.7439297387197579,0.7067494179600993,0.2932505820399006,8,0,False,93,8,3.172043010752688,55,84,93,6,5,0
58,ON,7003,575,437.3656202827411,419.6814651065458,339.75616001554613,330.5621223085253,328.3672954056228,0.7606358613612888,0.7298808088809492,0.2701191911190513,3,0,False,100,11,3.74,45,91,100,9,3,0
59,OFF,7001,1108,940.0537069418227,948.4274861767003,812.7670925292238,870.2420372149945,829.0439487623587,0.848423923232692,0.8559814857190436,0.144018514280956,8,0,False,99,17,5.404040404040404,61,84,99,8,4,3
59,OFF,7002,1188,1060.1174298877395,1103.2997241959517,960.3964283157576,1063.027497597268,1001.6774455754968,0.8923547389627436,0.9287034715454139,0.071296528454586,4,0,False,64,16,8.109375,60,49,64,3,5,4
59,OFF,7003,728,635.4962229682515,646.9667998548496,563.99735075761,606.7002077036508,577.6230323457054,0.8729343722091366,0.8886906591412769,0.11130934085872378,7,0,False,58,10,5.844827586206897,61,49,58,0,2,0
59,ON,7001,430,301.7134449117746,250.7138601624043,219.97843323759832,183.21497936778337,188.2669688408375,0.7016591742134294,0.5830554887497774,0.4169445112502228,7,0,False,139,10,2.7553956834532376,29,127,139,10,4,6
59,ON,7002,491,370.5900693959552,380.40927056213116,288.8502917781074,320.94073911886926,298.448082242683,0.7547659254500105,0.7747642984972122,0.225235701502788,1,0,False,115,6,2.965217391304348,52,103,115,13,7,4
59,ON,7003,624,495.4617455300208,476.102498830115,403.32252396341636,406.56540739165854,394.7186421819813,0.7940092075801615,0.7629847737662099,0.23701522623379054,5,0,False,91,18,4.230769230769231,24,79,91,19,16,9
60,OFF,7001,374,269.6402945505866,154.66412337097918,198.6444231700401,86.25427909603603,116.68925737700093,0.7209633544133331,0.41354043682079994,0.5864595631792001,22,0,False,225,6,2.16,11,216,225,13,10,1
60,OFF,7002,385,276.0065622316059,149.42646760445703,203.27486500721272,82.38446700208938,113.1023398488409,0.7169001616405348,0.38812069507651176,0.6118793049234885,27,0,False,214,8,2.191588785046729,11,193,214,7,10,1
60,OFF,7003,369,265.78237130022626,158.99415972766997,196.20639673186324,92.26515282376523,120.94828183708776,0.7202774289979031,0.4308784816468021,0.5691215183531981,22,0,False,222,4,2.171171171171171,10,207,222,8,7,2
60,ON,7001,245,178.28638677127896,150.28017586142667,133.12983711230876,105.16201589519505,113.86612132409077,0.727699537841955,0.6133884729037823,0.38661152709621766,2,0,False,146,4,2.095890410958904,13,143,146,4,6,0
60,ON,7002,191,137.3415454520153,115.16162866562154,101.63389952476165,79.68788260323163,86.89516010940858,0.7190656829948445,0.6029404642179138,0.3970595357820863,2,0,False,140,4,1.9714285714285715,9,134,140,3,3,0
60,ON,7003,222,159.01845900902137,144.54605786074904,117.55909157854175,108.11961370077344,108.73696498845469,0.7162993649055017,0.6511083687421129,0.3488916312578865,1,0,False,166,3,1.9879518072289157,8,151,166,2,6,0
61,OFF,7001,586,426.4040432332355,335.9220890720214,318.14880459483646,237.2401315445549,258.5384363342834,0.7276519509099582,0.5732458857884324,0.4267541142115677,6,0,False,201,7,2.6069651741293534,34,186,201,9,11,5
61,OFF,7002,497,367.20543997395646,308.3442212571027,277.63123807227385,225.74480607469803,237.45278865872837,0.7388439436095703,0.6204109079619772,0.3795890920380227,10,0,False,161,9,2.6335403726708075,34,152,161,9,7,0
61,OFF,7003,507,372.9875870815268,319.14754230801987,281.25868889976965,231.81618518841873,244.10269789894406,0.7356757141647471,0.629482331968481,0.3705176680315192,6,0,False,166,11,2.644578313253012,42,157,166,6,11,0
61,ON,7001,331,249.7014328542128,239.6456188393287,192.4872184694261,188.9165541905234,186.52127836603717,0.7543849935172593,0.7240048907532589,0.27599510924674125,4,0,False,124,7,2.467741935483871,20,115,124,5,5,0
61,ON,7002,254,181.86625924363278,172.50219902498918,134.41857515698848,132.0400513140806,128.99223104744723,0.7160088946599716,0.679142515846414,0.32085748415358556,1,0,False,114,6,2.3684210526315788,12,102,114,1,0,0
61,ON,7003,216,154.37778926389123,143.6706258044332,114.28342722784683,109.2523780925686,108.20017946612425,0.7147119873328298,0.6651417861316352,0.3348582138683643,2,0,False,144,3,2.0277777777777777,9,135,144,6,3,0
62,OFF,7001,398,294.49229712315287,222.96537309648542,223.0672467645964,148.04172928874874,171.51176863747847,0.7399303947817911,0.5602145052675513,0.4397854947324487,23,0,False,161,8,2.4658385093167703,17,149,161,6,2,0
62,OFF,7002,340,249.63480640460435,183.7474862534154,188.57099707761697,121.28796423142192,141.89074418713713,0.7342200188370717,0.5404337830982806,0.4595662169017198,12,0,False,183,5,2.191256830601093,19,168,183,4,8,1
62,OFF,7003,401,296.6609221107981,229.04070145970664,224.9125385260178,158.64363191672604,178.1618362272591,0.739802798281292,0.5711738191015128,0.4288261808984872,12,0,False,165,8,2.4727272727272727,17,156,165,8,11,0
62,ON,7001,285,205.9150350829906,138.35982227397793,151.58458855899022,89.51596620056866,103.56592538635115,0.7225088950280373,0.48547306061044887,0.5145269393895511,20,0,False,281,0,1.8327402135231317,6,269,281,4,8,0
62,ON,7002,343,247.1861193956784,160.2641938900454,181.04799234861878,102.6862317447875,119.10197397116941,0.7206592402206367,0.4672425477843889,0.5327574522156113,20,0,False,289,1,1.9480968858131489,9,265,289,12,6,2
62,ON,7003,279,199.32200530380115,137.92286270362047,145.33160220396124,93.80069859110272,103.02344299849132,0.7144157896193589,0.4943471781491773,0.5056528218508225,16,0,False,279,1,1.842293906810036,9,261,279,9,7,0
63,OFF,7001,760,692.6893384464239,728.8940444335274,638.3367297385158,709.453346939833,669.9321952093877,0.9114333400610841,0.9590711110967466,0.04092888890325235,0,0,False,27,9,11.444444444444445,61,18,27,0,3,0
63,OFF,7002,733,659.403576190962,685.4986531408047,600.5654442468826,662.5297163881995,625.5952338768885,0.8995956018976289,0.9351959797282464,0.06480402027175328,1,0,False,28,9,10.857142857142858,61,19,28,0,5,0
63,OFF,7003,716,615.074860455212,637.9073150159016,536.0154794864093,594.0109917535482,557.2292207200883,0.8590431011944303,0.8909320042121531,0.10906799578784641,7,0,False,29,9,10.448275862068966,61,23,29,0,8,0
63,ON,7001,503,380.73474208408993,338.9063391183982,293.3880984758567,283.7722793117592,267.259816632072,0.7569279166681708,0.6737700578894597,0.32622994211054096,15,0,False,188,11,2.5425531914893615,37,176,188,6,5,3
63,ON,7002,164,130.03769820297703,129.77022005772005,104.98165297896351,116.47715218986657,106.72018919809804,0.7929127939205917,0.7912818296202442,0.20871817037975576,3,0,False,90,2,2.1555555555555554,20,87,90,3,2,0
63,ON,7003,394,316.8582541011361,298.63239399489413,258.0309812214446,264.0220738376371,247.85339004090866,0.8042087667541525,0.7579502385657212,0.24204976143427923,14,0,False,119,5,2.7815126050420167,39,113,119,0,1,2
