point,tag,seed,stop,stop_step,n_identity_intervals,n_partial_turnover,n_complete_turnover,total_Y_births,total_Y_deaths
B1,B_B1_i000_s942104457,942104457,EXTINCT,4111,11,3,0,1,2
B1,B_B1_i001_s964832813,964832813,EXTINCT,818,1,1,0,0,1
B1,B_B1_i002_s984926519,984926519,EXTINCT,7483,1,1,0,0,1
B1,B_B1_i003_s980160103,980160103,EXTINCT,6248,1,1,0,0,1
B1,B_B1_i004_s985002422,985002422,EXTINCT,759,1,1,0,0,1
B1,B_B1_i005_s973414108,973414108,PREMATURE_THIRD_CENTRE,7769,5,2,0,2,0
B1,B_B1_i006_s950265832,950265832,EXTINCT,8113,1,1,0,0,1
B1,B_B1_i007_s957760836,957760836,HORIZON,11000,1,0,0,0,0
B1,B_B1_i008_s961401796,961401796,EXTINCT,1568,1,1,0,0,1
B1,B_B1_i009_s964348423,964348423,EXTINCT,359,1,1,0,0,1
B1,B_B1_i010_s954932320,954932320,PREMATURE_THIRD_CENTRE,3400,18,4,1,4,2
B1,B_B1_i011_s972899442,972899442,EXTINCT,3832,1,1,0,0,1
B1,B_B1_i012_s948144737,948144737,EXTINCT,914,1,1,0,0,1
B1,B_B1_i013_s941531409,941531409,EXTINCT,2217,1,1,0,0,1
B1,B_B1_i014_s957357991,957357991,EXTINCT,2478,1,1,0,0,1
B1,B_B1_i015_s959574951,959574951,EXTINCT,4888,1,1,0,0,1
B1,B_B1_i016_s978098288,978098288,HORIZON,11000,5,2,0,1,1
B1,B_B1_i017_s944881843,944881843,EXTINCT,3884,1,1,0,0,1
B1,B_B1_i018_s986563095,986563095,PREMATURE_THIRD_CENTRE,3442,5,2,0,2,0
B1,B_B1_i019_s977581696,977581696,EXTINCT,1237,1,1,0,0,1
B1,B_B1_i020_s950639211,950639211,HORIZON,11000,30,1,0,1,0
B1,B_B1_i021_s982042871,982042871,EXTINCT,4828,1,1,0,0,1
B1,B_B1_i022_s960856267,960856267,HORIZON,11000,11,1,1,2,2
B1,B_B1_i023_s979644336,979644336,EXTINCT,1601,1,1,0,0,1
B1,B_B1_i024_s961848369,961848369,EXTINCT,4237,1,1,0,0,1
B1,B_B1_i025_s950130140,950130140,PREMATURE_THIRD_CENTRE,1465,6,2,0,2,0
B1,B_B1_i026_s948401949,948401949,EXTINCT,1627,1,1,0,0,1
B1,B_B1_i027_s943470984,943470984,EXTINCT,379,1,1,0,0,1
B1,B_B1_i028_s980328882,980328882,EXTINCT,929,1,1,0,0,1
B1,B_B1_i029_s973819266,973819266,PREMATURE_THIRD_CENTRE,3185,11,2,0,2,0
B1,B_B1_i030_s942070244,942070244,EXTINCT,6784,1,1,0,0,1
B1,B_B1_i031_s984994512,984994512,HORIZON,11000,4,1,1,2,1
B1,B_B1_i032_s950302476,950302476,EXTINCT,6914,1,1,0,0,1
B1,B_B1_i033_s955153022,955153022,HORIZON,11000,32,1,0,1,0
B1,B_B1_i034_s985310591,985310591,EXTINCT,531,1,1,0,0,1
B1,B_B1_i035_s984253947,984253947,HORIZON,11000,10,4,0,2,2
B1,B_B1_i036_s982276419,982276419,PREMATURE_THIRD_CENTRE,10762,14,5,0,4,2
B1,B_B1_i037_s966307960,966307960,HORIZON,11000,15,1,1,2,1
B1,B_B1_i038_s945497148,945497148,EXTINCT,269,1,1,0,0,1
B1,B_B1_i039_s950085585,950085585,HORIZON,11000,33,1,0,1,0
B1,B_B1_i040_s958845720,958845720,EXTINCT,4981,1,1,0,0,1
B1,B_B1_i041_s967791007,967791007,EXTINCT,1868,1,1,0,0,1
B1,B_B1_i042_s958795488,958795488,PREMATURE_THIRD_CENTRE,691,6,1,0,2,0
B1,B_B1_i043_s949060103,949060103,EXTINCT,4671,1,1,0,0,1
B2,B_B2_i000_s952591689,952591689,HORIZON,11000,1,0,0,0,0
B2,B_B2_i001_s967852247,967852247,HORIZON,11000,1,0,0,0,0
B2,B_B2_i002_s942552035,942552035,HORIZON,11000,1,0,0,0,0
B2,B_B2_i003_s973852476,973852476,HORIZON,11000,1,0,0,0,0
B2,B_B2_i004_s957719806,957719806,HORIZON,11000,1,0,0,0,0
B2,B_B2_i005_s963804288,963804288,HORIZON,11000,14,1,0,1,0
B2,B_B2_i006_s966438778,966438778,PREMATURE_THIRD_CENTRE,8080,6,1,0,2,0
B2,B_B2_i007_s940565777,940565777,HORIZON,11000,1,0,0,0,0
B2,B_B2_i008_s941377808,941377808,PREMATURE_THIRD_CENTRE,4945,8,1,0,2,0
B2,B_B2_i009_s960967674,960967674,PREMATURE_THIRD_CENTRE,4235,12,2,0,2,0
B2,B_B2_i010_s968995017,968995017,HORIZON,11000,1,0,0,0,0
B2,B_B2_i011_s966153195,966153195,HORIZON,11000,18,1,0,1,0
B2,B_B2_i012_s956361991,956361991,HORIZON,11000,1,0,0,0,0
B2,B_B2_i013_s972041382,972041382,PREMATURE_THIRD_CENTRE,6382,26,2,0,2,0
B2,B_B2_i014_s980820476,980820476,HORIZON,11000,1,0,0,0,0
B2,B_B2_i015_s967065063,967065063,HORIZON,11000,6,1,0,1,0
B2,B_B2_i016_s947638651,947638651,HORIZON,11000,20,1,0,1,0
B2,B_B2_i017_s966270202,966270202,HORIZON,11000,1,0,0,0,0
B2,B_B2_i018_s951092510,951092510,HORIZON,11000,1,0,0,0,0
B2,B_B2_i019_s942600591,942600591,HORIZON,11000,1,0,0,0,0
B2,B_B2_i020_s987469641,987469641,PREMATURE_THIRD_CENTRE,8203,24,2,0,2,0
B2,B_B2_i021_s983505834,983505834,HORIZON,11000,1,0,0,0,0
B2,B_B2_i022_s966253201,966253201,PREMATURE_THIRD_CENTRE,10227,4,1,0,2,0
B2,B_B2_i023_s957030645,957030645,HORIZON,11000,7,1,0,1,0
B2,B_B2_i024_s966161656,966161656,HORIZON,11000,1,0,0,0,0
B2,B_B2_i025_s949115275,949115275,HORIZON,11000,1,0,0,0,0
B2,B_B2_i026_s942760172,942760172,HORIZON,11000,1,0,0,0,0
B2,B_B2_i027_s966840968,966840968,HORIZON,11000,1,0,0,0,0
B2,B_B2_i028_s986391292,986391292,HORIZON,11000,1,0,0,0,0
B2,B_B2_i029_s981241043,981241043,HORIZON,11000,8,1,0,1,0
B2,B_B2_i030_s945232182,945232182,HORIZON,11000,8,1,0,1,0
B2,B_B2_i031_s970832578,970832578,HORIZON,11000,1,0,0,0,0
B2,B_B2_i032_s987071224,987071224,HORIZON,11000,1,0,0,0,0
B2,B_B2_i033_s952998766,952998766,PREMATURE_THIRD_CENTRE,4735,15,2,0,2,0
B2,B_B2_i034_s947942706,947942706,HORIZON,11000,26,1,0,1,0
B2,B_B2_i035_s976162527,976162527,HORIZON,11000,27,1,0,1,0
B2,B_B2_i036_s958115840,958115840,HORIZON,11000,1,0,0,0,0
B2,B_B2_i037_s953794064,953794064,HORIZON,11000,2,1,0,1,0
B2,B_B2_i038_s958333012,958333012,HORIZON,11000,1,0,0,0,0
B2,B_B2_i039_s957160105,957160105,HORIZON,11000,4,1,0,1,0
B2,B_B2_i040_s955063215,955063215,HORIZON,11000,1,0,0,0,0
B2,B_B2_i041_s987797495,987797495,HORIZON,11000,1,0,0,0,0
B2,B_B2_i042_s970864850,970864850,HORIZON,11000,1,0,0,0,0
B2,B_B2_i043_s960395155,960395155,HORIZON,11000,1,0,0,0,0
A0,A_A0_i000_s970247606,970247606,HORIZON,11000,1,0,0,0,0
A0,A_A0_i001_s950550891,950550891,HORIZON,11000,1,0,0,0,0
A0,A_A0_i002_s941818304,941818304,HORIZON,11000,1,0,0,0,0
A0,A_A0_i003_s983718995,983718995,HORIZON,11000,1,0,0,0,0
A0,A_A0_i004_s950918058,950918058,HORIZON,11000,1,0,0,0,0
A0,A_A0_i005_s981463531,981463531,HORIZON,11000,1,0,0,0,0
A0,A_A0_i006_s964136804,964136804,HORIZON,11000,1,0,0,0,0
A0,A_A0_i007_s987080529,987080529,HORIZON,11000,1,0,0,0,0
A0,A_A0_i008_s952675162,952675162,HORIZON,11000,1,0,0,0,0
A0,A_A0_i009_s940707807,940707807,HORIZON,11000,1,0,0,0,0
A0,A_A0_i010_s948648574,948648574,HORIZON,11000,1,0,0,0,0
A0,A_A0_i011_s983260155,983260155,HORIZON,11000,1,0,0,0,0
A0,A_A0_i012_s953464496,953464496,HORIZON,11000,1,0,0,0,0
A0,A_A0_i013_s950153464,950153464,HORIZON,11000,1,0,0,0,0
A0,A_A0_i014_s959003162,959003162,HORIZON,11000,1,0,0,0,0
A0,A_A0_i015_s940941418,940941418,HORIZON,11000,1,0,0,0,0
A0,A_A0_i016_s944310510,944310510,HORIZON,11000,1,0,0,0,0
A0,A_A0_i017_s941818973,941818973,HORIZON,11000,1,0,0,0,0
A0,A_A0_i018_s968793083,968793083,HORIZON,11000,1,0,0,0,0
A0,A_A0_i019_s986202838,986202838,HORIZON,11000,1,0,0,0,0
A0,A_A0_i020_s983192947,983192947,HORIZON,11000,1,0,0,0,0
A0,A_A0_i021_s950424325,950424325,HORIZON,11000,1,0,0,0,0
A0,A_A0_i022_s951640143,951640143,HORIZON,11000,1,0,0,0,0
A0,A_A0_i023_s975431620,975431620,HORIZON,11000,1,0,0,0,0
A0,A_A0_i024_s948649467,948649467,HORIZON,11000,1,0,0,0,0
A0,A_A0_i025_s976923327,976923327,HORIZON,11000,1,0,0,0,0
A0,A_A0_i026_s974306448,974306448,HORIZON,11000,1,0,0,0,0
A0,A_A0_i027_s941238339,941238339,HORIZON,11000,1,0,0,0,0
A0,A_A0_i028_s984076192,984076192,HORIZON,11000,1,0,0,0,0
A0,A_A0_i029_s941800635,941800635,HORIZON,11000,1,0,0,0,0
A0,A_A0_i030_s981413209,981413209,HORIZON,11000,1,0,0,0,0
A0,A_A0_i031_s953537674,953537674,HORIZON,11000,1,0,0,0,0
A0,A_A0_i032_s950327065,950327065,HORIZON,11000,1,0,0,0,0
A0,A_A0_i033_s958500852,958500852,HORIZON,11000,1,0,0,0,0
A0,A_A0_i034_s943046772,943046772,HORIZON,11000,1,0,0,0,0
A0,A_A0_i035_s966818388,966818388,HORIZON,11000,1,0,0,0,0
A0,A_A0_i036_s971380574,971380574,HORIZON,11000,1,0,0,0,0
A0,A_A0_i037_s940476109,940476109,HORIZON,11000,1,0,0,0,0
A0,A_A0_i038_s972708360,972708360,HORIZON,11000,1,0,0,0,0
A0,A_A0_i039_s952291848,952291848,HORIZON,11000,1,0,0,0,0
