L,PASS_at_0.01,PASS_at_0.05,PASS_at_0.2,arm,component_count_over_time,ever_empty,ever_wrapped,first_failure_type,initial_gate,initial_microstate_sha256,initial_wrapping,labelled_fraction,largest_component_fraction_end,n_components_t0,realized_initial_occupancy,residual_at_2048,seed,survival_at_1024,survival_at_2048,survival_at_256,target_occupancy,time_to_complete_dissolution,time_to_first_dynamic_wrapping,time_to_first_terminal_failure,time_to_track_loss,tracked_component_lifetime
24,False,False,False,BASELINE_SWEEP00,26|0|0|0|0|0|0|0|0,True,False,TRACK_LOSS,INITIAL_GATE_PASS,25387f5a93815587c2544524fb051855c5759672942d5dd02461c58efd2c5e90,False,0.49841772898376724,0.0,26,0.3524305555555556,nan,920000,False,False,False,0.35,192,,16,16,16
24,False,False,False,LAW_16,26|8|7|6|5|5|4|4|5,False,False,TRACK_LOSS,INITIAL_GATE_PASS,25387f5a93815587c2544524fb051855c5759672942d5dd02461c58efd2c5e90,False,0.49841772898376724,0.0920138888888889,26,0.3524305555555556,0.5736489917930194,920000,False,False,False,0.35,,,16,16,16
24,False,False,False,BASELINE_SWEEP00,24|0|0|0|0|0|0|0|0,True,False,TRACK_LOSS,INITIAL_GATE_PASS,40b509ba6892ba87d1c8afc83323ea83664e192cda181aa3ab191226c4a1dae9,False,0.4016264416035572,0.0,24,0.3350694444444444,nan,920001,False,False,False,0.35,112,,16,16,16
24,False,False,False,LAW_16,24|8|8|8|5|4|4|4|4,False,False,TRACK_LOSS,INITIAL_GATE_PASS,40b509ba6892ba87d1c8afc83323ea83664e192cda181aa3ab191226c4a1dae9,False,0.4016264416035572,0.04861111111111111,24,0.3350694444444444,0.5193838477191601,920001,False,False,False,0.35,,,16,16,16
24,False,False,False,BASELINE_SWEEP00,25|0|0|0|0|0|0|0|0,True,False,SIMULTANEOUS:DISSOLUTION+TRACK_LOSS,INITIAL_GATE_PASS,01db3a8d6485b42c6fc740bc2b870c94695ca6ea13fb8fd8d68bb78a1dc4ce82,False,0.506739150869132,0.0,25,0.3611111111111111,nan,920002,False,False,False,0.35,160,,160,160,160
24,False,False,False,LAW_16,25|9|7|6|4|5|5|5|5,False,False,TRACK_LOSS,INITIAL_GATE_PASS,01db3a8d6485b42c6fc740bc2b870c94695ca6ea13fb8fd8d68bb78a1dc4ce82,False,0.506739150869132,0.07291666666666667,25,0.3611111111111111,0.6445082177636857,920002,False,False,False,0.35,,,16,16,16
24,False,False,False,BASELINE_SWEEP00,22|0|0|0|0|0|0|0|0,True,False,TRACK_LOSS,INITIAL_GATE_PASS,46158daa6c30628dcbab5e05994259cc651a78d033e5927a6ce94a63e9cffce0,False,0.42662762373024854,0.0,22,0.3368055555555556,nan,920003,False,False,False,0.35,112,,16,16,16
24,False,False,False,LAW_16,22|9|9|8|6|6|6|6|5,False,False,TRACK_LOSS,INITIAL_GATE_PASS,46158daa6c30628dcbab5e05994259cc651a78d033e5927a6ce94a63e9cffce0,False,0.42662762373024854,0.04513888888888889,22,0.3368055555555556,0.5390519403520608,920003,False,False,False,0.35,,,16,16,16
24,False,False,False,BASELINE_SWEEP00,20|0|0|0|0|0|0|0|0,True,False,SIMULTANEOUS:DISSOLUTION+TRACK_LOSS,INITIAL_GATE_PASS,55dc33da8ee28c9c9273930553a33366dba82634ea49cca9e05b463b41baf7c4,False,0.4493421802432247,0.0,20,0.3454861111111111,nan,920004,False,False,False,0.35,192,,192,192,192
24,False,False,False,LAW_16,20|10|9|9|8|9|8|8|7,False,False,NONE,INITIAL_GATE_PASS,55dc33da8ee28c9c9273930553a33366dba82634ea49cca9e05b463b41baf7c4,False,0.4493421802432247,0.09375,20,0.3454861111111111,0.5981895926873678,920004,True,True,True,0.35,,,,,2048
24,False,False,False,BASELINE_SWEEP00,25|0|0|0|0|0|0|0|0,True,False,TRACK_LOSS,INITIAL_GATE_PASS,1f507cf519549ac63b2525514c280e7276cbb81085760d35f949ee54752e6cba,False,0.4011517000543067,0.0,25,0.3350694444444444,nan,920005,False,False,False,0.35,128,,16,16,16
24,False,False,False,LAW_16,25|10|6|5|5|6|6|6|6,False,False,TRACK_LOSS,INITIAL_GATE_PASS,1f507cf519549ac63b2525514c280e7276cbb81085760d35f949ee54752e6cba,False,0.4011517000543067,0.059027777777777776,25,0.3350694444444444,0.49621196634075654,920005,False,False,False,0.35,,,16,16,16
24,False,False,False,BASELINE_SWEEP00,28|1|0|0|0|0|0|0|0,True,False,TRACK_LOSS,INITIAL_GATE_PASS,e9ed783c2be359075e5e7313fc074cfb3d0d2fbcbb24d0318548b611c00d6610,False,0.5008346903996245,0.0,28,0.3767361111111111,nan,920006,False,False,False,0.35,464,,16,16,16
24,False,False,False,LAW_16,28|9|6|5|6|7|6|6|5,False,False,NONE,INITIAL_GATE_PASS,e9ed783c2be359075e5e7313fc074cfb3d0d2fbcbb24d0318548b611c00d6610,False,0.5008346903996245,0.1579861111111111,28,0.3767361111111111,0.6122862411870391,920006,True,True,True,0.35,,,,,2048
24,False,False,False,BASELINE_SWEEP00,21|0|0|0|0|0|0|0|0,True,False,TRACK_LOSS,INITIAL_GATE_PASS,257acd817f7c977164afd7e0d252e6900aca5041d4a165ae33ba6d9f8b1256e6,False,0.364849263461701,0.0,21,0.3229166666666667,nan,920007,False,False,False,0.35,128,,16,16,16
24,False,False,False,LAW_16,21|10|7|7|6|5|4|4|3,False,False,TRACK_LOSS,INITIAL_GATE_PASS,257acd817f7c977164afd7e0d252e6900aca5041d4a165ae33ba6d9f8b1256e6,False,0.364849263461701,0.052083333333333336,21,0.3229166666666667,0.5012090802515208,920007,False,False,False,0.35,,,32,32,32
24,False,False,False,BASELINE_SWEEP00,29|0|0|0|0|0|0|0|0,True,False,TRACK_LOSS,INITIAL_GATE_PASS,48a9bd923d10abcff082b7929b0cac909e0f5f29dfe72e8bd0a6c1d6e7586eb5,False,0.4562810679944346,0.0,29,0.3368055555555556,nan,920008,False,False,False,0.35,96,,16,16,16
24,False,False,False,LAW_16,29|9|6|6|5|5|3|3|3,False,False,TRACK_LOSS,INITIAL_GATE_PASS,48a9bd923d10abcff082b7929b0cac909e0f5f29dfe72e8bd0a6c1d6e7586eb5,False,0.4562810679944346,0.0625,29,0.3368055555555556,0.5247468040767269,920008,False,False,False,0.35,,,16,16,16
24,False,False,False,BASELINE_SWEEP00,21|1|0|0|0|0|0|0|0,True,False,SIMULTANEOUS:DISSOLUTION+TRACK_LOSS,INITIAL_GATE_PASS,e3a711a7d548d0ab30befbb9223846ba8db66fcdafa136a3984af286b4fe6686,False,0.4760363840076338,0.0,21,0.3663194444444444,nan,920009,False,False,True,0.35,272,,272,272,272
24,False,False,False,LAW_16,21|9|8|6|4|4|4|3|3,False,False,NONE,INITIAL_GATE_PASS,e3a711a7d548d0ab30befbb9223846ba8db66fcdafa136a3984af286b4fe6686,False,0.4760363840076338,0.11458333333333333,21,0.3663194444444444,0.6324743771077767,920009,True,True,True,0.35,,,,,2048
24,False,False,False,BASELINE_SWEEP00,19|0|0|0|0|0|0|0|0,True,False,TRACK_LOSS,INITIAL_GATE_PASS,88ebcba9007916d9c32ee889d4d1b3d4d181f9647c6a1fbdf7e5ed747e3e05e3,False,0.46399351823727153,0.0,19,0.359375,nan,920010,False,False,False,0.35,160,,16,16,16
24,False,False,False,LAW_16,19|9|9|7|6|5|5|5|5,False,False,TRACK_LOSS,INITIAL_GATE_PASS,88ebcba9007916d9c32ee889d4d1b3d4d181f9647c6a1fbdf7e5ed747e3e05e3,False,0.46399351823727153,0.07465277777777778,19,0.359375,0.5832196333771169,920010,False,False,False,0.35,,,48,48,48
24,False,False,False,BASELINE_SWEEP00,22|1|0|0|0|0|0|0|0,True,False,TRACK_LOSS,INITIAL_GATE_PASS,9e088c30f9b11e58a2d191ceb485be0475445c594f5ad902a5072c739429abd2,False,0.47001930223953825,0.0,22,0.3715277777777778,nan,920011,False,False,False,0.35,272,,16,16,16
24,False,False,False,LAW_16,22|7|4|4|4|3|3|3|3,False,False,TRACK_LOSS,INITIAL_GATE_PASS,9e088c30f9b11e58a2d191ceb485be0475445c594f5ad902a5072c739429abd2,False,0.47001930223953825,0.1284722222222222,22,0.3715277777777778,0.6381920367040856,920011,False,False,False,0.35,,,16,16,16
32,False,False,False,BASELINE_SWEEP00,46|2|0|0|0|0|0|0|0,True,False,TRACK_LOSS,INITIAL_GATE_PASS,7da2aa40213c5f194459612bc185c7551176adfeb23bd0e96e1decab45e9b968,False,0.4892031278075926,0.0,46,0.3740234375,nan,920100,False,False,False,0.35,320,,16,16,16
32,False,False,False,LAW_16,46|14|8|8|8|9|7|6|6,False,False,TRACK_LOSS,INITIAL_GATE_PASS,7da2aa40213c5f194459612bc185c7551176adfeb23bd0e96e1decab45e9b968,False,0.4892031278075926,0.1630859375,46,0.3740234375,0.5800350043338692,920100,False,False,False,0.35,,,16,16,16
32,False,False,False,BASELINE_SWEEP00,39|0|0|0|0|0|0|0|0,True,False,TRACK_LOSS,INITIAL_GATE_PASS,f838ca7b06d061f75e5e7247e339e4c542d636dbbad398b50ebe5954b68dd0b4,False,0.44451762074713763,0.0,39,0.337890625,nan,920101,False,False,False,0.35,176,,16,16,16
32,False,False,False,LAW_16,39|16|13|11|11|10|9|9|8,False,False,TRACK_LOSS,INITIAL_GATE_PASS,f838ca7b06d061f75e5e7247e339e4c542d636dbbad398b50ebe5954b68dd0b4,False,0.44451762074713763,0.0771484375,39,0.337890625,0.5253447666874672,920101,False,False,False,0.35,,,80,80,80
32,False,False,False,BASELINE_SWEEP00,36|0|0|0|0|0|0|0|0,True,False,TRACK_LOSS,INITIAL_GATE_PASS,1eacde01c1d94049d149dd80613f0b7cd3737738bd3f5a8e954e69eba8b1513d,False,0.4399115885004723,0.0,36,0.3466796875,nan,920102,False,False,False,0.35,192,,16,16,16
32,False,False,False,LAW_16,36|14|9|9|7|7|7|7|7,False,False,TRACK_LOSS,INITIAL_GATE_PASS,1eacde01c1d94049d149dd80613f0b7cd3737738bd3f5a8e954e69eba8b1513d,False,0.4399115885004723,0.080078125,36,0.3466796875,0.5585800861044641,920102,False,False,False,0.35,,,16,16,16
32,False,False,False,BASELINE_SWEEP00,34|0|0|0|0|0|0|0|0,True,False,TRACK_LOSS,INITIAL_GATE_PASS,14f460d1a4e14d49ece36fc712360dfa263584f9b3d12cc606d81053f106d0d5,False,0.3929502500327515,0.0,34,0.318359375,nan,920103,False,False,False,0.35,192,,16,16,16
32,False,False,False,LAW_16,34|16|14|11|9|7|7|6|6,False,False,TRACK_LOSS,INITIAL_GATE_PASS,14f460d1a4e14d49ece36fc712360dfa263584f9b3d12cc606d81053f106d0d5,False,0.3929502500327515,0.1591796875,34,0.318359375,0.4605097881966234,920103,False,False,False,0.35,,,16,16,16
32,False,False,False,BASELINE_SWEEP00,40|0|0|0|0|0|0|0|0,True,False,TRACK_LOSS,INITIAL_GATE_PASS,14f2cb23e6e05f31dce320d8d6eda3198e6f9fe266a31e4f45bc94b7a94e4d0a,False,0.4778551599519373,0.0,40,0.345703125,nan,920104,False,False,False,0.35,144,,16,16,16
32,False,False,False,LAW_16,40|14|9|10|10|10|9|9|9,False,False,TRACK_LOSS,INITIAL_GATE_PASS,14f2cb23e6e05f31dce320d8d6eda3198e6f9fe266a31e4f45bc94b7a94e4d0a,False,0.4778551599519373,0.052734375,40,0.345703125,0.5812345592826051,920104,False,False,False,0.35,,,16,16,16
32,False,False,False,BASELINE_SWEEP00,39|0|0|0|0|0|0|0|0,True,False,TRACK_LOSS,INITIAL_GATE_PASS,1f21d62ad1ff3fc775d5d43e873708ebd5cb4748c2373a6163209919aafb66ce,False,0.44399416033271344,0.0,39,0.34765625,nan,920105,False,False,False,0.35,128,,16,16,16
32,False,False,False,LAW_16,39|23|16|12|10|10|9|9|8,False,False,TRACK_LOSS,INITIAL_GATE_PASS,1f21d62ad1ff3fc775d5d43e873708ebd5cb4748c2373a6163209919aafb66ce,False,0.44399416033271344,0.0498046875,39,0.34765625,0.5126819753586277,920105,False,False,False,0.35,,,96,96,96
32,False,False,False,BASELINE_SWEEP00,37|0|0|0|0|0|0|0|0,True,False,TRACK_LOSS,INITIAL_GATE_PASS,6c2e08655d8798a81af45439b9493a0c4182d68da061ccfaa115c1245511950f,False,0.41744738767384326,0.0,37,0.341796875,nan,920106,False,False,False,0.35,144,,16,16,16
32,False,False,False,LAW_16,37|15|10|8|7|7|7|7|7,False,False,TRACK_LOSS,INITIAL_GATE_PASS,6c2e08655d8798a81af45439b9493a0c4182d68da061ccfaa115c1245511950f,False,0.41744738767384326,0.0458984375,37,0.341796875,0.504746903894845,920106,False,False,False,0.35,,,16,16,16
32,False,False,False,BASELINE_SWEEP00,39|0|0|0|0|0|0|0|0,True,False,TRACK_LOSS,INITIAL_GATE_PASS,b1fc40f2bf7cc4cd45a43b12d9a13ccc6305e8aa7669aa5b0cec97213b685fe7,False,0.4530874068038778,0.0,39,0.3564453125,nan,920107,False,False,False,0.35,192,,16,16,16
32,False,False,False,LAW_16,39|16|13|11|12|11|9|9|7,False,False,TRACK_LOSS,INITIAL_GATE_PASS,b1fc40f2bf7cc4cd45a43b12d9a13ccc6305e8aa7669aa5b0cec97213b685fe7,False,0.4530874068038778,0.1015625,39,0.3564453125,0.5115503428943428,920107,False,False,False,0.35,,,48,48,48
32,False,False,False,BASELINE_SWEEP00,46|0|0|0|0|0|0|0|0,True,False,TRACK_LOSS,INITIAL_GATE_PASS,c72b8fd65f0c09b705d43470f879149cb306e76d5e0ab9c8cd79bdbe2371cb5e,False,0.46656759449902463,0.0,46,0.3486328125,nan,920108,False,False,False,0.35,176,,16,16,16
32,False,False,False,LAW_16,46|18|12|11|9|6|6|6|6,False,False,TRACK_LOSS,INITIAL_GATE_PASS,c72b8fd65f0c09b705d43470f879149cb306e76d5e0ab9c8cd79bdbe2371cb5e,False,0.46656759449902463,0.0556640625,46,0.3486328125,0.5480816777861611,920108,False,False,False,0.35,,,48,48,48
32,False,False,False,BASELINE_SWEEP00,37|0|0|0|0|0|0|0|0,True,False,SIMULTANEOUS:DISSOLUTION+TRACK_LOSS,INITIAL_GATE_PASS,516205225814c3d5468e159456358502d197f8e006f9769e840b0148b36418c5,False,0.39985138966505823,0.0,37,0.3154296875,nan,920109,False,False,False,0.35,112,,112,112,112
32,False,False,False,LAW_16,37|17|16|13|13|12|11|10|7,False,False,TRACK_LOSS,INITIAL_GATE_PASS,516205225814c3d5468e159456358502d197f8e006f9769e840b0148b36418c5,False,0.39985138966505823,0.033203125,37,0.3154296875,0.5537421482797906,920109,False,False,False,0.35,,,48,48,48
32,False,False,False,BASELINE_SWEEP00,35|1|0|0|0|0|0|0|0,True,False,TRACK_LOSS,INITIAL_GATE_PASS,ee59ae183341792e65a2b51afbe78781af5560cc99ab3a8b77596697dd50bbdc,False,0.47714054023993463,0.0,35,0.3662109375,nan,920110,False,False,False,0.35,288,,16,16,16
32,False,False,False,LAW_16,35|10|8|6|5|5|5|4|3,False,False,TRACK_LOSS,INITIAL_GATE_PASS,ee59ae183341792e65a2b51afbe78781af5560cc99ab3a8b77596697dd50bbdc,False,0.47714054023993463,0.228515625,35,0.3662109375,0.5650791292677146,920110,False,False,False,0.35,,,48,48,48
32,False,False,False,BASELINE_SWEEP00,33|0|0|0|0|0|0|0|0,True,False,TRACK_LOSS,INITIAL_GATE_PASS,10197315cd39752f3234abd6073fae3f7a88002e100e3fb79161cc6611856b39,False,0.4026159022411025,0.0,33,0.3349609375,nan,920111,False,False,False,0.35,128,,80,80,80
32,False,False,False,LAW_16,33|13|13|13|10|8|8|9|8,False,False,TRACK_LOSS,INITIAL_GATE_PASS,10197315cd39752f3234abd6073fae3f7a88002e100e3fb79161cc6611856b39,False,0.4026159022411025,0.0458984375,33,0.3349609375,0.3905941140291582,920111,False,False,False,0.35,,,48,48,48
24,False,False,False,BASELINE_SWEEP00,24|3|1|0|0|0|0|0|0,True,False,TRACK_LOSS,INITIAL_GATE_PASS,514a898d93091ba2f3e2ed5682f07e73b3bd00e9814bc8a484f2cd5f0a3dbf0d,False,0.546413542860784,0.0,24,0.4166666666666667,nan,921000,False,False,False,0.45,560,,16,16,16
24,False,False,False,LAW_16,24|8|6|4|3|4|4|4|3,False,False,TRACK_LOSS,INITIAL_GATE_PASS,514a898d93091ba2f3e2ed5682f07e73b3bd00e9814bc8a484f2cd5f0a3dbf0d,False,0.546413542860784,0.22743055555555555,24,0.4166666666666667,0.6005749677923568,921000,False,False,False,0.45,,,16,16,16
24,False,False,False,BASELINE_SWEEP00,23|1|1|1|1|1|0|0|0,True,True,TRACK_LOSS,INITIAL_GATE_PASS,e0e41208c3e9756657e9658df944ad9e31f28ae6b370119577dc79ac99026beb,False,0.5950349923796473,0.0,23,0.4461805555555556,nan,921001,False,False,False,0.45,1504,400,16,16,16
24,False,False,False,LAW_16,23|4|2|2|2|2|2|2|2,False,False,TRACK_LOSS,INITIAL_GATE_PASS,e0e41208c3e9756657e9658df944ad9e31f28ae6b370119577dc79ac99026beb,False,0.5950349923796473,0.3611111111111111,23,0.4461805555555556,0.6471822839931555,921001,False,False,False,0.45,,,16,16,16
24,False,False,False,BASELINE_SWEEP00,23|1|1|1|1|1|1|0|0,True,True,SIMULTANEOUS:DYNAMIC_WRAPPING+TRACK_LOSS,INITIAL_GATE_PASS,184e99ca7d141c50aaf95bc78737229bd30199a80ec67e7b09c97a0c8b705017,False,0.6215419509254569,0.0,23,0.4444444444444444,nan,921002,False,False,False,0.45,1584,16,16,16,16
24,False,False,False,LAW_16,23|3|3|3|3|1|1|1|1,False,True,TRACK_LOSS,INITIAL_GATE_PASS,184e99ca7d141c50aaf95bc78737229bd30199a80ec67e7b09c97a0c8b705017,False,0.6215419509254569,0.4704861111111111,23,0.4444444444444444,0.6527275444913938,921002,False,False,False,0.45,,80,16,16,16
24,False,False,False,BASELINE_SWEEP00,21|1|1|1|1|1|1|0|0,True,True,SIMULTANEOUS:DYNAMIC_WRAPPING+TRACK_LOSS,INITIAL_GATE_PASS,2d693e97184bb697f7464de460e487cc19c2b6191c750f144fd23874c799b98e,False,0.5872484820898718,0.0,21,0.4375,nan,921003,False,False,False,0.45,1760,16,16,16,16
24,False,False,False,LAW_16,21|4|4|2|2|2|2|2|2,False,True,TRACK_LOSS,INITIAL_GATE_PASS,2d693e97184bb697f7464de460e487cc19c2b6191c750f144fd23874c799b98e,False,0.5872484820898718,0.015625,21,0.4375,0.6509479018605874,921003,False,False,False,0.45,,240,16,16,16
24,False,False,False,BASELINE_SWEEP00,12|1|1|1|1|1|1|1|1,False,True,SIMULTANEOUS:DYNAMIC_WRAPPING+TRACK_LOSS,INITIAL_GATE_PASS,43409b0147ef0e9e3efcfdee83f9a53bfc9e04bf2081e3e8cf575fc70b64d8c4,False,0.7089947364534094,0.0,12,0.5086805555555556,nan,921004,False,False,False,0.45,,16,16,16,16
24,False,False,False,LAW_16,12|1|1|1|1|1|1|1|1,False,True,SIMULTANEOUS:DYNAMIC_WRAPPING+TRACK_LOSS,INITIAL_GATE_PASS,43409b0147ef0e9e3efcfdee83f9a53bfc9e04bf2081e3e8cf575fc70b64d8c4,False,0.7089947364534094,0.0,12,0.5086805555555556,nan,921004,False,False,False,0.45,,16,16,16,16
24,False,False,False,BASELINE_SWEEP00,19|1|1|1|1|1|1|1|1,False,True,SIMULTANEOUS:DYNAMIC_WRAPPING+TRACK_LOSS,INITIAL_GATE_PASS,8b8b2383bcba967094768c177773ab1c52b56e94408f64e1694124d215764282,False,0.669709137188729,0.140625,19,0.4513888888888889,0.6738444328643491,921005,False,False,False,0.45,,16,16,16,16
24,False,False,False,LAW_16,19|3|2|1|1|1|1|1|1,False,True,TRACK_LOSS,INITIAL_GATE_PASS,8b8b2383bcba967094768c177773ab1c52b56e94408f64e1694124d215764282,False,0.669709137188729,0.0,19,0.4513888888888889,nan,921005,False,False,False,0.45,,128,32,32,32
24,False,False,False,BASELINE_SWEEP00,21|1|1|1|1|1|1|1|1,False,True,SIMULTANEOUS:DYNAMIC_WRAPPING+TRACK_LOSS,INITIAL_GATE_PASS,793e262d9cc364f2895ce7e874bc4d493610de5a34bc6be38d3670da33fc3faa,False,0.6814994911227645,0.0,21,0.4913194444444444,nan,921006,False,False,False,0.45,,16,16,16,16
24,False,False,False,LAW_16,21|2|2|2|1|1|1|1|1,False,True,SIMULTANEOUS:DYNAMIC_WRAPPING+TRACK_LOSS,INITIAL_GATE_PASS,793e262d9cc364f2895ce7e874bc4d493610de5a34bc6be38d3670da33fc3faa,False,0.6814994911227645,0.0,21,0.4913194444444444,nan,921006,False,False,False,0.45,,16,16,16,16
24,False,False,False,BASELINE_SWEEP00,19|1|1|1|1|1|1|1|1,False,True,SIMULTANEOUS:DYNAMIC_WRAPPING+TRACK_LOSS,INITIAL_GATE_PASS,d1fba9d9fbaa0791cf16986485d23e872acbdc0d20ccf6516542fe1c57987651,False,0.6148770731013015,0.0,19,0.4548611111111111,nan,921007,False,False,False,0.45,,16,16,16,16
24,False,False,False,LAW_16,19|2|1|1|1|1|1|1|1,False,True,SIMULTANEOUS:DYNAMIC_WRAPPING+TRACK_LOSS,INITIAL_GATE_PASS,d1fba9d9fbaa0791cf16986485d23e872acbdc0d20ccf6516542fe1c57987651,False,0.6148770731013015,0.0,19,0.4548611111111111,nan,921007,False,False,False,0.45,,64,64,64,64
24,False,False,False,BASELINE_SWEEP00,23|1|1|1|0|0|0|0|0,True,True,SIMULTANEOUS:DYNAMIC_WRAPPING+TRACK_LOSS,INITIAL_GATE_PASS,885e529799e232373fb57637525a3d0099638d5b793c1607e3a0d261fa251c61,False,0.6458287610029497,0.0,23,0.4461805555555556,nan,921008,False,False,False,0.45,992,16,16,16,16
24,False,False,False,LAW_16,23|4|3|3|3|3|2|1|1,False,True,TRACK_LOSS,INITIAL_GATE_PASS,885e529799e232373fb57637525a3d0099638d5b793c1607e3a0d261fa251c61,False,0.6458287610029497,0.0,23,0.4461805555555556,nan,921008,False,False,False,0.45,,80,16,16,16
24,False,False,False,BASELINE_SWEEP00,30|1|1|1|1|1|1|1|1,False,True,SIMULTANEOUS:DYNAMIC_WRAPPING+TRACK_LOSS,INITIAL_GATE_PASS,87dd8b7346fc2dabba73507ec82af21b61fb893bed6aa6b630e6964ad2d8e67b,False,0.6515021967941428,0.0,30,0.4635416666666667,nan,921009,False,False,False,0.45,,16,16,16,16
24,False,False,False,LAW_16,30|1|1|1|1|1|1|1|1,False,True,TRACK_LOSS,INITIAL_GATE_PASS,87dd8b7346fc2dabba73507ec82af21b61fb893bed6aa6b630e6964ad2d8e67b,False,0.6515021967941428,0.5381944444444444,30,0.4635416666666667,0.6783823619145023,921009,False,False,False,0.45,,208,16,16,16
24,False,False,False,BASELINE_SWEEP00,24|1|1|1|1|1|1|0|0,True,True,SIMULTANEOUS:DYNAMIC_WRAPPING+TRACK_LOSS,INITIAL_GATE_PASS,7d4237cf0f9ce556cb482b5314731d6ee3dd4387414433e8831728ab6ff56dca,False,0.6059987877414168,0.0,24,0.4548611111111111,nan,921010,False,False,False,0.45,1712,16,16,16,16
24,False,False,False,LAW_16,24|5|4|3|2|2|1|1|2,False,True,TRACK_LOSS,INITIAL_GATE_PASS,7d4237cf0f9ce556cb482b5314731d6ee3dd4387414433e8831728ab6ff56dca,False,0.6059987877414168,0.1597222222222222,24,0.4548611111111111,0.5548502205755209,921010,False,False,False,0.45,,128,16,16,16
24,False,False,False,BASELINE_SWEEP00,21|1|1|1|1|0|0|0|0,True,True,SIMULTANEOUS:DYNAMIC_WRAPPING+TRACK_LOSS,INITIAL_GATE_PASS,f191d13740fd7e25f3c129eccc25d94376ddb02952e42d38d5f91a67a843c527,False,0.6124319855563807,0.0,21,0.4479166666666667,nan,921011,False,False,False,0.45,1152,16,16,16,16
24,False,False,False,LAW_16,21|4|1|1|1|1|1|1|1,False,True,TRACK_LOSS,INITIAL_GATE_PASS,f191d13740fd7e25f3c129eccc25d94376ddb02952e42d38d5f91a67a843c527,False,0.6124319855563807,0.4652777777777778,21,0.4479166666666667,0.6501200697043582,921011,False,False,False,0.45,,64,16,16,16
32,False,False,False,BASELINE_SWEEP00,43|2|1|1|1|1|0|0|0,True,True,TRACK_LOSS,INITIAL_GATE_PASS,d4673127bb0e3f1ec241a490641c5260204f35acd4ba844e0e4f2e7559f1f2ed,False,0.5781665916094164,0.0,43,0.4287109375,nan,921100,False,False,False,0.45,1440,32,16,16,16
32,False,False,False,LAW_16,43|4|4|3|2|2|2|1|1,False,True,TRACK_LOSS,INITIAL_GATE_PASS,d4673127bb0e3f1ec241a490641c5260204f35acd4ba844e0e4f2e7559f1f2ed,False,0.5781665916094164,0.0,43,0.4287109375,nan,921100,False,False,False,0.45,,368,16,16,16
32,False,False,False,BASELINE_SWEEP00,42|1|1|1|1|1|1|1|1,False,True,SIMULTANEOUS:DYNAMIC_WRAPPING+TRACK_LOSS,INITIAL_GATE_PASS,a692dd6351c01c189969ff3b0aadd0372ade298a33bfe095b956ad08c58eeeb9,False,0.6581710263932204,0.0,42,0.46875,nan,921101,False,False,False,0.45,,16,16,16,16
32,False,False,False,LAW_16,42|2|4|2|2|2|2|1|1,False,True,TRACK_LOSS,INITIAL_GATE_PASS,a692dd6351c01c189969ff3b0aadd0372ade298a33bfe095b956ad08c58eeeb9,False,0.6581710263932204,0.0,42,0.46875,nan,921101,False,False,False,0.45,,64,16,16,16
32,False,False,False,BASELINE_SWEEP00,34|1|1|1|1|1|1|1|1,False,True,SIMULTANEOUS:DYNAMIC_WRAPPING+TRACK_LOSS,INITIAL_GATE_PASS,c72b9084e3e4e85b2e2699277d321c6f38cb28e9bf8e876a0631351d6c7d1a6f,False,0.6291123466602897,0.0,34,0.447265625,nan,921102,False,False,False,0.45,,16,16,16,16
32,False,False,False,LAW_16,34|4|4|4|3|3|3|3|3,False,True,TRACK_LOSS,INITIAL_GATE_PASS,c72b9084e3e4e85b2e2699277d321c6f38cb28e9bf8e876a0631351d6c7d1a6f,False,0.6291123466602897,0.384765625,34,0.447265625,0.6802879232058552,921102,False,False,False,0.45,,112,64,64,64
32,False,False,False,BASELINE_SWEEP00,42|1|1|1|1|1|1|1|1,False,True,SIMULTANEOUS:DYNAMIC_WRAPPING+TRACK_LOSS,INITIAL_GATE_PASS,f3d9821a514e2d96d16227e45e0b6e796a029ef5fd24c4f5befd3cb2ee4c6da0,False,0.6184200654413424,0.0,42,0.4501953125,nan,921103,False,False,False,0.45,,16,16,16,16
32,False,False,False,LAW_16,42|3|3|1|1|2|2|2|2,False,True,TRACK_LOSS,INITIAL_GATE_PASS,f3d9821a514e2d96d16227e45e0b6e796a029ef5fd24c4f5befd3cb2ee4c6da0,False,0.6184200654413424,0.0029296875,42,0.4501953125,0.5902416691184252,921103,False,False,False,0.45,,112,32,32,32
32,False,False,False,BASELINE_SWEEP00,34|1|1|1|1|1|1|1|1,False,True,SIMULTANEOUS:DYNAMIC_WRAPPING+TRACK_LOSS,INITIAL_GATE_PASS,55117c25487d98b837be664a9fdb40239096182d9b90ba118031f18c970c097b,False,0.6063592785769244,0.0,34,0.4453125,nan,921104,False,False,False,0.45,,16,16,16,16
32,False,False,False,LAW_16,34|3|2|2|2|1|1|1|1,False,True,TRACK_LOSS,INITIAL_GATE_PASS,55117c25487d98b837be664a9fdb40239096182d9b90ba118031f18c970c097b,False,0.6063592785769244,0.0,34,0.4453125,nan,921104,False,False,False,0.45,,112,16,16,16
32,False,False,False,BASELINE_SWEEP00,23|1|1|1|1|1|1|1|1,False,True,SIMULTANEOUS:DYNAMIC_WRAPPING+TRACK_LOSS,INITIAL_GATE_PASS,5a3ab87877c73171f1f66975157f01a7ceb577b9e9a555fd0584e620320b6deb,False,0.6344339411059097,0.0,23,0.4736328125,nan,921105,False,False,False,0.45,,16,16,16,16
32,False,False,False,LAW_16,23|3|1|2|3|2|2|2|2,False,True,SIMULTANEOUS:DYNAMIC_WRAPPING+TRACK_LOSS,INITIAL_GATE_PASS,5a3ab87877c73171f1f66975157f01a7ceb577b9e9a555fd0584e620320b6deb,False,0.6344339411059097,0.080078125,23,0.4736328125,0.6971590151434441,921105,False,False,False,0.45,,16,16,16,16
32,False,False,False,BASELINE_SWEEP00,38|2|1|1|0|0|0|0|0,True,False,TRACK_LOSS,INITIAL_GATE_PASS,3dea0f5bda03dd8e0a7f135efff28e096cf748019fa19659cc27010700c126b1,False,0.6024898576780267,0.0,38,0.431640625,nan,921106,False,False,False,0.45,912,,16,16,16
32,False,False,False,LAW_16,38|6|6|4|3|2|3|3|3,False,False,TRACK_LOSS,INITIAL_GATE_PASS,3dea0f5bda03dd8e0a7f135efff28e096cf748019fa19659cc27010700c126b1,False,0.6024898576780267,0.193359375,38,0.431640625,0.6503340575767266,921106,False,False,False,0.45,,,16,16,16
32,False,False,False,BASELINE_SWEEP00,38|1|1|1|1|1|1|1|1,False,True,TRACK_LOSS,INITIAL_GATE_PASS,90d92b6d06a5286f17e48f0bb9778216030aaaaa7253c5d598749e045fdd79c4,False,0.6839514047122494,0.0,38,0.47265625,nan,921107,False,False,False,0.45,,32,16,16,16
32,False,False,False,LAW_16,38|5|1|1|1|1|1|1|1,False,True,TRACK_LOSS,INITIAL_GATE_PASS,90d92b6d06a5286f17e48f0bb9778216030aaaaa7253c5d598749e045fdd79c4,False,0.6839514047122494,0.0,38,0.47265625,nan,921107,False,False,False,0.45,,256,16,16,16
32,False,False,False,BASELINE_SWEEP00,39|1|1|1|1|1|1|1|1,False,True,SIMULTANEOUS:DYNAMIC_WRAPPING+TRACK_LOSS,INITIAL_GATE_PASS,8f923f7e50f25a3aea9461dae310e7fe0c85b55c0bbc888eb068f2bd5b44c772,False,0.6456307488262701,0.0,39,0.4560546875,nan,921108,False,False,False,0.45,,16,16,16,16
32,False,False,False,LAW_16,39|3|2|2|2|2|1|1|1,False,True,TRACK_LOSS,INITIAL_GATE_PASS,8f923f7e50f25a3aea9461dae310e7fe0c85b55c0bbc888eb068f2bd5b44c772,False,0.6456307488262701,0.0,39,0.4560546875,nan,921108,False,False,False,0.45,,64,16,16,16
32,False,False,False,BASELINE_SWEEP00,37|2|1|1|1|1|1|1|1,False,False,TRACK_LOSS,INITIAL_GATE_PASS,fb457f5368bdd6df26fac4dda366c7e1db48f0ead5212be5edae13dcbcbf322c,False,0.6008214240360767,0.091796875,37,0.439453125,0.6093972174759196,921109,False,False,False,0.45,,,16,16,16
32,False,False,False,LAW_16,37|4|3|2|2|2|2|3|3,False,True,TRACK_LOSS,INITIAL_GATE_PASS,fb457f5368bdd6df26fac4dda366c7e1db48f0ead5212be5edae13dcbcbf322c,False,0.6008214240360767,0.251953125,37,0.439453125,0.6558030376793371,921109,False,False,False,0.45,,80,16,16,16
32,False,False,False,BASELINE_SWEEP00,42|1|1|1|0|0|0|0|0,True,False,TRACK_LOSS,INITIAL_GATE_PASS,c55c6cbbc84bfeb443f0b6345cceee7016c17e163238cc2f861d7e1ece49ecc0,False,0.5993191800814157,0.0,42,0.4228515625,nan,921110,False,False,False,0.45,800,,16,16,16
32,False,False,False,LAW_16,42|13|5|2|3|2|3|3|3,False,False,TRACK_LOSS,INITIAL_GATE_PASS,c55c6cbbc84bfeb443f0b6345cceee7016c17e163238cc2f861d7e1ece49ecc0,False,0.5993191800814157,0.2265625,42,0.4228515625,0.660131863633712,921110,False,False,False,0.45,,,16,16,16
32,False,False,False,BASELINE_SWEEP00,33|1|1|1|1|1|1|1|1,False,True,SIMULTANEOUS:DYNAMIC_WRAPPING+TRACK_LOSS,INITIAL_GATE_PASS,be952c5cd6f51467b172d19202b11855f3daf800a8b128f89ea634ae013ba2a8,False,0.6171772255705958,0.0,33,0.4482421875,nan,921111,False,False,False,0.45,,16,16,16,16
32,False,False,False,LAW_16,33|3|1|1|1|1|1|1|1,False,True,TRACK_LOSS,INITIAL_GATE_PASS,be952c5cd6f51467b172d19202b11855f3daf800a8b128f89ea634ae013ba2a8,False,0.6171772255705958,0.0,33,0.4482421875,nan,921111,False,False,False,0.45,,176,16,16,16
24,False,False,False,BASELINE_SWEEP00,7|1|1|1|1|1|1|1|1,False,True,INITIAL_GATE_FAIL,INITIAL_WRAPPING,eac738b8ea80a4d97b097c49d021c7fc3ca76ee01b1b530c992896773e43586c,True,0.7642254625180238,0.0,7,0.5451388888888888,nan,922000,False,False,False,0.55,,NA_INITIAL_GATE_FAIL,0,16,0
24,False,False,False,LAW_16,7|1|1|1|1|1|1|1|1,False,True,INITIAL_GATE_FAIL,INITIAL_WRAPPING,eac738b8ea80a4d97b097c49d021c7fc3ca76ee01b1b530c992896773e43586c,True,0.7642254625180238,0.0,7,0.5451388888888888,nan,922000,False,False,False,0.55,,NA_INITIAL_GATE_FAIL,0,16,0
24,False,False,False,BASELINE_SWEEP00,16|1|1|1|1|1|1|1|1,False,True,INITIAL_GATE_FAIL,INITIAL_WRAPPING,3f44d5ab58d603fd8e471a452dc1086b5793d376764afd3061674378fbb4a950,True,0.7359911362627247,0.0,16,0.5243055555555556,nan,922001,False,False,False,0.55,,NA_INITIAL_GATE_FAIL,0,16,0
24,False,False,False,LAW_16,16|1|1|1|1|1|1|1|1,False,True,INITIAL_GATE_FAIL,INITIAL_WRAPPING,3f44d5ab58d603fd8e471a452dc1086b5793d376764afd3061674378fbb4a950,True,0.7359911362627247,0.0,16,0.5243055555555556,nan,922001,False,False,False,0.55,,NA_INITIAL_GATE_FAIL,0,16,0
24,False,False,False,BASELINE_SWEEP00,12|1|1|1|1|1|1|1|1,False,True,SIMULTANEOUS:DYNAMIC_WRAPPING+TRACK_LOSS,INITIAL_GATE_PASS,30ceb618fae3405cc7575b13b49811ba9397a363f44cbb55cc0c866da575a177,False,0.7254204132847626,0.0,12,0.5381944444444444,nan,922002,False,False,False,0.55,,16,16,16,16
24,False,False,False,LAW_16,12|1|1|1|1|1|1|1|1,False,True,TRACK_LOSS,INITIAL_GATE_PASS,30ceb618fae3405cc7575b13b49811ba9397a363f44cbb55cc0c866da575a177,False,0.7254204132847626,0.0,12,0.5381944444444444,nan,922002,False,False,False,0.55,,32,16,16,16
24,False,False,False,BASELINE_SWEEP00,10|1|1|1|1|1|1|1|1,False,True,SIMULTANEOUS:DYNAMIC_WRAPPING+TRACK_LOSS,INITIAL_GATE_PASS,60069f4745fb8bd123a3fcba43bbb789451de21a56f1b7337ebb404f88c8e0b3,False,0.7253986656000253,0.0,10,0.5486111111111112,nan,922003,False,False,False,0.55,,16,16,16,16
24,False,False,False,LAW_16,10|1|1|1|1|1|1|1|1,False,True,SIMULTANEOUS:DYNAMIC_WRAPPING+TRACK_LOSS,INITIAL_GATE_PASS,60069f4745fb8bd123a3fcba43bbb789451de21a56f1b7337ebb404f88c8e0b3,False,0.7253986656000253,0.0,10,0.5486111111111112,nan,922003,False,False,False,0.55,,16,16,16,16
24,False,False,False,BASELINE_SWEEP00,6|1|1|1|1|1|1|1|1,False,True,SIMULTANEOUS:DYNAMIC_WRAPPING+TRACK_LOSS,INITIAL_GATE_PASS,116fd91876f1f5f94582221034aef2a849bb123a0f8c2927558f4f615c62bc96,False,0.7605526202419702,0.0,6,0.5885416666666666,nan,922004,False,False,False,0.55,,16,16,16,16
24,False,False,False,LAW_16,6|1|1|1|1|1|1|1|1,False,True,SIMULTANEOUS:DYNAMIC_WRAPPING+TRACK_LOSS,INITIAL_GATE_PASS,116fd91876f1f5f94582221034aef2a849bb123a0f8c2927558f4f615c62bc96,False,0.7605526202419702,0.0,6,0.5885416666666666,nan,922004,False,False,False,0.55,,16,16,16,16
24,False,False,False,BASELINE_SWEEP00,7|1|1|1|1|1|1|1|1,False,True,INITIAL_GATE_FAIL,INITIAL_WRAPPING,0e34f60fa973d7a5b65664964f1a9a4c35aa7c5b31a340610cc58345c0c3d951,True,0.7684003667138397,0.0,7,0.5607638888888888,nan,922005,False,False,False,0.55,,NA_INITIAL_GATE_FAIL,0,16,0
24,False,False,False,LAW_16,7|1|1|1|1|1|1|1|1,False,True,INITIAL_GATE_FAIL,INITIAL_WRAPPING,0e34f60fa973d7a5b65664964f1a9a4c35aa7c5b31a340610cc58345c0c3d951,True,0.7684003667138397,0.0,7,0.5607638888888888,nan,922005,False,False,False,0.55,,NA_INITIAL_GATE_FAIL,0,16,0
24,False,False,False,BASELINE_SWEEP00,10|1|1|1|1|1|1|1|1,False,True,SIMULTANEOUS:DYNAMIC_WRAPPING+TRACK_LOSS,INITIAL_GATE_PASS,c1e7963fa68114e3f311a4efcd236d5745125ceac21bd61599113875f5bc5469,False,0.723088940543846,0.0,10,0.5486111111111112,nan,922006,False,False,False,0.55,,16,16,16,16
24,False,False,False,LAW_16,10|1|1|1|1|1|1|1|1,False,True,SIMULTANEOUS:DYNAMIC_WRAPPING+TRACK_LOSS,INITIAL_GATE_PASS,c1e7963fa68114e3f311a4efcd236d5745125ceac21bd61599113875f5bc5469,False,0.723088940543846,0.0,10,0.5486111111111112,nan,922006,False,False,False,0.55,,16,16,16,16
24,False,False,False,BASELINE_SWEEP00,9|1|1|1|1|1|1|1|1,False,True,SIMULTANEOUS:DYNAMIC_WRAPPING+TRACK_LOSS,INITIAL_GATE_PASS,81903e12f66af6c332658a379237904616b306d022ffb1587f2f03386509e555,False,0.7405994382358618,0.0,9,0.5381944444444444,nan,922007,False,False,False,0.55,,16,16,16,16
24,False,False,False,LAW_16,9|1|1|1|1|1|1|1|1,False,True,SIMULTANEOUS:DYNAMIC_WRAPPING+TRACK_LOSS,INITIAL_GATE_PASS,81903e12f66af6c332658a379237904616b306d022ffb1587f2f03386509e555,False,0.7405994382358618,0.0,9,0.5381944444444444,nan,922007,False,False,False,0.55,,32,32,32,32
24,False,False,False,BASELINE_SWEEP00,10|1|1|1|1|1|1|1|1,False,True,INITIAL_GATE_FAIL,INITIAL_WRAPPING,f50654c3dff227f556f07214f2548651228f0cb7591e7f2cab5a12f35e53c869,True,0.74570637990389,0.0,10,0.5434027777777778,nan,922008,False,False,False,0.55,,NA_INITIAL_GATE_FAIL,0,16,0
24,False,False,False,LAW_16,10|1|1|1|1|1|1|1|1,False,True,INITIAL_GATE_FAIL,INITIAL_WRAPPING,f50654c3dff227f556f07214f2548651228f0cb7591e7f2cab5a12f35e53c869,True,0.74570637990389,0.0,10,0.5434027777777778,nan,922008,False,False,False,0.55,,NA_INITIAL_GATE_FAIL,0,16,0
24,False,False,False,BASELINE_SWEEP00,10|1|1|1|1|1|1|1|1,False,True,SIMULTANEOUS:DYNAMIC_WRAPPING+TRACK_LOSS,INITIAL_GATE_PASS,bfe32d0b901a831bc36e5b88a88e4588465d8cd828c823817d5410b0fe769e75,False,0.7228214968539298,0.0,10,0.5416666666666666,nan,922009,False,False,False,0.55,,16,16,16,16
24,False,False,False,LAW_16,10|1|1|1|1|1|1|1|1,False,True,SIMULTANEOUS:DYNAMIC_WRAPPING+TRACK_LOSS,INITIAL_GATE_PASS,bfe32d0b901a831bc36e5b88a88e4588465d8cd828c823817d5410b0fe769e75,False,0.7228214968539298,0.0,10,0.5416666666666666,nan,922009,False,False,False,0.55,,32,32,32,32
24,False,False,False,BASELINE_SWEEP00,6|1|1|1|1|1|1|1|1,False,True,INITIAL_GATE_FAIL,INITIAL_WRAPPING,c15a38ceb42b1bcce6cd4c821afc2b8362af1cbf5e33499116f538f503353ffe,True,0.773647953375796,0.0,6,0.5833333333333334,nan,922010,False,False,False,0.55,,NA_INITIAL_GATE_FAIL,0,16,0
24,False,False,False,LAW_16,6|1|1|1|1|1|1|1|1,False,True,INITIAL_GATE_FAIL,INITIAL_WRAPPING,c15a38ceb42b1bcce6cd4c821afc2b8362af1cbf5e33499116f538f503353ffe,True,0.773647953375796,0.0,6,0.5833333333333334,nan,922010,False,False,False,0.55,,NA_INITIAL_GATE_FAIL,0,16,0
24,False,False,False,BASELINE_SWEEP00,10|1|1|1|1|1|1|1|1,False,True,INITIAL_GATE_FAIL,INITIAL_WRAPPING,c6d37935005e38c69c30882b309bd8634fd6efa171c8d7e8d3c9046822f7e65d,True,0.7264952427208728,0.0,10,0.5451388888888888,nan,922011,False,False,False,0.55,,NA_INITIAL_GATE_FAIL,0,16,0
24,False,False,False,LAW_16,10|1|2|1|1|1|1|1|1,False,True,INITIAL_GATE_FAIL,INITIAL_WRAPPING,c6d37935005e38c69c30882b309bd8634fd6efa171c8d7e8d3c9046822f7e65d,True,0.7264952427208728,0.0,10,0.5451388888888888,nan,922011,False,False,False,0.55,,NA_INITIAL_GATE_FAIL,0,16,0
32,False,False,False,BASELINE_SWEEP00,16|1|1|1|1|1|1|1|1,False,True,SIMULTANEOUS:DYNAMIC_WRAPPING+TRACK_LOSS,INITIAL_GATE_PASS,feac13ae789ce314ae431f41bf62edabbc405690e942b17c9762b14b56d9bd36,False,0.7712997870987628,0.0,16,0.5703125,nan,922100,False,False,False,0.55,,16,16,16,16
32,False,False,False,LAW_16,16|1|1|1|1|1|1|1|1,False,True,SIMULTANEOUS:DYNAMIC_WRAPPING+TRACK_LOSS,INITIAL_GATE_PASS,feac13ae789ce314ae431f41bf62edabbc405690e942b17c9762b14b56d9bd36,False,0.7712997870987628,0.0,16,0.5703125,nan,922100,False,False,False,0.55,,16,16,16,16
32,False,False,False,BASELINE_SWEEP00,21|1|1|1|1|1|1|1|1,False,True,SIMULTANEOUS:DYNAMIC_WRAPPING+TRACK_LOSS,INITIAL_GATE_PASS,2de693f621d1c9dd671f082321447e2f2b502aede2abe6d44b7fb23b7434870c,False,0.7700555909089448,0.0,21,0.5556640625,nan,922101,False,False,False,0.55,,16,16,16,16
32,False,False,False,LAW_16,21|1|1|1|1|1|1|1|1,False,True,SIMULTANEOUS:DYNAMIC_WRAPPING+TRACK_LOSS,INITIAL_GATE_PASS,2de693f621d1c9dd671f082321447e2f2b502aede2abe6d44b7fb23b7434870c,False,0.7700555909089448,0.0,21,0.5556640625,nan,922101,False,False,False,0.55,,16,16,16,16
32,False,False,False,BASELINE_SWEEP00,11|1|1|1|1|1|1|1|1,False,True,INITIAL_GATE_FAIL,INITIAL_WRAPPING,ee6884049c4c78121b1650823a79b089ef2b0aace37ccba6b1890fd9e46d18f1,True,0.759946092958108,0.0,11,0.5576171875,nan,922102,False,False,False,0.55,,NA_INITIAL_GATE_FAIL,0,16,0
32,False,False,False,LAW_16,11|1|1|1|1|1|1|1|1,False,True,INITIAL_GATE_FAIL,INITIAL_WRAPPING,ee6884049c4c78121b1650823a79b089ef2b0aace37ccba6b1890fd9e46d18f1,True,0.759946092958108,0.0,11,0.5576171875,nan,922102,False,False,False,0.55,,NA_INITIAL_GATE_FAIL,0,16,0
32,False,False,False,BASELINE_SWEEP00,17|1|1|1|1|1|1|1|1,False,True,SIMULTANEOUS:DYNAMIC_WRAPPING+TRACK_LOSS,INITIAL_GATE_PASS,ba296da0ae1ed2a0740ffedf315e4649beb78a8a19511f0987a8e5106525d6fd,False,0.7534577645782992,0.0,17,0.5419921875,nan,922103,False,False,False,0.55,,16,16,16,16
32,False,False,False,LAW_16,17|2|1|1|1|1|1|1|1,False,True,TRACK_LOSS,INITIAL_GATE_PASS,ba296da0ae1ed2a0740ffedf315e4649beb78a8a19511f0987a8e5106525d6fd,False,0.7534577645782992,0.0,17,0.5419921875,nan,922103,False,False,False,0.55,,32,16,16,16
32,False,False,False,BASELINE_SWEEP00,19|1|1|1|1|1|1|1|1,False,True,SIMULTANEOUS:DYNAMIC_WRAPPING+TRACK_LOSS,INITIAL_GATE_PASS,e9f8a9295b31343cfe0b82af1733241246d63e68de5315925464b2ae7f52931f,False,0.7558886599697495,0.0,19,0.556640625,nan,922104,False,False,False,0.55,,16,16,16,16
32,False,False,False,LAW_16,19|1|1|1|1|1|1|1|1,False,True,TRACK_LOSS,INITIAL_GATE_PASS,e9f8a9295b31343cfe0b82af1733241246d63e68de5315925464b2ae7f52931f,False,0.7558886599697495,0.0,19,0.556640625,nan,922104,False,False,False,0.55,,32,16,16,16
32,False,False,False,BASELINE_SWEEP00,16|1|1|1|1|1|1|1|1,False,True,SIMULTANEOUS:DYNAMIC_WRAPPING+TRACK_LOSS,INITIAL_GATE_PASS,e0520d71a7674ce8f45b5d4daa93e7596f97d856c7c1b5f3dd1cf7a426c2c7c0,False,0.7544061290844538,0.0,16,0.546875,nan,922105,False,False,False,0.55,,16,16,16,16
32,False,False,False,LAW_16,16|1|1|1|1|1|1|1|1,False,True,SIMULTANEOUS:DYNAMIC_WRAPPING+TRACK_LOSS,INITIAL_GATE_PASS,e0520d71a7674ce8f45b5d4daa93e7596f97d856c7c1b5f3dd1cf7a426c2c7c0,False,0.7544061290844538,0.0,16,0.546875,nan,922105,False,False,False,0.55,,16,16,16,16
32,False,False,False,BASELINE_SWEEP00,15|1|1|1|1|1|1|1|1,False,True,SIMULTANEOUS:DYNAMIC_WRAPPING+TRACK_LOSS,INITIAL_GATE_PASS,b9b94c4578fb666365feb575836d69b539d1850235c8c47af8af57c74638deb9,False,0.7622821195170246,0.0,15,0.55078125,nan,922106,False,False,False,0.55,,16,16,16,16
32,False,False,False,LAW_16,15|1|1|1|1|1|1|1|1,False,True,SIMULTANEOUS:DYNAMIC_WRAPPING+TRACK_LOSS,INITIAL_GATE_PASS,b9b94c4578fb666365feb575836d69b539d1850235c8c47af8af57c74638deb9,False,0.7622821195170246,0.0,15,0.55078125,nan,922106,False,False,False,0.55,,16,16,16,16
32,False,False,False,BASELINE_SWEEP00,12|1|1|1|1|1|1|1|1,False,True,INITIAL_GATE_FAIL,INITIAL_WRAPPING,7a594f8c8559d0096b44276109600993de6ab6d97e5d1f8e34e0feec1bcb5184,True,0.7780121641203045,0.0,12,0.57421875,nan,922107,False,False,False,0.55,,NA_INITIAL_GATE_FAIL,0,16,0
32,False,False,False,LAW_16,12|1|1|1|1|1|1|1|1,False,True,INITIAL_GATE_FAIL,INITIAL_WRAPPING,7a594f8c8559d0096b44276109600993de6ab6d97e5d1f8e34e0feec1bcb5184,True,0.7780121641203045,0.0,12,0.57421875,nan,922107,False,False,False,0.55,,NA_INITIAL_GATE_FAIL,0,32,0
32,False,False,False,BASELINE_SWEEP00,13|1|1|1|1|1|1|1|1,False,True,SIMULTANEOUS:DYNAMIC_WRAPPING+TRACK_LOSS,INITIAL_GATE_PASS,7edade7fa5a5e883986ba36961828770c554ee26ba859106430422ce648e4853,False,0.7437887416500436,0.0,13,0.5439453125,nan,922108,False,False,False,0.55,,16,16,16,16
32,False,False,False,LAW_16,13|1|1|1|1|1|1|1|1,False,True,SIMULTANEOUS:DYNAMIC_WRAPPING+TRACK_LOSS,INITIAL_GATE_PASS,7edade7fa5a5e883986ba36961828770c554ee26ba859106430422ce648e4853,False,0.7437887416500436,0.0,13,0.5439453125,nan,922108,False,False,False,0.55,,16,16,16,16
32,False,False,False,BASELINE_SWEEP00,21|1|1|1|1|1|1|1|1,False,True,SIMULTANEOUS:DYNAMIC_WRAPPING+TRACK_LOSS,INITIAL_GATE_PASS,193e88ef1726cd2388494a080ff92a49e30b8671d6191178da4ada5fe37fbfb2,False,0.7202852014896628,0.0,21,0.5390625,nan,922109,False,False,False,0.55,,16,16,16,16
32,False,False,False,LAW_16,21|1|1|1|1|1|1|1|1,False,True,TRACK_LOSS,INITIAL_GATE_PASS,193e88ef1726cd2388494a080ff92a49e30b8671d6191178da4ada5fe37fbfb2,False,0.7202852014896628,0.0,21,0.5390625,nan,922109,False,False,False,0.55,,32,16,16,16
32,False,False,False,BASELINE_SWEEP00,20|1|1|1|1|1|1|1|1,False,True,SIMULTANEOUS:DYNAMIC_WRAPPING+TRACK_LOSS,INITIAL_GATE_PASS,21b38851971fd94ce3b5f56e552c962784737a92cbfed7909b92bb84b23321e4,False,0.7348194977253485,0.0,20,0.5283203125,nan,922110,False,False,False,0.55,,16,16,16,16
32,False,False,False,LAW_16,20|1|1|1|1|1|1|1|1,False,True,TRACK_LOSS,INITIAL_GATE_PASS,21b38851971fd94ce3b5f56e552c962784737a92cbfed7909b92bb84b23321e4,False,0.7348194977253485,0.0,20,0.5283203125,nan,922110,False,False,False,0.55,,32,16,16,16
32,False,False,False,BASELINE_SWEEP00,9|1|1|1|1|1|1|1|1,False,True,INITIAL_GATE_FAIL,INITIAL_WRAPPING,73d11b63970d58810f7bfca264b3f8d1c876ab1318e68ead5e56abd12f0e71dc,True,0.7787997186929031,0.0,9,0.5703125,nan,922111,False,False,False,0.55,,NA_INITIAL_GATE_FAIL,0,16,0
32,False,False,False,LAW_16,9|1|1|1|1|1|1|1|1,False,True,INITIAL_GATE_FAIL,INITIAL_WRAPPING,73d11b63970d58810f7bfca264b3f8d1c876ab1318e68ead5e56abd12f0e71dc,True,0.7787997186929031,0.0,9,0.5703125,nan,922111,False,False,False,0.55,,NA_INITIAL_GATE_FAIL,0,32,0
