law_index,condition,seed,n_meas,sum_P,sum_M,sum_PP,sum_MM,sum_PM,mean_P,mean_M,mean_turnover,mean_abs_circulation,probe_count,cross_cadence_endpoints,eligible_seed,n_tracks,long_tracks,mean_track_obs,max_track_obs,censored_tracks,births,splits,merges,ambiguous
0,OFF,7001,686,600.3977445715018,645.0084583878435,532.3156080240942,616.6892926380633,569.0222898283266,0.8752153710954836,0.9402455661630371,0.05975443383696322,0.027725041071587436,0,0,False,25,9,11.4,59,19,25,0,1,0
0,OFF,7002,1091,965.9798088653343,1015.0617620941142,865.4418578187042,968.3861698896895,907.7807833100173,0.8854077074842661,0.9303957489405263,0.06960425105947292,0.022548812240823373,8,0,False,26,15,16.76923076923077,61,17,26,0,8,0
0,OFF,7003,1022,916.0578892970199,947.7320707980778,831.6535339133051,905.3752055224057,861.732827894979,0.8963384435391584,0.9273307933444987,0.0726692066555006,0.03647214305092449,5,0,False,24,14,16.791666666666668,61,15,24,0,8,0
0,ON,7001,162,85.44208283933317,71.46379406557438,47.84917054777522,40.16600210125196,40.049069142790195,0.5274202644403282,0.4411345312689776,0.5588654687310227,1.371068139199605,1,0,False,192,0,1.6979166666666667,7,183,192,3,6,2
0,ON,7002,160,88.59411931761332,77.55139730512437,51.72979344678877,47.10179765883184,45.79564188898692,0.5537132457350833,0.4846962331570273,0.5153037668429725,1.3105750886071952,1,0,False,222,0,1.6126126126126126,7,213,222,1,1,0
0,ON,7003,168,92.27777908420948,78.39515610942061,54.68011429793442,47.25769577574768,46.669719919167825,0.549272494548866,0.4666378339846465,0.5333621660153534,1.3363547720678983,1,0,False,169,0,1.834319526627219,7,160,169,3,1,0
1,OFF,7001,799,668.7634695230486,702.5521976093924,566.6833693106963,640.4022276652091,595.9878353159362,0.8370005876383586,0.8792893587101281,0.1207106412898731,0.0652817592502055,3,0,False,30,11,11.3,61,24,30,4,3,0
1,OFF,7002,609,486.78127211244714,463.98038093182726,395.7790145686281,388.681095075534,380.01484988462295,0.7993124336821792,0.7618725466860874,0.23812745331391236,0.0951006794155339,27,0,False,75,10,4.533333333333333,61,69,75,3,6,1
1,OFF,7003,806,692.8022650348117,693.9634789566866,601.3309182098502,625.7525815101071,605.2472949075855,0.8595561600928185,0.860996872154698,0.13900312784530128,0.059805390427163097,12,1,True,42,10,8.547619047619047,59,33,42,2,1,0
1,ON,7001,103,56.76157833155516,49.12348481841525,32.99637810877835,28.736042821234655,28.443591213883337,0.5510832847723801,0.47692703707199274,0.5230729629280072,1.31494374241406,0,0,False,175,0,1.5314285714285714,6,172,175,1,0,1
1,ON,7002,169,90.32367131508387,76.88136856718644,51.43506635886285,45.079641389537784,44.24611136781732,0.534459593580378,0.4549193406342393,0.545080659365761,1.3850872730340587,0,0,False,185,3,1.6702702702702703,13,176,185,3,3,1
1,ON,7003,191,99.9224736804646,82.18496128598655,56.28567086685812,46.45993540422759,46.28663942659504,0.5231543124631655,0.4302877554240133,0.5697122445759869,1.5191303255704223,1,0,False,202,1,1.7425742574257426,10,187,202,0,2,0
2,OFF,7001,488,365.765951175271,280.1936027436971,280.7491632661559,194.68279621462415,219.9810598197072,0.7495203917526045,0.5741672187370842,0.42583278126291585,0.16767235855069146,23,0,False,187,10,2.609625668449198,14,169,187,11,6,2
2,OFF,7002,402,290.23971763087604,199.10676020202754,215.49697406287297,124.95573831636109,152.06993981253441,0.7219893473404877,0.4952904482637501,0.5047095517362501,0.2136272822566277,19,0,False,220,7,2.227272727272727,11,202,220,8,9,0
2,OFF,7003,430,327.22719894470697,260.1034252881066,254.5076243555377,181.91017884186715,205.33445473962038,0.7609934859179232,0.604891686716527,0.3951083132834735,0.1494103171959687,25,0,False,153,8,2.627450980392157,22,144,153,7,4,0
2,ON,7001,132,70.4085290153395,60.327565928848344,40.273633994200296,34.85397878463831,34.62534935556842,0.5333979470859053,0.45702701461248746,0.5429729853875125,1.3469770121865554,1,0,False,193,0,1.5751295336787565,6,184,193,1,5,0
2,ON,7002,155,83.73760692371528,64.71115042367987,48.244855549505125,34.45068053605803,36.74128860083134,0.5402426253142921,0.41749129305599914,0.582508706944001,1.425236418089412,0,0,False,214,0,1.6121495327102804,7,202,214,5,3,1
2,ON,7003,149,82.01742179493552,62.138220788698,48.23010457600252,33.38759101771544,36.207259785390846,0.5504524952680236,0.41703503885032217,0.5829649611496779,1.448133556813472,1,0,False,194,0,1.6597938144329898,6,185,194,3,1,0
3,OFF,7001,922,802.4733341873632,840.2117945168982,708.7036181273711,802.37085437259,744.4582721968736,0.8703615338257735,0.9112926187818853,0.08870738121811515,0.04568661575973619,1,0,False,38,11,10.263157894736842,61,29,38,0,5,4
3,OFF,7002,1076,953.0576451814746,988.7105683564731,856.4500809923376,939.9641041763408,889.8980401576233,0.8857413059307385,0.9188759928963505,0.08112400710364852,0.05246002372277008,5,0,False,30,14,14.333333333333334,61,18,30,1,6,0
3,OFF,7003,823,736.2572127091981,767.8404520321292,666.7644116084731,734.4406327325121,694.6667694064882,0.8946017165360852,0.9329774629795008,0.06702253702049871,0.03548551156457292,7,0,False,30,13,11.7,61,21,30,0,4,0
3,ON,7001,139,67.74436174438046,55.709510000600986,36.06859099636425,29.003067322543757,29.493866310467123,0.48736950895237735,0.40078784173094234,0.5992121582690576,1.4797863360051173,0,0,False,198,0,1.6111111111111112,5,186,198,2,2,0
3,ON,7002,157,75.99931760152373,65.32213349398987,39.683614844061076,36.91878886671825,34.7748458792806,0.4840720866339091,0.41606454454770614,0.583935455452294,1.4583250387791937,0,0,False,207,1,1.6231884057971016,8,195,207,7,3,1
3,ON,7003,125,66.60897013128009,60.981836787801775,38.459292354952666,37.985909193955266,35.101640943950365,0.5328717610502407,0.4878546943024142,0.5121453056975859,1.4972500677000513,0,0,False,185,1,1.5297297297297296,13,173,185,1,1,0
4,OFF,7001,759,709.3268445070249,723.5636401438253,669.6643113775765,708.4493720748671,683.1464070259932,0.9345544723412713,0.9533117788456196,0.04668822115437958,0.02587464340056952,4,0,False,27,9,11.407407407407407,61,18,27,1,4,0
4,OFF,7002,1004,936.5117531069909,959.4864570225101,883.1278968101656,935.4970348811302,904.4754608618487,0.9327806305846523,0.9556638018152491,0.04433619818475134,0.025303335202029573,1,0,False,22,13,17.727272727272727,61,10,22,1,3,0
4,OFF,7003,768,712.0713998716919,733.2274945539498,667.9944254328847,716.5159691610492,685.6149890849556,0.9271763019162655,0.9547233002004555,0.045276699799544705,0.024875473726745662,8,0,False,27,10,11.62962962962963,61,18,27,2,6,0
4,ON,7001,167,88.10588411204533,69.68335137389197,49.50385586610865,37.019010153026386,38.89871546758,0.527580144383505,0.41726557708917345,0.5827344229108267,1.4674002341203598,0,0,False,180,1,1.7666666666666666,8,171,180,2,4,1
4,ON,7002,152,79.3107829754101,63.304765164018505,44.293500814529466,32.91036224703848,35.29152238173365,0.5217814669434876,0.4164787181843323,0.5835212818156675,1.4794838453859185,0,0,False,173,0,1.7109826589595376,7,164,173,2,4,0
4,ON,7003,129,64.33247494288133,54.22340375221702,35.31276845813861,30.580680047338596,29.96108992774378,0.4987013561463669,0.42033646319548074,0.5796635368045192,1.3758378627634789,0,0,False,188,0,1.5797872340425532,6,176,188,1,0,1
5,OFF,7001,1689,1608.5987641311474,1638.4343073593075,1541.6233606359472,1612.205515970621,1570.5981290388906,0.9523971368449659,0.9700617568734798,0.029938243126520218,0.004440965025767482,2,1,True,33,21,19.727272727272727,61,12,33,2,3,0
5,OFF,7002,1296,1238.126678758723,1277.5588161021979,1189.6430375363368,1265.3997813381295,1224.159170721607,0.9553446595360517,0.985770691436881,0.014229308563118475,0.004859496348976085,0,0,False,33,18,15.575757575757576,60,15,33,1,4,0
5,OFF,7003,1880,1797.21214390304,1822.1373698197226,1728.0558468155332,1793.4620557203843,1753.786186272928,0.9559639063314043,0.9692220052232567,0.030777994776743214,0.0051420862229181775,13,0,False,36,25,20.13888888888889,61,12,36,4,5,1
5,ON,7001,153,79.23062405897502,63.91579969877927,43.859845639458335,34.82575766683943,35.4174947630021,0.5178472160717322,0.4177503248286227,0.5822496751713774,1.472877545366826,0,0,False,194,1,1.6649484536082475,8,182,194,2,3,0
5,ON,7002,140,70.62696438618276,56.72270251427427,38.03355681890331,28.58471677392088,30.797530697974253,0.5044783170441626,0.4051621608162448,0.5948378391837553,1.6136112363903505,0,0,False,196,1,1.5918367346938775,8,193,196,5,4,0
5,ON,7003,163,82.05994833946555,66.09654961411312,44.939024048008626,35.6610410579494,36.245440452456,0.5034352658862917,0.40550030438106205,0.5944996956189378,1.6551658842779944,0,0,False,212,2,1.5896226415094339,9,200,212,4,7,0
6,OFF,7001,694,544.1718556981515,476.1405015784779,439.13660853837536,375.39904707582684,392.517610269495,0.7841093021587198,0.6860814143782102,0.3139185856217898,0.12011400857127517,19,0,False,148,18,3.310810810810811,28,130,148,10,7,2
6,OFF,7002,651,493.2480937886932,412.7172577789909,384.60728264645246,306.16766921593404,327.0999005368595,0.7576775634234919,0.6339742823025974,0.36602571769740283,0.12464106475001555,30,0,False,137,17,3.4014598540145986,26,128,137,5,13,2
6,OFF,7003,941,744.0067687276523,640.4675256708376,600.9677567458973,511.25990126716243,528.9382929035627,0.7906554396680684,0.680624363093345,0.3193756369066548,0.10959680923239812,34,0,False,143,22,4.111888111888112,37,128,143,6,19,5
6,ON,7001,138,70.15966718935807,53.38306392872464,38.58630026449217,28.30849668819605,28.929057314236534,0.508403385430131,0.38683379658496114,0.6131662034150389,1.4527477154514372,0,0,False,207,0,1.5845410628019323,5,192,207,4,2,0
6,ON,7002,126,61.319780225805175,54.99043607917224,32.38519939861411,28.832768248540855,28.406844436730523,0.4866649224270252,0.4364320323743829,0.563567967625617,1.6358383956718587,0,0,False,172,1,1.5755813953488371,8,160,172,0,2,1
6,ON,7003,174,90.28690311427599,65.94394263643935,50.51458659806282,32.05580516074863,37.02106772702622,0.5188902477831954,0.3789881760714905,0.6210118239285096,1.5451929138973208,0,0,False,211,1,1.6682464454976302,8,199,211,7,4,1
7,OFF,7001,692,550.0774740825349,573.7308054794636,453.65105727716565,517.9212795859686,475.63915699598,0.7949096446279406,0.8290907593633867,0.17090924063661442,0.0938088421406776,7,0,False,100,18,4.21,28,85,100,5,9,2
7,OFF,7002,1226,1062.7228422723922,1096.0591954077431,935.3353723652735,1020.0908691011225,965.4981386404272,0.8668212416577424,0.894012394296691,0.10598760570330878,0.036829192206993856,7,1,True,61,17,8.868852459016393,61,46,61,3,14,11
7,OFF,7003,1236,1040.3641641890824,1051.5500212982338,895.908490935622,971.5914364857165,912.8397948755394,0.8417185794410053,0.8507686256458202,0.14923137435417905,0.05602124321199131,12,0,False,77,25,7.753246753246753,40,56,77,13,16,11
7,ON,7001,109,53.57794197777622,46.025839021832525,28.34305691972065,24.92457373675797,24.09519595752832,0.4915407520896901,0.42225540387002314,0.5777445961299768,1.5393869374711697,0,0,False,205,0,1.473170731707317,5,193,205,3,2,0
7,ON,7002,145,72.11501608942356,61.7439041127063,39.137586447746976,34.28989563339458,32.65062179238224,0.4973449385477487,0.42582002836349175,0.5741799716365082,1.605988862002867,1,0,False,192,1,1.6197916666666667,9,183,192,1,4,0
7,ON,7003,124,64.06497751847617,52.2465717535154,35.56071763796474,29.299846784082966,28.735477974548417,0.5166530445038401,0.4213433205928661,0.5786566794071336,1.7124650544262288,0,0,False,159,1,1.6037735849056605,11,150,159,0,0,0
8,OFF,7001,1329,1201.1979929188456,1208.027921369137,1098.0169039297004,1139.1619849554447,1108.289019902462,0.9038359615642179,0.9089751101347908,0.09102488986520953,0.01856146665129133,23,0,False,32,21,16.71875,61,17,32,1,9,0
8,OFF,7002,1636,1502.2254979101433,1539.1651071151061,1389.9362188022485,1476.6909872166786,1425.788296786161,0.9182307444438529,0.9408099676742703,0.05919003232572914,0.01564522386881904,11,0,False,42,23,15.523809523809524,61,21,42,1,6,13
8,OFF,7003,1370,1222.1310697756142,1202.142560393683,1101.3388531122887,1109.33551235897,1090.8745883235717,0.8920664742887695,0.877476321455243,0.12252367854475717,0.019385266228552366,23,0,False,41,19,13.634146341463415,61,26,41,4,11,7
8,ON,7001,139,64.75163918073164,55.891518622388816,33.31300429223628,29.953724079858585,28.580391782404863,0.46583913079663053,0.40209725627617854,0.5979027437238212,1.7885108256796511,0,0,False,186,0,1.6451612903225807,6,177,186,2,2,0
8,ON,7002,121,57.025947707752394,46.620765400893596,29.064420011927762,25.59807546209023,23.834931568684798,0.4712888240310115,0.3852955818255669,0.6147044181744331,1.614998395078241,0,0,False,204,0,1.5245098039215685,6,192,204,2,3,1
8,ON,7003,106,50.85657006494405,45.96235309539351,27.04172086949375,25.145285090516623,23.954613936128546,0.4797789628768307,0.4336071046735237,0.5663928953264765,1.7405643514331957,0,0,False,182,0,1.510989010989011,5,176,182,2,0,1
9,OFF,7001,1583,1397.2323273357329,1479.3935703185673,1245.5244741211156,1430.1438711167584,1321.512527203576,0.8826483432316695,0.9345505813762269,0.06544941862377113,0.03633826836348154,9,0,False,44,23,14.590909090909092,61,26,44,8,11,0
9,OFF,7002,1393,1245.357165577142,1320.1907474168352,1121.940746284969,1279.5716598264364,1190.2688158303558,0.8940108869900517,0.9477320512683669,0.052267948731633616,0.03701426622462685,8,0,False,35,20,15.914285714285715,61,17,35,4,13,0
9,OFF,7003,1616,1409.9753171939149,1487.917299806591,1241.8031731180113,1413.4612499788743,1313.5464742134,0.872509478461581,0.9207409033456627,0.07925909665433616,0.03825379212629363,7,0,False,42,24,15.5,61,24,42,7,16,1
9,ON,7001,189,76.8297567346739,42.405548834129895,34.475257214070915,15.203590210869532,18.446856967593806,0.40650664938980896,0.22436798324936452,0.7756320167506356,1.1895245898047018,0,0,False,257,0,1.622568093385214,6,245,257,4,2,3
9,ON,7002,135,54.234404732518236,32.3242395957176,24.40194678725361,10.96873319575139,14.026325825864562,0.40173633135198694,0.23943881182013038,0.7605611881798695,1.3535236225567238,0,0,False,236,0,1.4872881355932204,6,224,236,4,1,1
9,ON,7003,159,63.034169288083106,31.914605384041202,28.36268700112382,9.908137659226814,14.338266533551016,0.39644131627725226,0.2007207885788755,0.7992792114211246,1.1957293263518902,0,0,False,274,0,1.5072992700729928,6,259,274,7,2,0
10,OFF,7001,1645,1462.3281434921741,1521.6618104934255,1309.1782592580405,1445.71903299209,1364.8953973070566,0.8889532787186469,0.9250223771996507,0.07497762280034763,0.04381673747679481,7,0,False,42,22,15.738095238095237,60,21,42,2,3,0
10,OFF,7002,1036,904.23283668723,907.0681138984098,797.2294663141903,836.3824682918084,804.4580896458885,0.8728116184239672,0.8755483724888126,0.12445162751118659,0.05315799956611692,9,0,False,40,16,10.925,61,28,40,6,8,0
10,OFF,7003,1496,1331.1311027477257,1351.798653679394,1194.672839527456,1262.242109104014,1217.5186311563498,0.8897935178794958,0.9036087257215201,0.09639127427848082,0.03744326715765891,13,0,False,47,23,13.319148936170214,61,29,47,4,8,0
10,ON,7001,144,53.33767138924393,29.009083019936508,22.055720693973377,9.326838299801755,11.33909066040784,0.3704004957586384,0.20145196541622576,0.7985480345837742,1.2317174640013029,0,0,False,260,0,1.5,5,242,260,2,0,0
10,ON,7002,126,50.2282588834704,28.167266112561137,22.253535142505356,9.960086537475306,12.418948463738161,0.3986369752656381,0.22354973105207251,0.7764502689479273,1.2481139728909914,0,0,False,259,0,1.4517374517374517,5,247,259,4,2,0
10,ON,7003,156,61.990110944753845,35.306151735518235,28.034512800588512,11.47508863734343,15.148283725238342,0.3973725060561144,0.22632148548409126,0.7736785145159086,1.259272707010905,0,0,False,268,1,1.5111940298507462,8,259,268,2,4,0
11,OFF,7001,942,768.4154618758678,813.1116163795442,634.5422496931208,736.5517232232022,674.1304106286309,0.8157276665348915,0.8631758135663952,0.13682418643360403,0.06945655308295284,2,0,False,65,13,6.861538461538461,61,56,65,6,11,4
11,OFF,7002,836,667.5601476362793,674.9644469921391,542.408180039367,593.3173661973394,553.7079153926593,0.7985169230099035,0.807373740421219,0.1926262595787807,0.1026457936497766,17,0,False,80,13,5.525,58,74,80,6,14,6
11,OFF,7003,1041,860.8238591970127,900.9175384920846,722.7503128252253,823.8503760145281,759.1564932291527,0.8269201337147096,0.8654347151701102,0.13456528482988792,0.0632520487606157,11,0,False,65,19,7.384615384615385,61,53,65,6,14,4
11,ON,7001,267,128.57375254417175,54.033791605998815,66.49389379833092,17.94925306195382,27.693426076203853,0.48154963499689796,0.20237375133332888,0.7976262486666712,0.8865594060028853,1,0,False,280,0,1.7892857142857144,7,271,280,7,10,2
11,ON,7002,227,104.06098952701824,50.69888774438453,51.677845126473834,17.158478035121725,24.99941960358784,0.4584184560661596,0.22334311781667193,0.7766568821833285,0.9446661672411246,0,0,False,292,0,1.667808219178082,6,283,292,13,5,1
11,ON,7003,241,110.73843886449578,45.36271777397892,54.48082125966392,14.661071445622223,22.490439030499434,0.45949559694811526,0.18822704470530674,0.8117729552946934,0.9367694637176669,1,0,False,303,0,1.6732673267326732,7,288,303,9,9,1
12,OFF,7001,767,621.6249714237554,585.3484306998199,511.23181599430507,483.4971934435793,484.9698493425143,0.8104628049853395,0.763166141720756,0.23683385827924458,0.08684081657162011,28,2,True,70,12,5.5,60,61,70,4,7,0
12,OFF,7002,1092,929.5715462281948,925.5037027681706,800.324588370523,822.579217499013,801.0245754603948,0.8512559947144641,0.8475308633408155,0.1524691366591851,0.05613232644992445,15,0,False,41,16,11.073170731707316,61,29,41,4,7,0
12,OFF,7003,863,708.93088083771,652.9149986841361,589.3216201013639,527.5887064950288,546.6760278879962,0.8214726313299073,0.7565643090198564,0.24343569098014264,0.09347392931282342,15,0,False,99,16,4.8686868686868685,52,84,99,2,3,1
12,ON,7001,216,96.27556220060467,44.5731972349984,46.650918185599764,14.68615256815065,21.31380078402696,0.44572019537316976,0.2063573946064741,0.7936426053935259,0.9751636932747517,0,0,False,307,0,1.6319218241042346,5,283,307,8,10,0
12,ON,7002,248,114.48781259088284,49.822539130244785,57.085740688859254,15.046354862055606,24.631105141062697,0.46164440560839853,0.20089733520259995,0.7991026647974001,0.9754844976234419,0,0,False,299,1,1.6822742474916388,8,287,299,8,7,2
12,ON,7003,208,90.79470425364758,38.482523200664254,43.59052484881422,12.042500191026795,18.44002180850521,0.4365130012194595,0.1850121307724243,0.8149878692275758,0.9809757208599001,1,0,False,305,0,1.6295081967213114,5,290,305,13,6,2
13,OFF,7001,687,536.9848396604365,487.59596180925945,430.5855357316724,384.20014068952304,397.2641666446794,0.7816373211942307,0.7097466693002321,0.2902533306997672,0.12864663945530594,3,0,False,119,17,3.8487394957983194,41,107,119,13,12,11
13,OFF,7002,894,719.7777583771352,675.2317964646298,591.0177247550881,560.0047919798598,560.9833509698985,0.8051205350974667,0.7552928372087582,0.24470716279124244,0.0896878211011721,8,0,False,107,14,4.654205607476635,61,95,107,6,14,3
13,OFF,7003,959,763.528164098793,685.4743302042385,620.4820544839246,551.9229141274071,566.9839256809337,0.7961711825847685,0.7147803234663592,0.28521967653363883,0.10699736186828565,28,0,False,105,22,5.0285714285714285,38,96,105,13,19,1
13,ON,7001,192,89.35197272756368,36.78511813205117,44.83369039171652,11.65418976110791,17.777498246959727,0.4653748579560608,0.19158915693776649,0.8084108430622337,0.9643621372938789,0,0,False,291,0,1.5841924398625429,6,264,291,9,6,2
13,ON,7002,227,102.77241437538723,41.59000009398463,50.58453716115791,13.7114929950843,20.552138087153274,0.45274191354796134,0.1832158594448662,0.8167841405551342,0.9900044842619141,2,0,False,300,0,1.6466666666666667,6,282,300,4,1,2
13,ON,7003,207,92.282541641241,42.40210905232133,44.218713972613834,13.538699688904668,20.32984954630951,0.4458093799093768,0.2048411065329533,0.7951588934670469,0.9888847979926688,0,0,False,298,1,1.604026845637584,8,283,298,11,7,0
14,OFF,7001,535,417.25305881943103,270.1861538099465,330.3172830073885,176.05072208365604,218.9116458059654,0.7799122594755721,0.5050208482428907,0.49497915175710944,0.14956014147291374,80,0,False,192,10,2.6302083333333335,27,180,192,18,10,3
14,OFF,7002,410,317.81700930217744,224.07235349488116,251.3860814017461,149.44897686049893,181.28030864811876,0.775163437322384,0.5465179353533687,0.4534820646466314,0.14059178510932607,39,0,False,201,8,2.3383084577114426,13,183,201,13,9,1
14,OFF,7003,399,303.3385789331291,207.661492502136,236.91250449724515,135.52320787421027,166.10906683521088,0.760247064995311,0.5204548684264061,0.4795451315735945,0.1529186474545768,40,0,False,203,8,2.270935960591133,16,182,203,12,8,3
14,ON,7001,192,87.04953537476531,42.65379234356112,42.38768290101584,14.703153487271038,20.59071448877454,0.45338299674356936,0.22215516845604752,0.7778448315439525,0.9784022254827726,0,0,False,284,0,1.6126760563380282,6,278,284,8,5,0
14,ON,7002,244,107.10773433898676,47.10893875327204,50.93674771148857,14.92401213657107,22.50954354896492,0.4389661243401097,0.1930694211199674,0.8069305788800328,0.9585694762721848,1,0,False,285,1,1.719298245614035,8,267,285,8,6,3
14,ON,7003,225,104.19424921619922,42.65979282545795,52.201831485190766,13.749677766460831,21.11396383873812,0.46308555207199653,0.18959907922425756,0.8104009207757428,1.0059516194336853,1,0,False,289,0,1.6401384083044983,7,274,289,8,5,4
15,OFF,7001,1033,898.9498814140757,932.2870002632392,789.7126531907033,865.8692686072935,820.1875506938461,0.8702322182130452,0.9025043564987795,0.09749564350122104,0.053105581568558546,13,2,True,34,16,12.588235294117647,61,25,34,1,7,0
15,OFF,7002,1513,1349.3110121901223,1389.2345116433228,1211.1922199664643,1309.2820679941703,1248.9637596766547,0.8918116405750973,0.9181986197246019,0.08180138027539496,0.036165595455707904,15,0,False,26,21,22.53846153846154,61,14,26,5,14,0
15,OFF,7003,992,874.0474644196404,916.0883334081065,778.5876376597729,862.7743743355048,815.6304857519416,0.8810962342939923,0.9234761425484944,0.07652385745150635,0.03767448582980106,2,0,False,29,14,13.862068965517242,61,20,29,2,6,1
15,ON,7001,279,140.46724440274178,57.36685966321731,73.95780193438804,20.71712191607255,29.98549871609007,0.5034668258162788,0.20561598445597604,0.7943840155440244,0.8088872660415756,1,0,False,328,2,1.7073170731707317,8,307,328,3,10,4
15,ON,7002,236,117.96014704592059,46.547996534007844,62.35023520869892,16.25529059916047,24.7378369752461,0.499831131550511,0.1972372734491858,0.8027627265508143,0.7817515906466265,1,0,False,326,0,1.638036809815951,7,308,326,7,9,2
15,ON,7003,299,146.59367588178284,62.9525846943803,75.89319061986177,20.274267063936176,32.21630381095836,0.4902798524474343,0.21054376151966656,0.7894562384803336,0.8444755017147189,1,0,False,314,0,1.805732484076433,7,296,314,8,5,0
16,OFF,7001,393,295.9085356885174,206.97961450831642,228.1573485022236,132.65806860884928,162.63718379576005,0.7529479279606042,0.5266656857717975,0.4733343142282029,0.17555143791576117,34,0,False,202,6,2.282178217821782,17,190,202,14,13,0
16,OFF,7002,392,292.7980404976187,215.31666990090815,225.68902954066047,143.99254288934756,169.72311798847318,0.7469337767796395,0.5492772191349697,0.4507227808650309,0.16586078736696183,27,0,False,198,4,2.3333333333333335,14,189,198,4,6,2
16,OFF,7003,447,333.0018217326036,229.66451506260492,253.5871161865919,150.16752094439647,179.09992369464726,0.7449705184174578,0.5137908614375949,0.48620913856240516,0.20025925323713678,31,0,False,209,8,2.411483253588517,13,194,209,12,15,2
16,ON,7001,301,154.4222548134892,59.43988661519462,83.78491417907848,19.99334137053469,31.910907544495004,0.5130307468886685,0.1974747063627728,0.8025252936372275,0.7898130973971156,1,0,False,320,0,1.803125,7,308,320,8,8,2
16,ON,7002,332,166.7146609310026,58.63843608294417,88.050688167254,19.069226312738117,30.969975568136125,0.5021525931656705,0.17662179543055473,0.8233782045694457,0.7342553794845941,1,0,False,323,2,1.8204334365325077,9,311,323,19,10,1
16,ON,7003,308,161.00448993284962,65.31445293724548,88.64310306011099,24.071855973653843,36.17252597281332,0.5227418504313299,0.2120599121339139,0.7879400878660865,0.728267859918413,2,0,False,333,2,1.7537537537537538,10,315,333,12,10,4
17,OFF,7001,745,635.5741722033555,625.1047188570097,552.0892487108378,553.8350084470816,544.8291713277798,0.853119694232692,0.8390667367208184,0.16093326327918095,0.07213228533466753,11,2,True,65,12,5.753846153846154,57,56,65,2,2,0
17,OFF,7002,816,690.3157482491963,675.3902819990861,595.2386919012853,590.7469129499758,585.9140767300684,0.8459751816779366,0.8276841691165271,0.17231583088347147,0.07940513485052757,8,0,False,52,12,7.3076923076923075,61,46,52,2,4,0
17,OFF,7003,608,518.8127425058045,513.345121620003,448.39883396771125,454.84300415331444,446.22297851006584,0.853310431752968,0.8443176342434261,0.15568236575657365,0.08242920731793467,6,1,True,65,11,4.969230769230769,48,62,65,1,1,0
17,ON,7001,306,159.73288480375015,62.081934435073734,87.5849732792936,23.095284375790794,33.94443367986992,0.5220028915155234,0.20288213867671154,0.7971178613232888,0.71968368536811,3,0,False,337,0,1.7537091988130564,7,319,337,7,17,1
17,ON,7002,286,146.4315499254217,56.86158530255774,78.58316192447151,18.31433198157547,30.289421374335593,0.5119984263126633,0.19881673182712498,0.8011832681728752,0.7263304102445846,0,0,False,338,3,1.665680473372781,9,320,338,8,6,7
17,ON,7003,261,131.88619342760632,55.605902549195086,70.2098241964849,19.089833889305797,29.584011146047565,0.5053110859295261,0.2130494350543873,0.7869505649456129,0.7643643222623214,1,0,False,335,1,1.6746268656716419,8,314,335,13,9,2
18,OFF,7001,379,274.9450212669569,194.0235768984054,203.71003594522168,118.32482828766157,145.76116167458468,0.7254486049260077,0.5119355590986949,0.488064440901305,0.25759233349154764,13,0,False,183,5,2.26775956284153,35,171,183,10,10,0
18,OFF,7002,357,255.72211580204214,162.29987436571363,186.92208249897783,89.64407000389987,120.33854518727068,0.7163084476247679,0.4546214968227273,0.5453785031772728,0.2615753010498555,25,3,True,239,4,1.9790794979079498,26,218,239,13,13,1
18,OFF,7003,404,279.446223167106,169.6462508208398,198.2178307362544,94.33686060175575,123.52280663202356,0.6916985721958069,0.4199164624278213,0.5800835375721787,0.287224812218881,16,0,False,218,7,2.1788990825688073,20,209,218,8,16,1
18,ON,7001,293,145.21280182421557,55.522817128729194,76.12528113548049,17.8345711219748,28.853308764775885,0.49560683216455825,0.1894976693813283,0.8105023306186719,0.7147954040645565,2,0,False,331,1,1.7371601208459215,8,310,331,9,11,3
18,ON,7002,288,143.12327565558394,55.41920787538542,75.00919545720144,17.436793190683414,28.541640112765158,0.49695581824855534,0.19242780512286603,0.8075721948771343,0.7293751603392633,1,0,False,348,2,1.6954022988505748,9,330,348,19,9,4
18,ON,7003,287,144.3257590964786,54.729454997486116,76.11052250700111,17.823490140256474,28.98273356295404,0.5028772093953958,0.19069496514803524,0.8093050348519651,0.7294701536929981,4,0,False,329,0,1.7416413373860182,6,314,329,13,13,4
19,OFF,7001,1713,1591.5741661414684,1643.5981040201627,1489.167018066322,1604.5508234235865,1538.5847409582427,0.9291150999074538,0.9594851745593478,0.04051482544065216,0.017116771920054934,11,3,True,25,21,25.92,61,4,25,0,0,0
19,OFF,7002,1473,1359.6788574482725,1396.5114683476158,1264.3410765444132,1350.6797121762033,1299.1204781983893,0.9230677918861321,0.9480729588239075,0.051927041176093786,0.025652670788214062,8,0,False,31,18,18.451612903225808,61,13,31,1,9,0
19,OFF,7003,1445,1327.4201124914994,1378.7688702078794,1230.731290539236,1344.480402767804,1278.5028465642822,0.9186298356342556,0.9541653081023387,0.04583469189766125,0.023376980304669365,6,0,False,34,19,16.647058823529413,61,16,34,0,2,1
19,ON,7001,324,167.8806084648683,71.98578476688976,91.5566801471877,26.670716536384674,39.07397728845793,0.5181500261261367,0.22217834804595607,0.7778216519540442,0.6886079437048315,1,0,False,328,0,1.8170731707317074,7,304,328,16,8,4
19,ON,7002,294,148.11186734827254,63.63452974435296,78.45153556915345,21.82012682491486,33.80885719246418,0.5037818617288181,0.216443978722289,0.7835560212777112,0.7155264636944212,0,0,False,323,0,1.8142414860681115,6,305,323,9,11,4
19,ON,7003,287,149.10998640517067,59.35291295343052,80.51413833843787,19.97712363853196,31.9301220305812,0.5195469909587829,0.206804574750629,0.7931954252493714,0.7099650799045726,1,0,False,334,0,1.7335329341317365,7,316,334,9,7,2
20,OFF,7001,368,269.73133364282234,199.04269915623777,202.30798263918592,126.72964540428018,150.60302968041907,0.7329655805511477,0.5408768998810809,0.45912310011891877,0.19226392136291728,16,0,False,127,6,2.52755905511811,43,118,127,5,6,0
20,OFF,7002,367,275.37035361457816,182.88835055361326,210.4608940850005,110.32109410896028,141.8423061551353,0.7503279390043002,0.498333380255077,0.5016666197449224,0.18872059925484302,28,0,False,164,6,2.317073170731707,15,143,164,13,6,1
20,OFF,7003,345,261.18336668169195,189.14968763962554,201.2652619271569,127.65200517385213,149.11086381824995,0.7570532367585274,0.5482599641728276,0.4517400358271724,0.17377880365483178,14,0,False,164,4,2.2865853658536586,30,149,164,10,1,1
20,ON,7001,327,169.53262835724166,61.867261447462944,92.33185712065337,20.619975166375962,33.567640130835436,0.5184484047622069,0.18919651818796007,0.8108034818120402,0.7062388430669205,3,0,False,323,1,1.8390092879256965,8,308,323,13,8,1
20,ON,7002,330,174.92477025705168,72.49535202895811,96.95741871514075,26.99039489780457,39.25982291982463,0.530075061385005,0.2196828849362367,0.7803171150637637,0.6422747421971917,2,0,False,344,1,1.7761627906976745,12,323,344,13,8,7
20,ON,7003,342,180.8705662286632,74.22413671871273,100.47318121675345,26.681485887006833,41.14847740813243,0.5288613047621731,0.2170296395283998,0.7829703604716003,0.693774960562179,5,0,False,339,0,1.8495575221238938,7,318,339,15,11,3
21,OFF,7001,442,351.7077597062733,362.1939925265414,283.79814871911196,313.16339369688205,292.76970286787076,0.7957189133626092,0.8194434220057498,0.18055657799425134,0.10492809822312918,4,0,False,69,6,3.7246376811594204,61,66,69,0,3,0
21,OFF,7002,461,351.54372176402825,352.847605247722,272.82164646560204,292.57857363058025,273.8165324918951,0.7625677261692587,0.7653961068280304,0.23460389317197083,0.11484872006875119,6,0,False,59,7,4.220338983050848,61,56,59,2,4,0
21,OFF,7003,363,280.26852226769944,300.34527012439713,220.56354844551842,263.72664589359096,236.81870210436222,0.7720895930239654,0.8273974383592207,0.17260256164077917,0.14634096978804031,1,0,False,77,4,3.103896103896104,50,68,77,0,4,0
21,ON,7001,182,79.96802197405479,36.55347790333484,38.08619749505574,11.595476032798448,16.95187453189221,0.4393847361211802,0.20084328518315844,0.7991567148168415,1.0776119618730264,0,0,False,287,0,1.543554006968641,6,278,287,3,8,1
21,ON,7002,231,106.15346139844164,44.38829494069568,52.53264640148033,13.09554314542395,21.18005162369392,0.4595387939326478,0.19215712095539256,0.8078428790446076,0.9711701975962089,2,0,False,309,0,1.6601941747572815,6,285,309,11,7,0
21,ON,7003,254,109.46306843480357,47.77441108553623,51.283539316634446,14.433174149225142,21.687395428798535,0.43095696234174635,0.18808823262022137,0.8119117673797789,1.0191454528713901,0,0,False,288,1,1.7118055555555556,9,276,288,9,5,1
22,OFF,7001,321,216.89913754528266,164.2038552008509,152.23042532380632,108.98374337085212,117.3780314777745,0.6756982478046188,0.511538489722277,0.48846151027772294,0.32454283846172793,8,0,False,197,6,2.0913705583756346,14,185,197,7,6,4
22,OFF,7002,296,204.74118285450888,165.1175268723529,145.73653493300964,111.63152630193214,119.70154441901344,0.6916931853192867,0.5578294826768679,0.44217051732313256,0.3212147220857923,5,0,False,194,7,1.9690721649484537,13,182,194,5,5,0
22,OFF,7003,348,243.94945380166635,189.12828514204452,175.4408480996317,126.60904273023174,137.15384476687876,0.7010041775909953,0.5434720837415072,0.45652791625849276,0.25610934215894887,11,0,False,199,6,2.1055276381909547,25,193,199,14,8,0
22,ON,7001,201,88.08538338880496,34.093254052636986,41.99112403194052,9.878999958911933,15.517697468804313,0.43823573825276096,0.16961817936635318,0.8303818206336467,1.0765019353074248,1,0,False,305,0,1.580327868852459,7,293,305,9,10,3
22,ON,7002,215,94.14668378936251,41.90058448227812,44.96325328058403,13.893939776587242,19.957687166497713,0.43789155250866285,0.19488643945245637,0.8051135605475438,1.0052366930626064,0,0,False,308,0,1.6006493506493507,7,290,308,8,5,0
22,ON,7003,246,111.47663316579583,47.15107720990877,54.82766011426031,16.347836186321825,23.143826761440067,0.4531570453894139,0.19167104556873485,0.8083289544312655,0.9312854724217238,1,0,False,321,0,1.6510903426791277,7,300,321,5,7,2
23,OFF,7001,397,280.2327133666622,220.73445529861954,203.84134112843603,145.08685510039604,160.52911281232494,0.7058758523089729,0.5560061846312835,0.44399381536871674,0.21924461583120625,9,0,False,154,7,2.448051948051948,24,145,154,9,5,0
23,OFF,7002,463,353.69474562107575,308.5898162561686,274.90712407113955,236.34248770967204,243.1452317298834,0.7639195369785653,0.6665006830586795,0.3334993169413207,0.1701777657191046,17,0,False,111,9,3.045045045045045,42,102,111,4,5,0
23,OFF,7003,393,295.93841380579096,268.0011844840351,226.3890547549938,201.91461328066146,205.3846696577696,0.7530239537043026,0.6819368561934736,0.3180631438065264,0.15332386151112473,6,0,False,140,6,2.4285714285714284,36,131,140,0,7,1
23,ON,7001,284,132.28673399267186,51.80242054566778,66.02317370264319,15.604202543990075,25.452692926613928,0.46579835912912626,0.1824028892453091,0.8175971107546914,0.9754104434979625,1,0,False,303,1,1.7590759075907592,13,282,303,13,8,1
23,ON,7002,278,122.0853916184027,50.62607952058082,58.672046697861205,16.105914593576205,24.169458680786832,0.43915608495828307,0.1821081997143195,0.8178918002856806,0.9732500802798797,0,0,False,294,3,1.7585034013605443,9,273,294,7,9,3
23,ON,7003,238,106.02190193880331,46.50906576344699,51.23940162446919,16.08286387296313,22.126471410994846,0.4454701762134593,0.19541624270355878,0.8045837572964415,0.9570718328257294,1,0,False,319,0,1.664576802507837,7,292,319,6,7,2
24,OFF,7001,374,274.05457800028705,157.97757609257073,204.5198668865666,86.86964666175069,120.23670626291639,0.7327662513376659,0.4223999360763923,0.5776000639236077,0.2074857385219689,33,0,False,253,7,1.9881422924901186,18,238,253,10,12,1
24,OFF,7002,305,219.16921732805426,133.07500700818704,161.58784164267695,75.9294523018388,100.48171850354734,0.7185875977968992,0.4363114983874985,0.5636885016125016,0.21876414467096103,17,0,False,225,3,1.9822222222222223,11,207,225,4,5,4
24,OFF,7003,333,242.91695547043952,156.61622972462226,180.84120849228546,89.92758968853947,118.43230047224887,0.7294803467580766,0.4703190081820488,0.5296809918179516,0.21322279101418948,22,0,False,226,4,2.02212389380531,10,208,226,6,9,0
24,ON,7001,195,87.41940013783329,42.222176024127535,42.900227517202495,14.580023719815816,20.774305326042533,0.4483046160914528,0.21652397961091044,0.7834760203890896,1.0577102524038315,0,0,False,297,1,1.5622895622895623,10,282,297,6,4,3
24,ON,7002,283,130.75337182190344,53.969047822214826,65.41197021839568,17.144255596048424,26.682726931630558,0.4620260488406482,0.1907033491951054,0.8092966508048947,0.9396565789835916,1,0,False,292,2,1.7773972602739727,9,274,292,6,8,1
24,ON,7003,241,107.14146706229047,53.2551353701215,51.43877616787007,19.04415382128365,25.33422819781346,0.44457040274809323,0.2209756654361888,0.7790243345638114,0.9375266786557579,1,0,False,320,0,1.66875,7,302,320,9,8,2
25,OFF,7001,1082,1004.5618809441295,1018.2230083169321,941.1230839993553,984.8769903580649,957.1289316855397,0.9284305738855171,0.941056384766111,0.05894361523388866,0.031606320265424884,11,0,False,41,16,11.024390243902438,59,26,41,2,6,0
25,OFF,7002,1393,1282.528477543227,1285.9138819513814,1190.6273768093351,1230.1813293046084,1201.441967907615,0.9206952459032498,0.9231255433965408,0.07687445660345876,0.03409652481790923,13,0,False,58,22,10.310344827586206,57,37,58,7,5,6
25,OFF,7003,942,871.007590086259,857.8306215047344,813.6573348282831,821.0356804266377,809.3040073120612,0.924636507522568,0.9106482181578921,0.08935178184210746,0.03514330673631646,9,0,False,51,14,8.254901960784315,61,39,51,9,4,0
25,ON,7001,253,111.37853365210245,48.09566690061887,53.31393957504,15.691779302583559,22.82213301419277,0.4402313583087053,0.1901014502000746,0.8098985497999254,1.0174119970969484,0,0,False,308,1,1.6850649350649352,8,284,308,10,10,3
25,ON,7002,235,101.80263309264866,49.26863240417449,47.5485058159241,16.053280885720223,22.35919909375212,0.43320269401127093,0.2096537549113808,0.7903462450886193,1.1192827242860468,0,0,False,290,0,1.7,7,272,290,8,11,3
25,ON,7003,228,97.47884308180778,41.04836175366418,45.06633324367526,12.702060872220747,18.77902896255002,0.42753878544652535,0.18003667435817625,0.8199633256418238,1.0066595801357265,2,0,False,311,0,1.630225080385852,6,296,311,8,8,1
26,OFF,7001,427,341.85393654560033,296.9589011150657,277.87152413972854,224.4149922101231,243.49654704734775,0.8005946991700242,0.6954541009720508,0.3045458990279501,0.1163070051309177,17,0,False,63,8,4.190476190476191,34,60,63,2,1,0
26,OFF,7002,638,520.3122300589766,412.2327252519319,428.53782681599995,301.8745952701516,342.8784527968741,0.8155364107507471,0.6461327982005203,0.35386720179947945,0.08679885894779153,52,0,False,89,13,4.235955056179775,36,80,89,12,11,0
26,OFF,7003,388,307.87529103934156,278.6450763715203,249.4345719466235,219.25109942517287,226.75054593385437,0.7934930181426328,0.7181574133286606,0.2818425866713393,0.10567873115931978,14,0,False,91,7,3.2747252747252746,21,79,91,4,2,0
26,ON,7001,221,94.107050852517,43.27163527145671,43.492997634122524,14.39864593711005,19.806732751609086,0.4258237595136516,0.19579925462197606,0.8042007453780242,0.9512258878235539,1,0,False,327,2,1.5504587155963303,10,312,327,10,10,2
26,ON,7002,216,90.6915241908333,43.21448854605731,42.44189717923648,15.811369452742095,20.397619319403923,0.4198681675501542,0.20006707660211717,0.7999329233978829,1.045018692427751,1,0,False,321,0,1.604361370716511,7,297,321,4,5,3
26,ON,7003,256,111.26288573168661,49.41766870426425,53.449413175169255,16.54342441949819,22.806199934000958,0.4346206473894008,0.19303776837603223,0.806962231623968,1.1040871303332427,0,0,False,302,2,1.695364238410596,9,281,302,7,12,2
27,OFF,7001,432,333.6336966342968,320.5777226351204,265.0143947736924,263.0190174227849,255.22614858481714,0.7723002236905019,0.7420780616553713,0.2579219383446296,0.13840131018100946,14,0,False,100,9,3.06,61,91,100,6,4,0
27,OFF,7002,440,336.6100273697637,304.3716609695376,262.86108320632223,235.03971379427028,239.65983318496808,0.7650227894767357,0.6917537749307672,0.30824622506923266,0.15769042223959961,11,0,False,131,7,2.7099236641221376,54,122,131,6,6,1
27,OFF,7003,522,392.3461961227777,351.7271570694943,301.95158088255386,263.81693334320977,272.2922151998207,0.751621065369306,0.6738068143093761,0.32619318569062355,0.1284738150526969,9,0,False,109,10,3.3211009174311927,32,100,109,5,9,0
27,ON,7001,401,244.2060001521255,170.901809207969,155.37746346624266,100.99378853187876,112.4461605019823,0.6089925190826072,0.4261890503939376,0.5738109496060623,0.7680699362939821,2,0,False,220,8,2.1863636363636365,18,205,220,12,4,0
27,ON,7002,290,176.23344484331759,134.75757299298851,113.0261630324996,85.46960665437891,90.02305707972172,0.6077015339424744,0.46468128618271903,0.535318713817281,0.7604594345575226,1,0,False,225,1,2.008888888888889,8,210,225,7,3,0
27,ON,7003,423,263.2075997960124,192.91735689609428,171.09473960663524,123.09231179847569,130.5189946740876,0.6222401886430553,0.45606940164561294,0.5439305983543873,0.6713992914375605,2,0,False,219,9,2.2146118721461185,15,195,219,3,6,3
28,OFF,7001,374,277.5324242181673,208.34267449430178,211.31525218483253,139.64720935645335,162.1890002470752,0.7420653053961692,0.5570659745836946,0.44293402541630505,0.19322007449786072,19,0,False,193,7,2.1709844559585494,28,172,193,7,2,0
28,OFF,7002,463,353.00713532809544,311.68396468750177,274.08363077388424,237.92603729810543,244.32828235551267,0.7624344175552817,0.6731835090442803,0.32681649095571985,0.16234456248854912,8,0,False,155,7,2.541935483870968,42,143,155,7,4,1
28,OFF,7003,482,360.44030737802774,223.9586751106729,275.1118381538963,139.120071827682,176.03622617101703,0.7478014675892691,0.46464455417152056,0.5353554458284803,0.1749417670456935,31,0,False,208,8,2.3990384615384617,20,196,208,12,16,0
28,ON,7001,401,243.71794462434292,157.83096754424906,154.6846422203646,92.98476571636823,105.54239943883313,0.607775423003349,0.39359343527244156,0.6064065647275585,0.6148057805876616,4,0,False,235,5,2.217021276595745,13,226,235,11,11,2
28,ON,7002,460,283.90707091971495,193.68621248773286,183.81648851355448,124.41726493822418,132.59722311495034,0.617189284608076,0.4210569836689845,0.5789430163310159,0.6180529141413169,2,0,False,245,6,2.2775510204081635,13,227,245,14,16,4
28,ON,7003,468,295.27619633082713,200.97115414521724,193.70358494311083,127.39470841126408,138.2301393816113,0.6309320434419383,0.429425543045336,0.5705744569546644,0.5401811016366633,4,0,False,237,9,2.29957805907173,12,228,237,15,11,1
29,OFF,7001,667,553.0330344404186,586.4253120758743,466.66115903050365,539.9021497862866,495.1966249594925,0.8291349841685437,0.8791983689293468,0.120801631070653,0.08341037811633865,2,0,False,39,10,7.769230769230769,61,33,39,2,9,0
29,OFF,7002,871,731.55101599732,744.141281913726,627.0908642049727,680.4949810790633,642.969191604026,0.8398978369659241,0.85435279209383,0.14564720790617014,0.09235917368032122,3,0,False,74,18,5.945945945945946,58,62,74,3,11,0
29,OFF,7003,872,751.2505335765495,758.7185831360504,656.8815123101023,700.4774855177468,667.9290341382516,0.8615258412575109,0.8700901182752871,0.12990988172471257,0.06283286388133627,15,3,True,50,12,8.0,57,38,50,1,5,0
29,ON,7001,424,320.9140591609159,293.18271983787855,247.90716874758903,228.00583706353805,230.42203731253517,0.756872781039896,0.6914686788629211,0.30853132113707904,0.6216924924219437,2,0,False,116,10,3.0775862068965516,16,98,116,4,3,0
29,ON,7002,363,270.81889010035104,256.5274975893345,207.9117830449931,204.06728752594276,198.82628094443652,0.7460575484858155,0.7066873211827396,0.2933126788172604,0.6188329165655128,5,0,False,133,8,2.669172932330827,16,118,133,4,7,1
29,ON,7003,338,248.09020246281798,222.50483712762963,186.6081981448855,169.07232387669927,169.8923333606976,0.7339946818426567,0.6582983346971291,0.34170166530287105,0.5661535253757249,5,0,False,139,5,2.676258992805755,10,130,139,2,7,0
30,OFF,7001,1110,995.7949614191616,1056.5380871664563,904.0326417596128,1022.0274676073848,955.6884330952869,0.8971125778551006,0.951836114564375,0.04816388543562456,0.020817332242095837,0,0,False,32,16,14.09375,61,20,32,2,6,0
30,OFF,7002,799,694.1883210886076,746.2730315611226,613.7286054582603,709.7312618854684,656.5369174643184,0.868821428145942,0.9340088004519682,0.06599119954803238,0.05322026718570313,1,0,False,47,13,7.76595744680851,61,35,47,0,4,0
30,OFF,7003,790,661.6592277102367,696.917655117729,565.4256654778743,645.7339469259948,596.053652368343,0.8375433262154894,0.8821742469844671,0.11782575301553169,0.06600437814087698,9,0,False,40,13,8.775,61,34,40,0,8,2
30,ON,7001,430,324.20132602439577,317.25832998091914,249.96654470532593,259.59983762892034,246.93333390674388,0.7539565721497576,0.7378100697230677,0.2621899302769317,0.7787997538530758,4,0,False,97,9,3.3402061855670104,25,85,97,6,6,0
30,ON,7002,390,292.20386696541505,292.7240768541757,224.5298240248509,241.7334163473879,226.80567633639507,0.7492406845267052,0.7505745560363479,0.24942544396365232,0.727294852250683,3,0,False,114,11,2.973684210526316,13,108,114,5,3,0
30,ON,7003,496,373.00054387601233,364.3443884890677,287.24013191191773,296.2887894465166,282.33552311277003,0.7520172255564764,0.7345652993731203,0.26543470062687957,0.7337687021619368,12,0,False,109,15,3.385321100917431,20,100,109,9,6,0
31,OFF,7001,806,654.9005337095534,700.564423368956,545.2178749178071,659.0572913072814,585.9110958606578,0.8125316795403889,0.8691866294900199,0.1308133705099804,0.10499599404922534,3,0,False,88,16,4.8977272727272725,36,82,88,2,9,6
31,OFF,7002,464,347.4048904086462,398.25728929001497,272.24269674587697,362.72157575933676,306.526565964715,0.7487174362255307,0.8583131234698599,0.14168687653014064,0.14761959895962812,3,0,False,98,7,3.122448979591837,61,92,98,4,3,0
31,OFF,7003,483,413.9145140374933,450.2411236922934,361.88479095334634,434.94031900825263,391.8556264029409,0.8569658675724499,0.9321762395285578,0.06782376047144248,0.13653755072310053,0,0,False,44,10,5.454545454545454,48,38,44,0,2,0
31,ON,7001,371,264.8147676630099,251.23440195428236,194.8267258912192,191.97196466145337,187.9028874028027,0.7137864357493529,0.6771816764266371,0.32281832357336304,0.6966381804234687,0,0,False,118,9,2.7542372881355934,21,115,118,4,7,1
31,ON,7002,341,241.72294855252926,242.96435704081532,177.47696408179903,193.52036515801908,180.3083875723955,0.708864951766948,0.7125054458674936,0.2874945541325063,0.8304516333850036,3,0,False,118,7,2.7203389830508473,21,109,118,4,6,0
31,ON,7003,535,394.77911486256596,375.58131705597793,298.9966542825344,301.11097019372875,289.63126051877316,0.7379048875935812,0.7020211533756597,0.29797884662434,0.7750954367963757,2,0,False,123,14,3.2845528455284554,26,111,123,11,10,1
32,OFF,7001,821,710.3227201463515,761.1286195285312,623.828622830886,728.0422151703141,666.936496317443,0.865192107364618,0.9270750542369443,0.07292494576305589,0.03289015470985212,10,0,False,41,9,8.634146341463415,61,32,41,1,4,1
32,OFF,7002,921,839.2463144535876,877.8105375397084,774.1223921152985,851.0982494220449,807.136754566261,0.9112337833372287,0.9531059039519093,0.04689409604809013,0.04298939145188948,5,0,False,40,12,9.65,60,28,40,1,4,0
32,OFF,7003,1383,1274.3420919486286,1312.5303518767405,1187.6864339256022,1273.8631614150079,1224.5748728596725,0.9214331828985023,0.9490458075753727,0.050954192424628106,0.03199772732336758,5,1,True,36,19,15.36111111111111,61,18,36,3,0,0
32,ON,7001,406,290.6437500787827,267.3553422056392,213.49912749828755,199.8653404706473,199.39040014952687,0.7158713056127654,0.6585106950877813,0.341489304912219,0.74844757350517,2,0,False,133,9,2.744360902255639,15,124,133,5,5,0
32,ON,7002,462,325.962628276424,299.998649705171,238.11327328733512,227.19345706516071,223.72119118169635,0.7055468144511342,0.6493477266345692,0.3506522733654308,0.7856396501340667,0,0,False,131,11,3.0839694656488548,18,116,131,8,12,2
32,ON,7003,402,292.40487060589135,276.55547262780965,218.5255667119326,215.6142896327178,209.41608609246413,0.7273753000146551,0.6879489368850986,0.31205106311490083,0.7793648218856283,1,0,False,126,10,2.7857142857142856,23,114,126,0,3,0
33,OFF,7001,490,359.88388215383105,388.0539876884051,276.6952338420207,342.6566832952248,296.3330276343569,0.7344569023547572,0.7919469136498063,0.2080530863501946,0.15238348534294816,1,0,False,99,10,3.303030303030303,45,90,99,2,3,3
33,OFF,7002,514,381.4992604628848,402.28652795692796,296.2112408317351,352.40485562586804,313.59498025726396,0.742216460044523,0.7826586147021944,0.21734138529780603,0.16150413633238944,0,0,False,114,9,3.017543859649123,61,105,114,1,10,0
33,OFF,7003,816,647.573569638786,703.2474579117694,530.8936476762277,639.5386256937603,571.2472489607931,0.7935950608318456,0.8618228650879527,0.13817713491204783,0.10125508986970828,3,0,False,86,17,4.976744186046512,59,77,86,3,4,3
33,ON,7001,283,190.5894875693392,188.40015969618204,134.17584407191103,144.48731105321585,134.6701110761768,0.6734610868174531,0.6657249459229048,0.33427505407709546,0.7014350566595839,0,0,False,167,5,2.1077844311377247,13,164,167,2,1,1
33,ON,7002,303,204.46612506514575,191.78091548943618,143.27977805646086,138.8952712138268,136.6765099477809,0.6748056932843094,0.632940315146654,0.3670596848533457,0.7557235368752715,0,0,False,162,6,2.1604938271604937,21,150,162,4,4,0
33,ON,7003,270,184.22254062629136,175.0420162242992,130.14887587750343,131.42329506223598,126.2014270701381,0.6823057060233013,0.6483037637937008,0.3516962362062999,0.7004419120961485,0,0,False,161,6,2.1366459627329193,10,152,161,6,1,0
34,OFF,7001,548,465.324403742944,486.2302088936474,402.6618606963664,457.49703979317457,422.1421002229103,0.849132123618511,0.8872814030905974,0.11271859690940247,0.07379623401904506,7,0,False,41,7,6.317073170731708,61,35,41,2,3,0
34,OFF,7002,310,258.8742295665746,255.63201481353187,221.36451736988388,229.62464840133993,220.0109759578532,0.8350781598921763,0.8246194026242963,0.17538059737570375,0.14239551759221997,3,0,False,60,5,3.3666666666666667,50,57,60,1,9,1
34,OFF,7003,387,314.0877024212142,291.5121136012367,260.5586809463858,252.73599352449423,246.09202577471183,0.8115961302873752,0.753261275455392,0.2467387245446082,0.14746300579317873,15,0,False,108,5,2.7314814814814814,61,105,108,3,5,0
34,ON,7001,387,276.6542466176045,224.0848175243338,202.68787412843272,155.01568629613917,166.53373583300862,0.7148688543090556,0.5790305362385886,0.420969463761412,0.6283676783400247,5,0,False,162,8,2.4074074074074074,20,150,162,7,6,0
34,ON,7002,358,258.7398357217468,215.42911650295815,190.72087103573156,153.83566480372022,160.83912461138598,0.7227369712897954,0.6017573086674809,0.3982426913325192,0.5679851298213434,6,0,False,187,6,2.2566844919786098,13,169,187,16,4,1
34,ON,7003,491,344.386287088231,265.49566681802827,248.69964194981736,177.89621152773876,195.3950157345618,0.7013977333772525,0.5407243723381431,0.4592756276618569,0.5728681490430384,9,0,False,154,13,2.857142857142857,19,139,154,6,12,1
35,OFF,7001,866,770.2985737007267,801.3654602157227,694.5189503423819,759.6341682646901,721.3667990623265,0.889490269862271,0.9253642727664234,0.07463572723357599,0.02666946890335127,8,0,False,30,12,11.8,61,21,30,1,4,0
35,OFF,7002,806,704.3619246925631,717.7900205687508,623.0150429026423,660.8968020013667,635.4537991554787,0.8738981695937508,0.8905583381746288,0.10944166182537113,0.035832520412107736,11,0,False,33,10,10.424242424242424,60,24,33,0,7,0
35,OFF,7003,931,823.5908634370195,841.0675849215826,737.0841483965903,786.1509864477438,753.4127038722114,0.8846303581493228,0.9034023468545462,0.09659765314545171,0.02648642876827665,7,0,False,30,12,12.6,61,21,30,0,5,0
35,ON,7001,287,204.97935892134396,202.79418219524652,150.79837279004255,157.9470418551139,149.99312117223874,0.7142137941510243,0.7065999379625314,0.2934000620374676,0.9565947299313361,0,0,False,118,7,2.4152542372881354,19,115,118,1,4,0
35,ON,7002,318,229.98192247222127,219.37290530300692,171.2218041212194,170.22229518375687,165.05403881634328,0.7232135926799411,0.6898519034685752,0.31014809653142456,0.9252742212620672,1,0,False,113,7,2.663716814159292,17,104,113,1,1,0
35,ON,7003,340,240.95676238096897,234.86916915389912,176.4122403477046,178.15025535077947,172.09361150908475,0.7086963599440264,0.6907916739820562,0.30920832601794457,0.8898022451238614,5,0,False,109,8,2.7155963302752295,19,100,109,2,4,0
36,OFF,7001,277,206.2638901377936,196.07211522741386,160.57073083323948,152.21340580992003,150.52497509767238,0.7446349824469083,0.7078415712181005,0.2921584287818989,0.240677479386394,7,0,False,147,6,2.129251700680272,17,132,147,2,4,0
36,OFF,7002,306,216.8430376522046,188.92266918233992,160.6292999253558,137.78576911527773,141.07210186062474,0.708637377948381,0.617394343733137,0.3826056562668634,0.2223170446012342,6,0,False,144,7,2.2708333333333335,15,135,144,3,1,0
36,OFF,7003,427,320.6832936816942,303.973267446527,250.22785188734588,239.99997285970665,236.37215258595194,0.7510147393013915,0.7118811883993607,0.2881188116006392,0.17779823218916502,8,1,True,119,8,2.7983193277310923,30,110,119,7,7,1
36,ON,7001,330,231.36896647516699,215.83200538306465,167.47583089237588,161.46790273203476,158.02560151834805,0.7011180802277788,0.6540363799486808,0.3459636200513194,0.7804802168581084,4,0,False,143,9,2.3916083916083917,12,128,143,6,1,0
36,ON,7002,213,146.66959794735945,137.34868867025318,105.1072696519428,101.9657752827657,100.22341619857674,0.6885896617246923,0.6448295242734892,0.3551704757265109,0.8509142501611459,0,0,False,152,3,1.986842105263158,12,143,152,3,0,0
36,ON,7003,316,219.75390158849174,205.28742358705543,157.53858220852425,152.7744766765556,149.4748533757177,0.6954237392040878,0.6496437455286564,0.35035625447134333,0.7960888569508812,4,0,False,168,6,2.261904761904762,10,156,168,4,2,1
37,OFF,7001,460,323.4607644952826,175.39685397006755,232.01495337738208,93.013132302323,129.21362588778695,0.7031755749897448,0.38129750863058165,0.6187024913694185,0.24040412323341318,24,0,False,210,6,2.447619047619048,14,192,210,11,12,2
37,OFF,7002,330,231.7150753133801,147.97868789094917,166.67477029766414,90.37596411910152,109.7275450942857,0.7021668948890306,0.4484202663362096,0.5515797336637904,0.29783738010585264,7,0,False,230,2,2.0478260869565217,15,212,230,4,5,2
37,OFF,7003,314,216.42264200297896,135.77045434247927,152.84800620966735,80.39029491627775,98.9235875973047,0.6892440828120349,0.43238998198241807,0.5676100180175818,0.31224540819997976,7,0,False,227,5,1.9647577092511013,13,206,227,10,8,2
37,ON,7001,415,297.4100681887893,264.44234477922913,217.37276551003853,195.6472600365866,196.36686370869157,0.7166507667199742,0.6372104693475401,0.3627895306524607,0.7194928187315117,5,0,False,175,6,2.5028571428571427,20,163,175,4,6,0
37,ON,7002,372,251.82578501615143,213.8837714575911,176.40371552342464,151.1598488813244,153.7716736220456,0.6769510349896544,0.5749563748859976,0.425043625114003,0.6187141177649333,2,0,False,176,3,2.3863636363636362,24,167,176,2,5,1
37,ON,7003,330,223.8105752257532,193.4719987844536,157.0866034611367,139.45535865822097,138.72369447736224,0.6782138643204643,0.586278784195314,0.4137212158046857,0.7039527590888424,5,0,False,183,5,2.2459016393442623,12,174,183,7,7,1
38,OFF,7001,348,289.02564111666237,260.8636769123327,244.78927892990436,219.12247450099355,225.01574042445975,0.830533451484662,0.7496082669894618,0.25039173301053874,0.0737273092508399,10,0,False,72,7,3.361111111111111,34,63,72,1,3,0
38,OFF,7002,742,615.5089190500688,542.1967552377939,520.1074174855646,452.49862675994495,466.7874491847375,0.8295268450809553,0.7307233898083476,0.2692766101916527,0.06674048969835894,53,0,False,102,15,4.519607843137255,30,87,102,9,15,2
38,OFF,7003,596,479.81373929365594,367.0454694772742,392.58609294816813,276.1922913744083,307.20734633920864,0.805056609553114,0.6158481031497889,0.3841518968502113,0.09381098298428327,68,0,False,113,11,3.5398230088495577,45,95,113,14,14,6
38,ON,7001,390,273.57058601006014,224.3089015398601,197.41749758907693,155.4828035931923,165.5941728360626,0.7014630410514363,0.5751510295893849,0.4248489704106154,0.7019209504314626,0,0,False,181,5,2.3922651933701657,20,166,181,5,5,1
38,ON,7002,502,346.392374132214,281.6485196906284,245.36665000324646,192.2041826259983,203.8145915911582,0.6900246496657649,0.5610528280689809,0.4389471719310189,0.6262460334014747,8,0,False,165,14,2.793939393939394,14,147,165,10,8,0
38,ON,7003,411,285.31674255508545,239.6629793736643,202.81955895848472,166.1005399021829,173.25652006485635,0.6942013200853661,0.583121604315485,0.4168783956845159,0.7059666773833954,9,0,False,195,7,2.3230769230769233,18,177,195,7,10,0
39,OFF,7001,1001,895.175377919152,883.0354226849926,814.0960205719979,818.2179689963789,807.6287263710857,0.8942810968223296,0.882153269415577,0.11784673058442341,0.062477560477317784,9,0,False,62,17,7.338709677419355,57,44,62,6,6,0
39,OFF,7002,781,671.9959232862318,661.6461864465708,591.7390005355686,600.8669394011112,587.2457094713449,0.860430119444599,0.8471782156806285,0.15282178431937227,0.08502089840138227,5,0,False,56,15,6.839285714285714,50,44,56,2,7,0
39,OFF,7003,947,857.6780157107307,859.0731422577907,788.2296611993698,808.509363053328,792.6029020020887,0.9056790028624401,0.9071522093535276,0.09284779064647197,0.041259201276971885,2,0,False,42,16,9.738095238095237,61,27,42,1,2,0
39,ON,7001,288,195.74974452391686,176.8742436154395,136.9483909386438,128.59434830394764,126.01537393379917,0.6796866129302669,0.614146679220276,0.38585332077972356,0.9935313611377737,2,0,False,147,4,2.292517006802721,16,138,147,3,5,0
39,ON,7002,213,144.372581770672,138.76417003958431,101.5809538277253,103.2795181920459,98.64480186410833,0.6778055482191174,0.6514749767116634,0.3485250232883367,0.9950750577693697,0,0,False,141,3,2.021276595744681,13,135,141,2,1,0
39,ON,7003,268,182.26065173921612,171.57659914030094,128.5195612989399,129.71064368293725,123.25180846551842,0.6800770587284184,0.6402111908220185,0.35978880917798156,1.05055491392771,0,0,False,152,6,2.1710526315789473,13,143,152,4,2,0
40,OFF,7001,1164,1056.6796505643122,1043.2901180991364,968.6668738404577,968.0046238344291,961.5343588156411,0.9078003870827425,0.8962973523188457,0.10370264768115539,0.04814095967993469,8,1,True,34,17,13.823529411764707,61,19,34,2,3,0
40,OFF,7002,909,806.0090129291157,789.7254728312041,722.186224805714,705.9712195357912,710.7389469209121,0.8866985840804352,0.868784898604185,0.1312151013958162,0.0551215994986889,1,0,False,35,15,10.942857142857143,51,23,35,0,0,0
40,OFF,7003,1031,928.1137199398805,938.7389396896701,843.8419819512984,874.483142640922,855.284902393506,0.900207293831116,0.910513035586489,0.08948696441351285,0.03800666944024506,2,0,False,28,14,14.714285714285714,60,16,28,1,2,0
40,ON,7001,351,240.87607179553595,203.89100902332396,169.76474317893198,137.13693813225484,145.25007159604584,0.6862566148020968,0.5808860655935155,0.4191139344064844,0.8697138341873212,3,0,False,161,9,2.260869565217391,18,140,161,11,7,3
40,ON,7002,428,294.3116203995424,242.97841255531347,209.02286405946234,168.1902549875295,176.1305901270024,0.6876439728961271,0.5677065713909193,0.432293428609081,0.8847383997164949,10,0,False,177,9,2.4350282485875705,17,168,177,15,13,2
40,ON,7003,233,156.0911161494114,146.06875281934205,108.28967852982413,104.18530423602594,101.54321431902734,0.6699189534309502,0.6269045185379487,0.3730954814620512,0.975444977284796,6,0,False,133,4,2.0601503759398496,18,127,133,2,3,0
41,OFF,7001,953,843.4965054719311,874.0352511437328,758.695698904641,828.8016969198438,785.064323160176,0.8850960183336107,0.9171408721340323,0.08285912786596737,0.05014495308722433,6,0,False,39,12,10.35897435897436,61,33,39,3,8,0
41,OFF,7002,702,591.4825498587633,609.1504128498393,505.1119348897378,554.727465330363,522.0124471154351,0.8425677348415431,0.867735630840227,0.13226436915977305,0.05606867008598508,9,1,True,48,12,6.979166666666667,50,45,48,1,3,0
41,OFF,7003,555,466.565163609485,496.81286396208907,397.23263012125443,458.5188191084781,422.6480854031841,0.8406579524495226,0.8951583134452056,0.10484168655479391,0.0925237254194017,2,0,False,59,9,4.864406779661017,55,53,59,0,3,0
41,ON,7001,231,155.83277290733537,148.5159799989555,110.00271025386115,110.53865603020898,106.18353063529607,0.6746007485166033,0.6429263203417986,0.35707367965820147,1.2431270152276004,0,0,False,118,5,2.23728813559322,12,106,118,1,3,0
41,ON,7002,205,140.92208422229922,140.77568754572908,100.02223133252527,105.59533783221954,100.71318334427092,0.6874248010843864,0.686710670954776,0.313289329045224,1.3159904678366658,0,0,False,121,4,2.0661157024793386,13,115,121,3,2,0
41,ON,7003,220,148.8870353804656,151.1045402100617,105.0104376496726,114.38706707374513,106.25444931301561,0.676759251729389,0.6868388191366441,0.31316118086335587,1.2148522519362712,0,0,False,100,4,2.37,17,94,100,2,5,0
42,OFF,7001,653,549.7963036659567,570.4191883666577,469.40844242033165,517.867234560724,487.18183504217257,0.8419545232250485,0.8735362762123395,0.12646372378766346,0.04503986648236516,9,0,False,25,8,11.0,61,22,25,0,4,0
42,OFF,7002,963,842.0264615203816,874.4702386744076,746.6486859068506,826.3415417370435,776.2167953630247,0.8743784647148304,0.9080687836702052,0.09193121632979599,0.03699686242963659,11,0,False,28,15,14.142857142857142,61,19,28,6,9,1
42,OFF,7003,1085,958.4300914475391,1001.9181401539191,857.6894308174213,954.9969249210684,897.409320625165,0.8833457064032618,0.9234268572847181,0.07657314271528216,0.039605517055335125,6,0,False,43,16,10.813953488372093,61,31,43,7,12,0
42,ON,7001,195,136.05758120597773,136.65097977877926,98.5507704449302,106.39626515950346,99.4696600811144,0.6977311856716807,0.7007742552757911,0.29922574472420915,1.3082201987640112,0,0,False,118,1,2.1440677966101696,8,115,118,6,2,0
42,ON,7002,255,168.63332560979285,158.00230480616372,115.6797599738446,114.14153216044706,109.59109011602347,0.6613071592540896,0.6196168815927989,0.3803831184072006,1.157124482309291,2,0,False,132,7,2.2045454545454546,13,123,132,2,4,2
42,ON,7003,330,224.70514910655092,210.13511897282646,158.15262586376141,154.62505285774802,149.7447268944244,0.6809246942622755,0.6367730877964438,0.36322691220355646,1.0547337035594417,2,0,False,153,8,2.4052287581699345,13,144,153,6,3,0
43,OFF,7001,750,591.0502453913441,594.3228508030218,481.740618159074,517.2982159418759,485.76324809140306,0.7880669938551255,0.7924304677373624,0.20756953226263788,0.09518667227417871,10,0,False,80,16,5.025,41,68,80,2,11,1
43,OFF,7002,1182,1115.915210630121,1140.670223024103,1064.6568735393773,1117.620990935031,1087.5364876604247,0.9440907027327589,0.9650340296312209,0.034965970368779756,0.014780677127445328,2,0,False,25,15,18.36,61,10,25,2,5,1
43,OFF,7003,1243,1121.66369414654,1142.4992571066334,1028.3976270362318,1090.8116134963193,1049.5539144132179,0.9023843074388898,0.9191466267953607,0.08085337320463896,0.04130049882091322,7,0,False,57,19,9.543859649122806,61,42,57,6,12,7
43,ON,7001,319,212.30915553963433,198.84210821407112,146.4243283731583,142.72983692475142,138.74058485694317,0.6655459421305151,0.6233294928340788,0.3766705071659209,1.2751433909021193,4,0,False,139,5,2.366906474820144,29,133,139,3,5,0
43,ON,7002,180,120.4169681935426,123.02134736612787,83.85772258041901,94.70869134001215,86.56771565505657,0.6689831566307922,0.6834519298118215,0.3165480701881782,1.2894148733241657,0,0,False,128,3,1.9453125,10,116,128,3,3,0
43,ON,7003,320,214.0468472569646,199.93629409010015,148.61534677605655,144.08586311713145,140.552199359457,0.6688963976780145,0.624800919031563,0.37519908096843735,1.1782789194572316,0,0,False,150,5,2.34,13,144,150,5,6,0
44,OFF,7001,954,858.4167850726462,858.5437816963482,783.8107482943383,803.3855422938718,787.7662470515178,0.8998079508099017,0.8999410709605328,0.10005892903946788,0.03723124054282122,3,0,False,40,13,10.025,61,28,40,2,3,1
44,OFF,7002,721,645.4262984732139,641.513914662909,586.9923540629428,593.8914341092124,586.4135197634016,0.895182106065484,0.8897557762314965,0.11024422376850421,0.03897697722087142,5,0,False,39,9,7.923076923076923,60,30,39,1,3,1
44,OFF,7003,1033,950.355543654995,932.885143633307,884.2578172260658,879.0119527089687,874.1986514003844,0.9199956860164521,0.9030833917069768,0.09691660829302332,0.04051249661834545,13,1,True,54,17,8.648148148148149,54,39,54,3,2,0
44,ON,7001,128,83.31549769134509,84.5105896517214,56.739725549657216,63.07308475584372,57.04962170136509,0.6509023257136335,0.6602389816540735,0.3397610183459263,1.2537991892641602,2,0,False,128,1,1.796875,8,125,128,1,2,0
44,ON,7002,202,134.82030287755165,134.42537256958977,92.99827777049539,99.40664336741696,93.36662471519607,0.6674272419680775,0.6654721414336127,0.3345278585663876,1.1674169770028957,0,0,False,119,5,2.0168067226890756,14,113,119,1,4,0
44,ON,7003,190,126.45428474531548,123.29525311415746,87.60474424398598,89.7368576875049,86.18669606751,0.6655488670806078,0.6489223848113551,0.3510776151886449,1.3205123288018477,0,0,False,123,4,2.032520325203252,10,117,123,1,1,0
45,OFF,7001,708,567.1566463495261,497.2918434636059,461.661948146962,395.6060570843383,412.3874683698331,0.801068709533229,0.7023896094118728,0.29761039058812644,0.11855883761430613,18,0,False,109,11,3.8990825688073394,55,103,109,6,10,2
45,OFF,7002,527,402.25444026946695,342.693123800604,314.74642936594086,257.3710944412038,272.05452497451904,0.7632911580065787,0.6502715821643339,0.34972841783566616,0.14125134864048294,12,0,False,122,11,3.180327868852459,39,110,122,2,4,1
45,OFF,7003,404,294.51827089688334,223.13910814026366,222.26174523548565,151.47569339343607,172.13380153432917,0.7290056210318895,0.5523245250996626,0.4476754749003383,0.20032736188230496,13,0,False,188,7,2.345744680851064,22,170,188,8,9,0
45,ON,7001,216,138.20631488698322,131.19666468702624,92.47378451791934,93.54299797843626,88.99782537107558,0.6398440504027001,0.60739196614364,0.3926080338563601,1.257916998054206,0,0,False,145,1,2.0620689655172413,9,136,145,3,4,0
45,ON,7002,187,119.10480855331546,116.49857288780676,79.66215600943809,85.37874223782165,78.82044142436537,0.6369241099107779,0.6229870207904105,0.3770129792095893,1.4080093769905337,0,0,False,124,4,2.0,12,118,124,2,2,0
45,ON,7003,257,169.09578159182107,170.7572375916807,115.51631910593163,128.7174191428238,116.93641398267175,0.6579602396568913,0.6644250489948665,0.33557495100513324,1.2897069809919828,0,0,False,133,5,2.218045112781955,15,124,133,1,0,1
46,OFF,7001,1139,1101.3021071043695,1105.844807969808,1069.3228380944836,1089.684572469324,1075.9055852569356,0.9669026401267511,0.9708909639770044,0.029109036022995638,0.01155514436561592,7,0,False,39,16,11.974358974358974,58,24,39,1,0,1
46,OFF,7002,755,713.8439059475588,702.1889354109946,681.5123661141846,675.1994942143014,674.3629300258843,0.9454886171490845,0.9300515700807876,0.06994842991921293,0.01798331721572015,3,0,False,33,10,9.575757575757576,61,24,33,1,2,0
46,OFF,7003,497,467.9305519981875,464.08938308423586,444.89806144908096,443.36228936088565,442.8175867618895,0.9415101649862928,0.9337814548978589,0.0662185451021408,0.012750461762065436,1,0,False,24,6,8.708333333333334,59,18,24,0,2,0
46,ON,7001,179,117.70872299547084,120.2850838692608,80.88539814726084,90.29025937306903,82.57947172091667,0.6575906312596136,0.6719837087668201,0.3280162912331797,1.3883558048899807,0,0,False,124,3,1.9112903225806452,16,118,124,3,4,1
46,ON,7002,142,98.74802654939609,106.0212441804392,71.1532398540279,84.6321838949239,75.73678407057295,0.6954086376718034,0.746628480143938,0.25337151985606204,1.4114109332325826,0,0,False,110,1,1.8727272727272728,19,101,110,1,1,0
46,ON,7003,148,95.64374579194092,104.00778959009482,65.20761335455684,80.46389024098453,70.79187446043846,0.6462415256212224,0.7027553350682082,0.2972446649317916,1.5168521615840391,1,0,False,110,3,1.9090909090909092,10,104,110,2,1,0
47,OFF,7001,974,918.1507799580492,933.3748457682665,872.9041869822491,912.2422498505515,887.6787013420928,0.9426599383552866,0.958290396065982,0.04170960393401763,0.018649616320044773,8,0,False,31,12,12.709677419354838,61,19,31,3,2,0
47,OFF,7002,738,668.0877184024301,666.531556732405,613.9937084347707,628.7564894303557,614.8471679206041,0.905267911114404,0.9031592909653183,0.0968407090346819,0.020107252547784768,14,0,False,36,9,8.833333333333334,61,27,36,8,10,0
47,OFF,7003,1355,1283.1216180699846,1297.0949349076964,1223.1223516543673,1263.8326031675872,1238.304707607632,0.9469532236678854,0.9572656346182261,0.042734365381772776,0.01594127043550635,10,3,True,39,18,13.974358974358974,61,21,39,4,3,0
47,ON,7001,152,105.9930728674939,106.52643433269432,76.04307127637142,82.68882278077011,77.12114609643498,0.6973228478124598,0.7008318048203573,0.2991681951796427,1.5983186692760734,1,0,False,110,2,1.9727272727272727,12,101,110,2,0,0
47,ON,7002,143,96.41410719330888,105.10856844790388,68.16711794243281,87.13368108374515,74.69655386519156,0.6742245258273348,0.735024954181146,0.26497504581885406,1.4139333665550866,0,0,False,106,1,1.971698113207547,11,103,106,1,2,1
47,ON,7003,139,93.18228344455247,107.6401044219965,66.05388554266116,89.16442922904521,75.61870727240009,0.6703761398888667,0.774389240446018,0.22561075955398194,1.611317903689064,0,0,False,93,1,2.043010752688172,14,90,93,0,0,1
48,OFF,7001,598,517.3564827754001,481.9657901042146,456.3735902258831,420.03073787895437,431.58837555196726,0.8651446200257527,0.8059628597060444,0.19403714029395677,0.06454936358153146,5,0,False,57,12,5.473684210526316,55,48,57,4,3,2
48,OFF,7002,638,534.4501597726783,459.37964372035447,456.47699547076866,370.72608508501673,399.3631006254855,0.8376961751922857,0.7200307895303362,0.2799692104696632,0.08182153386787736,36,0,False,78,11,4.730769230769231,39,69,78,7,3,3
48,OFF,7003,959,839.2749285794686,778.9293421261046,743.1422741779674,678.4702169409463,696.780128485153,0.8751563384561716,0.8122308051367098,0.1877691948632883,0.056945961372490965,38,1,True,78,16,6.051282051282051,61,66,78,5,5,0
48,ON,7001,139,90.86590738897216,98.24526115360267,62.30991595451208,78.2481638508988,67.23760469964874,0.65371156394944,0.706800439953976,0.293199560046024,1.7915490397998812,0,0,False,118,3,1.7881355932203389,12,112,118,1,0,0
48,ON,7002,168,105.32196185039369,112.49295012592043,69.49577613182143,86.67623411869718,74.79195065865235,0.6269164395856768,0.6696008936066692,0.33039910639333075,1.7048600689671045,0,0,False,102,3,2.0588235294117645,13,90,102,2,0,0
48,ON,7003,94,61.78160764131523,71.72794013802265,42.92682695796428,60.182154437628924,49.61915358003508,0.6572511451203749,0.7630631929576878,0.23693680704231215,1.4177708292006235,0,0,False,105,0,1.6952380952380952,7,99,105,0,4,0
49,OFF,7001,649,497.52772552215373,353.97676519563777,389.45277628121,239.08514254082522,283.8744125077083,0.7666066649031644,0.5454187445233247,0.45458125547667544,0.10975671298039923,52,0,False,143,13,3.3216783216783217,31,128,143,9,9,0
49,OFF,7002,501,382.6828326856851,285.7329781693466,299.42349481326414,194.3686341004564,227.57087285273127,0.7638379893925851,0.5703253057272387,0.429674694272762,0.11936768477514505,33,0,False,149,14,2.879194630872483,17,134,149,9,10,1
49,OFF,7003,439,336.76529003103775,249.85754505636478,265.1871146187383,174.24643512414502,201.84563717785787,0.7671191116880131,0.5691515832719015,0.43084841672809826,0.12399550398579764,30,0,False,181,11,2.5027624309392267,15,166,181,11,11,1
49,ON,7001,150,93.26137094973406,99.69353864882221,61.1154356781037,72.9815459127146,64.56506013242387,0.621742472998227,0.6646235909921481,0.3353764090078522,1.5488511525209567,0,0,False,127,3,1.7401574803149606,15,121,127,5,0,0
49,ON,7002,211,129.8838170749663,140.37653880578256,83.69051082799935,105.86606619278217,90.6171004915579,0.6155631140993663,0.6652916531079742,0.33470834689202583,1.5371639399763029,1,0,False,110,6,2.2,12,98,110,2,3,0
49,ON,7003,173,115.14811624683554,119.96088213411669,80.0396450275605,89.58557490596263,82.6482770826033,0.6655960476695696,0.6934155036654144,0.30658449633458595,1.511038470259539,0,0,False,137,2,1.7737226277372262,25,131,137,3,1,0
50,OFF,7001,311,225.38408954346463,152.5202720388004,169.35449832116387,95.84759574306146,117.06028412917458,0.7247076834195004,0.4904188811536991,0.509581118846301,0.20849578984171982,23,0,False,206,3,2.0776699029126213,14,197,206,5,8,2
50,OFF,7002,357,266.34175266237645,196.3038194366589,203.62349497860706,130.65868520887997,153.40192418219746,0.7460553295864887,0.5498706426797167,0.4501293573202836,0.19594556448148007,12,0,False,187,4,2.320855614973262,13,169,187,5,9,2
50,OFF,7003,437,326.268334412614,230.1114475344512,249.44822447585076,149.2731353054103,180.4307531703041,0.7466094608984303,0.5265708181566389,0.47342918184336125,0.21847087844411964,21,0,False,189,12,2.3968253968253967,14,174,189,6,10,1
50,ON,7001,190,102.40986777357539,74.53940249651492,58.79611731853956,37.70266581075346,43.115730628226025,0.5389993040714494,0.3923126447184996,0.6076873552815008,1.0292573062131807,1,0,False,202,1,1.693069306930693,12,190,202,4,2,0
50,ON,7002,174,93.64274453816601,64.87812813667215,53.570718875920406,32.10951006811094,36.84808040299386,0.5381766927480806,0.37286280538317323,0.6271371946168267,0.9104743463593022,1,0,False,218,1,1.6605504587155964,8,203,218,2,4,2
50,ON,7003,205,107.97362571080816,71.80006880812094,60.48728839661301,33.56876490661146,40.23945353094132,0.5267006132234544,0.35024423808839483,0.6497557619116052,0.934113048520965,0,0,False,215,2,1.716279069767442,12,197,215,2,3,0
51,OFF,7001,803,690.1097924171277,746.8103819357966,598.1059155733615,711.6244720815874,647.1988287011095,0.859414436384966,0.9300253822363594,0.06997461776364083,0.043626210625866114,7,0,False,25,11,13.2,61,19,25,0,2,0
51,OFF,7002,706,595.08492008779,638.1116234900444,507.10659963750936,595.4511420756698,543.8899426769614,0.842896487376473,0.9038408264731507,0.09615917352685063,0.05915717070526278,3,0,False,28,11,10.964285714285714,61,25,28,1,9,0
51,OFF,7003,865,724.7710213731478,752.4994965590477,612.9348424048756,687.635116500464,638.2832872481872,0.8378855738417894,0.8699416145191302,0.13005838548086995,0.05810668514699473,11,0,False,42,12,8.976190476190476,61,36,42,2,9,0
51,ON,7001,202,101.43240762449585,74.37998308858671,54.29119351801127,35.877003779647296,40.026811518062466,0.5021406318044349,0.36821773806231045,0.6317822619376897,1.1100946788880597,1,0,False,189,3,1.783068783068783,12,177,189,1,2,0
51,ON,7002,120,62.476400647893605,49.47621261969644,34.10294899744577,25.503011933862698,27.10411371508106,0.52063667206578,0.4123017718308037,0.5876982281691961,1.0640121013520352,0,0,False,196,0,1.5408163265306123,6,187,196,2,2,1
51,ON,7003,184,95.1925263395774,71.07309950844113,52.66943054707751,37.24590943482512,39.538711183486406,0.517350686628138,0.3862668451545714,0.6137331548454288,0.9923496234331932,0,0,False,232,1,1.646551724137931,10,214,232,8,3,1
52,OFF,7001,1429,1297.4214510474048,1352.9843557761772,1187.7383220396332,1313.591598322204,1240.9331967485184,0.9079226389415009,0.9468050075410617,0.05319499245893865,0.04608115633131354,6,1,True,36,18,15.666666666666666,61,18,36,3,7,0
52,OFF,7002,1636,1492.3306458216969,1546.559581852618,1370.236299370571,1496.3619447756064,1422.9154173796103,0.9121825463457804,0.945329817758324,0.05467018224167732,0.0399789506357112,19,0,False,33,21,19.21212121212121,61,12,33,3,4,1
52,OFF,7003,1490,1353.7573097368684,1398.397368154721,1238.57251030211,1346.1743154422227,1281.9577761295202,0.9085619528435358,0.9385217235937725,0.061478276406227446,0.036772304600808006,13,1,True,48,19,12.583333333333334,61,27,48,3,3,1
52,ON,7001,205,102.66630566667155,82.13144588048979,55.265200438013466,41.773757272978436,44.57584182514619,0.5008112471544953,0.40064119941702336,0.5993588005829764,1.0672069847927477,0,0,False,184,4,1.7880434782608696,9,172,184,0,6,0
52,ON,7002,147,78.16095503679992,57.963040593962184,44.2328421249076,30.003590740789324,33.044252830795955,0.5317071771210878,0.3943063985983822,0.6056936014016179,1.0243820133258832,0,0,False,206,0,1.5776699029126213,7,197,206,1,3,1
52,ON,7003,170,88.00592823165894,64.57015342305974,48.71668536002452,32.154341770685306,35.72948288382562,0.5176819307744643,0.37982443190035137,0.6201755680996482,1.0689849428387677,1,0,False,218,0,1.6330275229357798,7,212,218,4,5,0
53,OFF,7001,873,729.2814728661673,744.667206380238,617.7165132055717,683.2640915928314,634.7958669954854,0.8353739666279121,0.8529979454527353,0.1470020545472633,0.0894623854537099,4,0,False,80,13,5.5875,47,68,80,0,11,0
53,OFF,7002,1178,1000.6286902364352,1053.0043133380734,859.4772541354915,979.5362313924429,905.7784049372682,0.8494301275351742,0.89389160724794,0.1061083927520609,0.09366824187010339,9,0,False,74,17,7.364864864864865,61,56,74,5,8,1
53,OFF,7003,1217,1049.4210836725779,1109.323325991016,919.2480488885313,1054.4799711955425,973.2446559531062,0.8623016299692505,0.9115228644133245,0.08847713558667643,0.06100504203752864,14,0,False,78,18,7.128205128205129,61,63,78,10,8,2
53,ON,7001,157,79.11558635881094,58.5975708041815,43.34140391907679,28.701209082993216,32.41378417813453,0.5039209322217257,0.3732329350584809,0.6267670649415192,1.1710321411394444,0,0,False,198,0,1.6313131313131313,7,195,198,4,3,0
53,ON,7002,141,69.32590045012698,53.668932139642436,36.60392376552785,26.821284729690948,27.666282622042498,0.49167305283778,0.3806307243946272,0.6193692756053728,1.099411203554013,0,0,False,197,0,1.614213197969543,7,182,197,3,2,0
53,ON,7003,179,90.1663817725921,72.2280911405121,49.074040953654446,37.1769762588771,38.51779226379037,0.5037228031988386,0.40350888905314025,0.5964911109468598,1.0229038442448246,0,0,False,200,2,1.685,9,194,200,6,7,0
54,OFF,7001,539,420.56484903836014,375.25942628231525,333.42727479602576,295.52241201407395,300.13320179981343,0.7802687366203342,0.6962141489467816,0.3037858510532177,0.13971889244509672,19,0,False,104,9,3.326923076923077,61,95,104,2,5,2
54,OFF,7002,368,286.8004146491469,269.61179320284225,227.63006112752362,217.3189308388651,215.30683577329032,0.7793489528509426,0.7326407423990279,0.26735925760097173,0.12570416316735095,6,0,False,107,7,2.7009345794392523,28,104,107,1,3,1
54,OFF,7003,416,322.1509461229575,315.65681107221315,255.03087744255814,260.49364629078525,248.64221495772324,0.774401312795571,0.7587904112312815,0.24120958876871923,0.15934669026958853,11,0,False,106,6,2.8962264150943398,35,97,106,1,4,0
54,ON,7001,272,164.82693873392978,79.92667606379284,103.05976981502457,32.90500549577333,50.90219889857178,0.6059813924041536,0.2938480737639443,0.706151926236056,0.64544042719368,3,0,False,258,4,1.810077519379845,10,240,258,5,5,2
54,ON,7002,257,152.78807275466266,80.43655500238147,94.57953830481671,34.81423167135923,50.79601297160531,0.5945061196679481,0.31298270428942204,0.6870172957105785,0.6312137222808966,4,0,False,284,0,1.721830985915493,7,260,284,10,8,2
54,ON,7003,229,134.72748231974484,70.9219070388809,82.26256770957205,30.199836832352414,43.60874707212275,0.5883296171167897,0.3097026508248074,0.6902973491751929,0.6514209861373998,4,0,False,274,1,1.6824817518248176,8,259,274,7,5,2
55,OFF,7001,1242,1092.8388627631398,1164.658314346474,972.4131684754486,1125.3902427809887,1036.9333427930956,0.8799024659928661,0.9377281113900757,0.06227188860992573,0.04184143772262301,7,0,False,31,16,15.870967741935484,61,19,31,0,2,0
55,OFF,7002,1074,930.3285958397577,992.3744287859681,814.8852243328354,944.2023458654792,869.593122500908,0.8662277428675583,0.9239985370446631,0.07600146295533863,0.050586451966124074,6,1,True,32,15,13.6875,61,20,32,1,2,0
55,OFF,7003,1138,979.5959125751698,1046.4148311762224,854.8289307223168,997.4769146196027,915.6911478121315,0.8608048440906588,0.919520941279633,0.08047905872036717,0.05362092371778575,4,0,False,46,17,10.73913043478261,61,34,46,4,10,0
55,ON,7001,242,141.82509040693597,75.00850041795857,86.08176457175556,33.52529169660767,46.55640649370174,0.5860540925906446,0.30995248106594453,0.6900475189340556,0.7208794557825488,1,0,False,253,3,1.7826086956521738,10,238,253,9,6,4
55,ON,7002,263,154.09169803547428,83.90074937441416,93.86048703446663,37.735293570056506,52.17364411652029,0.5858999925303204,0.3190142561764797,0.6809857438235203,0.687658472107883,3,0,False,256,2,1.80078125,11,241,256,9,9,3
55,ON,7003,261,152.77977045857568,83.06021326669605,93.17067867510782,36.71558410215384,51.3545232882438,0.5853631052052708,0.31823836500649827,0.6817616349935015,0.7056686201000293,2,0,False,255,1,1.807843137254902,11,231,255,8,5,5
56,OFF,7001,411,322.16839396358233,324.8479971698524,256.63263407901735,276.7778958276299,259.9914996232393,0.7838647055074995,0.7903844213378405,0.20961557866215919,0.124089443228444,1,0,False,66,5,3.757575757575758,61,60,66,3,2,0
56,OFF,7002,478,371.9845883043712,354.20873637679836,294.2891009227949,282.44594321376906,281.49034109677706,0.7782104357832034,0.7410224610393271,0.25897753896067327,0.17732190358757086,4,0,False,102,9,3.1372549019607843,27,96,102,3,1,0
56,OFF,7003,486,369.5781411134187,348.5596786164531,287.91837231253345,280.07585325726257,274.15957234946563,0.7604488500276105,0.7172009848075166,0.28279901519248346,0.15904115327951965,12,0,False,111,11,3.225225225225225,31,105,111,3,4,1
56,ON,7001,255,147.26748184318294,76.97812944409877,88.25294188401841,33.78806063851796,47.33072710855343,0.577519536639933,0.3018750174278383,0.6981249825721618,0.7494531176766914,1,0,False,276,5,1.6775362318840579,10,255,276,7,8,0
56,ON,7002,262,154.58019736838583,82.91385752445743,94.83670549947567,37.940473004541545,51.60590257707432,0.5900007533144497,0.316465105055181,0.6835348949448192,0.7343789768419895,1,0,False,254,1,1.8346456692913387,11,242,254,7,9,2
56,ON,7003,255,144.31641225703746,71.3585501832015,85.15085331775704,30.173108604409926,43.549665886013074,0.5659467147334802,0.2798374516988294,0.7201625483011707,0.7429470687498769,2,0,False,275,2,1.7454545454545454,11,254,275,5,4,1
57,OFF,7001,516,403.9925482395055,447.2864262410887,325.08860103399957,406.56241011851813,358.7653783671168,0.7829312950378013,0.8668341593819548,0.13316584061804415,0.1624189917304906,0,0,False,73,11,4.191780821917808,40,67,73,2,3,0
57,OFF,7002,541,433.4849761966488,473.3015775768425,353.7282627305555,433.32575270427884,385.5285041960175,0.8012661297535097,0.8748642838758641,0.1251357161241357,0.08543395365301126,4,0,False,71,8,4.056338028169014,56,65,71,0,5,0
57,OFF,7003,623,484.0938940982364,555.0577069335387,383.16199856316274,512.5629542634296,434.5768564038664,0.7770367481512622,0.8909433498130638,0.10905665018693582,0.07554348096083358,5,0,False,48,8,6.208333333333333,61,42,48,0,2,0
57,ON,7001,276,153.17473503800687,80.46870859329341,88.53157639806369,35.12879881305405,47.338635223453274,0.5549809240507495,0.29155329200468627,0.7084467079953137,0.8187289598979323,0,0,False,251,1,1.8804780876494025,8,236,251,8,11,5
57,ON,7002,205,119.17377982011375,69.70036314604037,71.6095571188674,33.19816360601059,42.30406984740924,0.5813355113176281,0.3400017714440994,0.6599982285559008,0.7678318067234476,3,0,False,264,1,1.6477272727272727,9,255,264,6,3,2
57,ON,7003,191,107.3602538629362,63.75026823756352,63.212062287873046,29.08089275081084,37.90484011327469,0.5620955699630168,0.3337710378930027,0.6662289621069973,0.7927276186541622,1,0,False,252,0,1.6468253968253967,6,237,252,4,8,1
58,OFF,7001,962,842.8058442306603,885.7387367010928,746.1156579063162,834.4914340593882,785.6348706843066,0.8760975511753226,0.9207263375271234,0.07927366247287453,0.07435914028276375,3,0,False,41,12,9.75609756097561,61,29,41,0,0,0
58,OFF,7002,744,619.1687616765438,612.0948504500199,521.9479762733935,537.0640785346667,520.3482063880176,0.8322160775222363,0.8227081323252955,0.17729186767470365,0.11744266813907699,13,0,False,90,14,4.4,59,81,90,1,7,0
58,OFF,7003,794,687.1219149540852,690.5069179516275,601.6200969220774,633.1845203134131,608.766815879078,0.8653928399925507,0.8696560679491531,0.1303439320508473,0.0790013975312759,15,1,True,40,11,8.6,61,34,40,0,0,0
58,ON,7001,249,139.88863602968226,77.4129032349924,81.65685061608343,33.959669849864206,45.91379148664131,0.561801751123222,0.31089519371482893,0.6891048062851712,0.8124793140284627,2,0,False,258,0,1.7945736434108528,7,243,258,11,10,2
58,ON,7002,228,126.45881991638277,68.36160209938353,73.10921771637682,29.573622661921814,40.36148600949972,0.5546439470016788,0.29983158815519095,0.7001684118448093,0.7952403665581959,0,0,False,246,1,1.7642276422764227,8,237,246,7,5,4
58,ON,7003,266,149.9046288400102,78.48792699468738,88.66299588819443,34.7916352703528,47.69127203519005,0.5635512362406399,0.2950673947168699,0.7049326052831302,0.8185355793274816,3,0,False,259,3,1.7953667953667953,10,241,259,7,8,1
59,OFF,7001,1108,940.0537069418227,948.4274861767003,812.7670925292238,870.2420372149945,829.0439487623587,0.848423923232692,0.8559814857190436,0.144018514280956,0.08366750598436544,8,0,False,99,17,5.404040404040404,61,84,99,8,4,3
59,OFF,7002,1188,1060.1174298877395,1103.2997241959517,960.3964283157576,1063.027497597268,1001.6774455754968,0.8923547389627436,0.9287034715454139,0.071296528454586,0.05203896476356652,4,0,False,64,16,8.109375,60,49,64,3,5,4
59,OFF,7003,728,635.4962229682515,646.9667998548496,563.99735075761,606.7002077036508,577.6230323457054,0.8729343722091366,0.8886906591412769,0.11130934085872378,0.06310545781862156,7,0,False,58,10,5.844827586206897,61,49,58,0,2,0
59,ON,7001,197,109.25525352939295,63.834305718342556,63.51931538823022,28.132917139082828,37.64650894882629,0.5545951955806748,0.32403200872255106,0.6759679912774492,0.835874635339178,1,0,False,253,0,1.6600790513833992,7,235,253,4,4,1
59,ON,7002,329,190.93526202474254,89.824267553245,115.07239410865911,37.79042391100309,55.13367673417106,0.5803503405007372,0.2730220898274924,0.726977910172508,0.8737907858574436,4,0,False,232,5,1.9525862068965518,15,220,232,6,4,2
59,ON,7003,164,91.00708379968059,53.89868491578594,53.537723438284004,23.65388651438638,31.717350107919753,0.5549212426809792,0.3286505177791826,0.6713494822208175,0.9001731707112445,3,0,False,262,0,1.534351145038168,6,247,262,6,3,2
60,OFF,7001,374,269.6402945505866,154.66412337097918,198.6444231700401,86.25427909603603,116.68925737700093,0.7209633544133331,0.41354043682079994,0.5864595631792001,0.24801204347196223,22,0,False,225,6,2.16,11,216,225,13,10,1
60,OFF,7002,385,276.0065622316059,149.42646760445703,203.27486500721272,82.38446700208938,113.1023398488409,0.7169001616405348,0.38812069507651176,0.6118793049234885,0.24808856898385398,27,0,False,214,8,2.191588785046729,11,193,214,7,10,1
60,OFF,7003,369,265.78237130022626,158.99415972766997,196.20639673186324,92.26515282376523,120.94828183708776,0.7202774289979031,0.4308784816468021,0.5691215183531981,0.22287215104402602,22,0,False,222,4,2.171171171171171,10,207,222,8,7,2
60,ON,7001,222,121.93413219257604,64.3784149502746,70.02849545843947,27.793418769887783,37.45421361281065,0.5492528477143065,0.2899928601363721,0.7100071398636281,0.8327813479563102,1,0,False,265,1,1.6981132075471699,8,247,265,6,7,0
60,ON,7002,183,100.53925749345386,53.67058438038626,58.154320654287744,22.04984968730217,31.295958691651375,0.5493948496910047,0.2932818818600342,0.7067181181399661,0.8809156693314453,0,0,False,247,2,1.611336032388664,9,232,247,2,3,1
60,ON,7003,256,139.7264129690476,73.22571031623845,79.91317283351673,30.54662057601377,42.710117309753876,0.5458063006603422,0.28603793092280644,0.7139620690771941,0.8318234994329325,1,0,False,248,1,1.8306451612903225,8,242,248,9,5,1
61,OFF,7001,586,426.4040432332355,335.9220890720214,318.14880459483646,237.2401315445549,258.5384363342834,0.7276519509099582,0.5732458857884324,0.4267541142115677,0.20114832792981932,6,0,False,201,7,2.6069651741293534,34,186,201,9,11,5
61,OFF,7002,497,367.20543997395646,308.3442212571027,277.63123807227385,225.74480607469803,237.45278865872837,0.7388439436095703,0.6204109079619772,0.3795890920380227,0.19309762642822687,10,0,False,161,9,2.6335403726708075,34,152,161,9,7,0
61,OFF,7003,507,372.9875870815268,319.14754230801987,281.25868889976965,231.81618518841873,244.10269789894406,0.7356757141647471,0.629482331968481,0.3705176680315192,0.21440089933875126,6,0,False,166,11,2.644578313253012,42,157,166,6,11,0
61,ON,7001,216,118.51044161330103,64.45029889783903,68.09713937959636,27.762552211233963,37.55314148440096,0.5486594519134307,0.29838101341592144,0.7016189865840787,0.8881465705902055,1,0,False,239,2,1.6903765690376569,13,224,239,2,3,1
61,ON,7002,219,114.30439478539802,59.58434164800137,63.2020980742356,24.27768085837075,32.83090212044077,0.521937875732411,0.2720746193972665,0.7279253806027334,0.868493191298883,0,0,False,245,1,1.7306122448979593,8,230,245,6,8,0
61,ON,7003,217,114.63558076962998,58.46897157409613,64.14974831687941,22.81089660630586,32.98329107729598,0.5282745657586635,0.26944226531841536,0.7305577346815847,0.8551868982907513,2,0,False,261,1,1.685823754789272,9,246,261,6,7,0
62,OFF,7001,398,294.49229712315287,222.96537309648542,223.0672467645964,148.04172928874874,171.51176863747847,0.7399303947817911,0.5602145052675513,0.4397854947324487,0.20131889740317888,23,0,False,161,8,2.4658385093167703,17,149,161,6,2,0
62,OFF,7002,340,249.63480640460435,183.7474862534154,188.57099707761697,121.28796423142192,141.89074418713713,0.7342200188370717,0.5404337830982806,0.4595662169017198,0.21597556254303749,12,0,False,183,5,2.191256830601093,19,168,183,4,8,1
62,OFF,7003,401,296.6609221107981,229.04070145970664,224.9125385260178,158.64363191672604,178.1618362272591,0.739802798281292,0.5711738191015128,0.4288261808984872,0.1925275742943395,12,0,False,165,8,2.4727272727272727,17,156,165,8,11,0
62,ON,7001,406,245.4238745733843,100.59208900120844,152.25489708986632,39.160946145822365,62.736821064423545,0.6044923019048875,0.24776376601282865,0.7522362339871715,0.5278650349043139,3,0,False,295,3,2.047457627118644,12,277,295,10,12,5
62,ON,7002,274,167.0236766636258,70.47639003258307,104.14504740288125,29.046053918825727,44.249493885339156,0.6095754622760066,0.2572131023086973,0.742786897691303,0.5397473804044407,3,0,False,317,0,1.750788643533123,7,302,317,10,11,4
62,ON,7003,359,219.17468910825642,90.14276020015802,137.19691760259028,36.49508888336524,56.63566632518331,0.6105144543405471,0.25109403955475773,0.7489059604452426,0.49589209661948325,7,0,False,309,3,1.919093851132686,9,285,309,11,12,2
63,OFF,7001,760,692.6893384464239,728.8940444335274,638.3367297385158,709.453346939833,669.9321952093877,0.9114333400610841,0.9590711110967466,0.04092888890325235,0.03330056014636576,0,0,False,27,9,11.444444444444445,61,18,27,0,3,0
63,OFF,7002,733,659.403576190962,685.4986531408047,600.5654442468826,662.5297163881995,625.5952338768885,0.8995956018976289,0.9351959797282464,0.06480402027175328,0.03330952349441238,1,0,False,28,9,10.857142857142858,61,19,28,0,5,0
63,OFF,7003,716,615.074860455212,637.9073150159016,536.0154794864093,594.0109917535482,557.2292207200883,0.8590431011944303,0.8909320042121531,0.10906799578784641,0.04789898690474415,7,0,False,29,9,10.448275862068966,61,23,29,0,8,0
63,ON,7001,346,209.79193033512064,89.84786003735913,130.77809460926656,35.951997518581535,55.73011332982294,0.606335058772025,0.2596758960617316,0.7403241039382686,0.5396698816106056,5,0,False,303,1,1.9075907590759076,8,282,303,12,7,2
63,ON,7002,323,200.1486489081099,90.61772070084133,127.12172012183596,38.09902424920687,58.11743118804418,0.61965525977743,0.28055021888805365,0.7194497811119465,0.5073450751264377,3,0,False,315,1,1.8571428571428572,9,300,315,8,9,1
63,ON,7003,345,217.11071914307288,100.07273721930753,139.3702400387502,43.27158562943108,64.85768884646359,0.6293064322987619,0.2900659049835001,0.7099340950165003,0.45071337084308927,6,0,False,324,1,1.873456790123457,9,297,324,13,12,10
