world,point,seed,split,stop,kY,muY,steps,first_birth,n_births,extinct,first_S,first_P,n_S_episodes,max_S_duration,integrity_ok,median_separation_during_S,dur_ok_T_50,noP_ok_T_50,resp_ok_T_50,event_step_T_50,weak_centre_X_ratio_T_50,P_before_event_T_50,newer_centre_is_weaker_T_50,joint_timing_T_50,PRIMARY_SUCCESS_T_50,dur_ok_T_primary,noP_ok_T_primary,resp_ok_T_primary,event_step_T_primary,weak_centre_X_ratio_T_primary,P_before_event_T_primary,newer_centre_is_weaker_T_primary,joint_timing_T_primary,PRIMARY_SUCCESS_T_primary,dur_ok_T_80,noP_ok_T_80,resp_ok_T_80,event_step_T_80,weak_centre_X_ratio_T_80,P_before_event_T_80,newer_centre_is_weaker_T_80,joint_timing_T_80,PRIMARY_SUCCESS_T_80,dur_ok_T_90,noP_ok_T_90,resp_ok_T_90,event_step_T_90,weak_centre_X_ratio_T_90,P_before_event_T_90,newer_centre_is_weaker_T_90,joint_timing_T_90,PRIMARY_SUCCESS_T_90,PRIMARY_SUCCESS
F_B1_i000_s957445270,B1,957445270,FDFLT01_PRIMARY,EXTINCT,2.5118864315095822e-05,9.261187281287937e-05,3376,-1,0,True,-1,-1,0,0,True,,False,False,False,-1,,,,False,False,False,False,False,-1,,,,False,False,False,False,False,-1,,,,False,False,False,False,False,-1,,,,False,False,False
F_B1_i001_s970004366,B1,970004366,FDFLT01_PRIMARY,EXTINCT,2.5118864315095822e-05,9.261187281287937e-05,1860,-1,0,True,-1,-1,0,0,True,,False,False,False,-1,,,,False,False,False,False,False,-1,,,,False,False,False,False,False,-1,,,,False,False,False,False,False,-1,,,,False,False,False
F_B1_i002_s988988689,B1,988988689,FDFLT01_PRIMARY,HORIZON,2.5118864315095822e-05,9.261187281287937e-05,11000,5313,1,False,5530,-1,2,759,True,13.0,True,True,True,5706,0.8607594936708861,False,,True,True,True,True,True,5783,0.6666666666666666,False,,True,True,True,True,True,5935,1.0,False,,True,True,True,True,False,6108,0.7789473684210526,False,,True,False,True
F_B1_i003_s961814942,B1,961814942,FDFLT01_PRIMARY,EXTINCT,2.5118864315095822e-05,9.261187281287937e-05,3074,-1,0,True,-1,-1,0,0,True,,False,False,False,-1,,,,False,False,False,False,False,-1,,,,False,False,False,False,False,-1,,,,False,False,False,False,False,-1,,,,False,False,False
F_B1_i004_s946152229,B1,946152229,FDFLT01_PRIMARY,PREMATURE_THIRD_CENTRE,2.5118864315095822e-05,9.261187281287937e-05,10860,6736,2,False,6872,10859,1,3987,True,15.264337522473747,True,True,True,7044,0.6914893617021277,False,,True,True,True,True,True,7121,0.6931818181818182,False,,True,True,True,True,False,7273,0.6707317073170732,False,,True,False,True,True,False,7446,0.78125,False,,True,False,True
F_B1_i005_s943967510,B1,943967510,FDFLT01_PRIMARY,EXTINCT,2.5118864315095822e-05,9.261187281287937e-05,4162,-1,0,True,-1,-1,0,0,True,,False,False,False,-1,,,,False,False,False,False,False,-1,,,,False,False,False,False,False,-1,,,,False,False,False,False,False,-1,,,,False,False,False
F_B1_i006_s979089558,B1,979089558,FDFLT01_PRIMARY,EXTINCT,2.5118864315095822e-05,9.261187281287937e-05,881,-1,0,True,-1,-1,0,0,True,,False,False,False,-1,,,,False,False,False,False,False,-1,,,,False,False,False,False,False,-1,,,,False,False,False,False,False,-1,,,,False,False,False
F_B1_i007_s968316868,B1,968316868,FDFLT01_PRIMARY,PREMATURE_THIRD_CENTRE,2.5118864315095822e-05,9.261187281287937e-05,2917,2359,2,False,2434,2916,1,482,True,12.103559819694368,True,True,True,2606,0.825,False,,True,True,True,True,True,2683,0.8241758241758241,False,,True,True,True,True,False,2835,0.4943820224719101,False,,True,False,False,False,False,-1,,,,False,False,True
F_B1_i008_s945930282,B1,945930282,FDFLT01_PRIMARY,EXTINCT,2.5118864315095822e-05,9.261187281287937e-05,9990,1906,1,True,2119,-1,11,594,True,10.816653826391969,True,True,True,2291,0.987012987012987,False,,True,True,True,True,True,2368,0.9302325581395349,False,,True,True,True,True,True,2927,0.8734177215189873,False,,True,True,True,True,False,3100,0.7191011235955056,False,,True,False,True
F_B1_i009_s973611054,B1,973611054,FDFLT01_PRIMARY,EXTINCT,2.5118864315095822e-05,9.261187281287937e-05,84,-1,0,True,-1,-1,0,0,True,,False,False,False,-1,,,,False,False,False,False,False,-1,,,,False,False,False,False,False,-1,,,,False,False,False,False,False,-1,,,,False,False,False
F_B1_i010_s962643173,B1,962643173,FDFLT01_PRIMARY,HORIZON,2.5118864315095822e-05,9.261187281287937e-05,11000,1707,2,False,1806,-1,2,6693,True,16.401219466856727,True,True,True,1987,0.5,False,,True,True,True,True,True,2064,0.6494845360824743,False,,True,True,True,True,True,2216,0.9775280898876404,False,,True,True,True,True,True,2389,0.9666666666666667,False,,True,True,True
F_B1_i011_s989617139,B1,989617139,FDFLT01_PRIMARY,PREMATURE_THIRD_CENTRE,2.5118864315095822e-05,9.261187281287937e-05,9353,6470,2,False,6713,9352,8,871,True,8.54400374531753,True,True,True,6885,0.6759259259259259,False,,True,True,True,True,True,7658,0.8461538461538461,False,,True,True,True,True,True,7810,0.8266666666666667,False,,True,True,True,True,False,7983,0.8817204301075269,False,,True,False,True
F_B1_i012_s952784215,B1,952784215,FDFLT01_PRIMARY,HORIZON,2.5118864315095822e-05,9.261187281287937e-05,11000,-1,0,False,-1,-1,0,0,True,,False,False,False,-1,,,,False,False,False,False,False,-1,,,,False,False,False,False,False,-1,,,,False,False,False,False,False,-1,,,,False,False,False
F_B1_i013_s972203375,B1,972203375,FDFLT01_PRIMARY,EXTINCT,2.5118864315095822e-05,9.261187281287937e-05,7593,-1,0,True,-1,-1,0,0,True,,False,False,False,-1,,,,False,False,False,False,False,-1,,,,False,False,False,False,False,-1,,,,False,False,False,False,False,-1,,,,False,False,False
F_B1_i014_s966437242,B1,966437242,FDFLT01_PRIMARY,PREMATURE_THIRD_CENTRE,2.5118864315095822e-05,9.261187281287937e-05,6722,3067,2,False,3639,6721,4,1988,True,12.0,True,True,True,3811,0.5061728395061729,False,,True,True,True,True,True,3888,0.863013698630137,False,,True,True,True,True,True,4040,0.7954545454545454,False,,True,True,True,True,True,4213,0.9156626506024096,False,,True,True,True
F_B1_i015_s943319643,B1,943319643,FDFLT01_PRIMARY,EXTINCT,2.5118864315095822e-05,9.261187281287937e-05,328,-1,0,True,-1,-1,0,0,True,,False,False,False,-1,,,,False,False,False,False,False,-1,,,,False,False,False,False,False,-1,,,,False,False,False,False,False,-1,,,,False,False,False
F_B1_i016_s953332908,B1,953332908,FDFLT01_PRIMARY,HORIZON,2.5118864315095822e-05,9.261187281287937e-05,11000,-1,0,False,-1,-1,0,0,True,,False,False,False,-1,,,,False,False,False,False,False,-1,,,,False,False,False,False,False,-1,,,,False,False,False,False,False,-1,,,,False,False,False
F_B1_i017_s970194330,B1,970194330,FDFLT01_PRIMARY,EXTINCT,2.5118864315095822e-05,9.261187281287937e-05,829,-1,0,True,-1,-1,0,0,True,,False,False,False,-1,,,,False,False,False,False,False,-1,,,,False,False,False,False,False,-1,,,,False,False,False,False,False,-1,,,,False,False,False
F_B1_i018_s950676749,B1,950676749,FDFLT01_PRIMARY,EXTINCT,2.5118864315095822e-05,9.261187281287937e-05,8589,6216,1,True,6357,-1,11,832,True,11.180339887498949,True,True,True,7145,0.7804878048780488,False,,True,True,True,True,True,7222,0.9583333333333334,False,,True,True,True,True,True,7374,0.8260869565217391,False,,True,True,True,True,True,7547,0.9146341463414634,False,,True,True,True
F_B1_i019_s966013278,B1,966013278,FDFLT01_PRIMARY,EXTINCT,2.5118864315095822e-05,9.261187281287937e-05,1576,-1,0,True,-1,-1,0,0,True,,False,False,False,-1,,,,False,False,False,False,False,-1,,,,False,False,False,False,False,-1,,,,False,False,False,False,False,-1,,,,False,False,False
F_B1_i020_s977709568,B1,977709568,FDFLT01_PRIMARY,EXTINCT,2.5118864315095822e-05,9.261187281287937e-05,5301,-1,0,True,-1,-1,0,0,True,,False,False,False,-1,,,,False,False,False,False,False,-1,,,,False,False,False,False,False,-1,,,,False,False,False,False,False,-1,,,,False,False,False
F_B1_i021_s978508517,B1,978508517,FDFLT01_PRIMARY,PREMATURE_THIRD_CENTRE,2.5118864315095822e-05,9.261187281287937e-05,8023,2797,3,False,3143,8022,15,1736,True,14.035668847618199,True,True,True,3439,0.5975609756097561,False,,True,True,True,True,True,3516,0.1,False,,True,True,True,True,False,3668,0.6712328767123288,False,,True,False,True,True,False,3841,0.8554216867469879,False,,True,False,True
F_B1_i022_s947486150,B1,947486150,FDFLT01_PRIMARY,HORIZON,2.5118864315095822e-05,9.261187281287937e-05,11000,1837,1,False,2075,-1,8,1001,True,9.219544457292887,True,True,True,2259,0.6296296296296297,False,,True,True,True,True,True,2336,0.9263157894736842,False,,True,True,True,True,True,2488,0.883495145631068,False,,True,True,True,True,False,2661,0.8061224489795918,False,,True,False,True
F_B1_i023_s974354895,B1,974354895,FDFLT01_PRIMARY,EXTINCT,2.5118864315095822e-05,9.261187281287937e-05,9774,-1,0,True,-1,-1,0,0,True,,False,False,False,-1,,,,False,False,False,False,False,-1,,,,False,False,False,False,False,-1,,,,False,False,False,False,False,-1,,,,False,False,False
F_B1_i024_s956793881,B1,956793881,FDFLT01_PRIMARY,HORIZON,2.5118864315095822e-05,9.261187281287937e-05,11000,1526,1,False,1751,-1,15,4728,True,15.811388300841896,True,True,True,1932,0.7843137254901961,False,,True,True,True,True,False,2009,0.5851063829787234,False,,True,False,True,True,False,2520,0.6372549019607843,False,,True,False,True,True,True,2693,0.8333333333333334,False,,True,True,False
F_B1_i025_s948462578,B1,948462578,FDFLT01_PRIMARY,PREMATURE_THIRD_CENTRE,2.5118864315095822e-05,9.261187281287937e-05,2428,1581,2,False,1761,2427,2,657,True,9.0,True,True,True,1942,0.6116504854368932,False,,True,True,True,True,True,2019,0.8210526315789474,False,,True,True,True,True,True,2171,0.872093023255814,False,,True,True,True,True,False,2344,0.5789473684210527,False,,True,False,True
F_B1_i026_s986941919,B1,986941919,FDFLT01_PRIMARY,EXTINCT,2.5118864315095822e-05,9.261187281287937e-05,1768,-1,0,True,-1,-1,0,0,True,,False,False,False,-1,,,,False,False,False,False,False,-1,,,,False,False,False,False,False,-1,,,,False,False,False,False,False,-1,,,,False,False,False
F_B1_i027_s960671594,B1,960671594,FDFLT01_PRIMARY,EXTINCT,2.5118864315095822e-05,9.261187281287937e-05,214,-1,0,True,-1,-1,0,0,True,,False,False,False,-1,,,,False,False,False,False,False,-1,,,,False,False,False,False,False,-1,,,,False,False,False,False,False,-1,,,,False,False,False
F_B1_i028_s988179390,B1,988179390,FDFLT01_PRIMARY,EXTINCT,2.5118864315095822e-05,9.261187281287937e-05,2950,-1,0,True,-1,-1,0,0,True,,False,False,False,-1,,,,False,False,False,False,False,-1,,,,False,False,False,False,False,-1,,,,False,False,False,False,False,-1,,,,False,False,False
F_B1_i029_s968603642,B1,968603642,FDFLT01_PRIMARY,PREMATURE_THIRD_CENTRE,2.5118864315095822e-05,9.261187281287937e-05,8701,83,2,False,138,8700,9,6623,True,15.811388300841896,True,True,True,578,0.8095238095238095,False,,True,True,True,True,True,655,0.9863013698630136,False,,True,True,True,True,False,807,0.3670886075949367,False,,True,False,True,True,True,980,0.7922077922077922,False,,True,True,True
F_B1_i030_s969919680,B1,969919680,FDFLT01_PRIMARY,HORIZON,2.5118864315095822e-05,9.261187281287937e-05,11000,-1,0,False,-1,-1,0,0,True,,False,False,False,-1,,,,False,False,False,False,False,-1,,,,False,False,False,False,False,-1,,,,False,False,False,False,False,-1,,,,False,False,False
F_B1_i031_s969526996,B1,969526996,FDFLT01_PRIMARY,EXTINCT,2.5118864315095822e-05,9.261187281287937e-05,3976,-1,0,True,-1,-1,0,0,True,,False,False,False,-1,,,,False,False,False,False,False,-1,,,,False,False,False,False,False,-1,,,,False,False,False,False,False,-1,,,,False,False,False
F_B1_i032_s962016646,B1,962016646,FDFLT01_PRIMARY,PREMATURE_THIRD_CENTRE,2.5118864315095822e-05,9.261187281287937e-05,3694,2568,2,False,2717,3693,3,608,True,10.44030650891055,True,True,True,3257,0.7735849056603774,False,,True,True,True,True,True,3334,0.9897959183673469,False,,True,True,True,True,True,3486,0.9054054054054054,False,,True,True,True,True,False,3659,0.7478991596638656,False,,True,False,True
F_B1_i033_s946812865,B1,946812865,FDFLT01_PRIMARY,HORIZON,2.5118864315095822e-05,9.261187281287937e-05,11000,-1,0,False,-1,-1,0,0,True,,False,False,False,-1,,,,False,False,False,False,False,-1,,,,False,False,False,False,False,-1,,,,False,False,False,False,False,-1,,,,False,False,False
F_B1_i034_s953392366,B1,953392366,FDFLT01_PRIMARY,HORIZON,2.5118864315095822e-05,9.261187281287937e-05,11000,8298,1,False,8404,-1,3,2561,True,14.317821063276353,True,True,True,8611,0.8850574712643678,False,,True,True,True,True,True,8688,0.9081632653061225,False,,True,True,True,True,False,8840,0.691358024691358,False,,True,False,True,True,True,9013,0.9076923076923077,False,,True,True,True
F_B1_i035_s967193487,B1,967193487,FDFLT01_PRIMARY,EXTINCT,2.5118864315095822e-05,9.261187281287937e-05,7261,-1,0,True,-1,-1,0,0,True,,False,False,False,-1,,,,False,False,False,False,False,-1,,,,False,False,False,False,False,-1,,,,False,False,False,False,False,-1,,,,False,False,False
F_B1_i036_s973479703,B1,973479703,FDFLT01_PRIMARY,HORIZON,2.5118864315095822e-05,9.261187281287937e-05,11000,4521,1,False,4689,-1,41,1243,True,9.055385138137417,True,True,True,5267,0.75,False,,True,True,True,True,True,5344,0.782608695652174,False,,True,True,True,True,True,5496,0.9318181818181818,False,,True,True,True,True,False,5669,0.7604166666666666,False,,True,False,True
F_B1_i037_s978440800,B1,978440800,FDFLT01_PRIMARY,EXTINCT,2.5118864315095822e-05,9.261187281287937e-05,653,-1,0,True,-1,-1,0,0,True,,False,False,False,-1,,,,False,False,False,False,False,-1,,,,False,False,False,False,False,-1,,,,False,False,False,False,False,-1,,,,False,False,False
F_B1_i038_s946686142,B1,946686142,FDFLT01_PRIMARY,EXTINCT,2.5118864315095822e-05,9.261187281287937e-05,8998,-1,0,True,-1,-1,0,0,True,,False,False,False,-1,,,,False,False,False,False,False,-1,,,,False,False,False,False,False,-1,,,,False,False,False,False,False,-1,,,,False,False,False
F_B1_i039_s951894761,B1,951894761,FDFLT01_PRIMARY,HORIZON,2.5118864315095822e-05,9.261187281287937e-05,11000,1400,1,False,1465,-1,2,6765,True,16.76305461424021,True,True,True,1708,0.6947368421052632,False,,True,True,True,True,True,1785,1.0,False,,True,True,True,True,False,1937,0.6086956521739131,False,,True,False,True,True,False,2110,0.6582278481012658,False,,True,False,True
F_B1_i040_s968090434,B1,968090434,FDFLT01_PRIMARY,PREMATURE_THIRD_CENTRE,2.5118864315095822e-05,9.261187281287937e-05,6596,5379,2,False,5784,6595,5,233,True,7.280109889280518,True,True,True,5966,0.9487179487179487,False,,True,True,False,False,False,-1,,,,False,False,False,False,False,-1,,,,False,False,False,False,False,-1,,,,False,False,False
F_B1_i041_s963936993,B1,963936993,FDFLT01_PRIMARY,EXTINCT,2.5118864315095822e-05,9.261187281287937e-05,5294,-1,0,True,-1,-1,0,0,True,,False,False,False,-1,,,,False,False,False,False,False,-1,,,,False,False,False,False,False,-1,,,,False,False,False,False,False,-1,,,,False,False,False
F_B1_i042_s969926790,B1,969926790,FDFLT01_PRIMARY,EXTINCT,2.5118864315095822e-05,9.261187281287937e-05,1838,-1,0,True,-1,-1,0,0,True,,False,False,False,-1,,,,False,False,False,False,False,-1,,,,False,False,False,False,False,-1,,,,False,False,False,False,False,-1,,,,False,False,False
F_B1_i043_s984288330,B1,984288330,FDFLT01_PRIMARY,EXTINCT,2.5118864315095822e-05,9.261187281287937e-05,4336,-1,0,True,-1,-1,0,0,True,,False,False,False,-1,,,,False,False,False,False,False,-1,,,,False,False,False,False,False,-1,,,,False,False,False,False,False,-1,,,,False,False,False
F_B1_i044_s983372424,B1,983372424,FDFLT01_PRIMARY,PREMATURE_THIRD_CENTRE,2.5118864315095822e-05,9.261187281287937e-05,2891,2412,2,False,2756,2890,6,47,True,6.4031242374328485,False,False,False,-1,,,,False,False,False,False,False,-1,,,,False,False,False,False,False,-1,,,,False,False,False,False,False,-1,,,,False,False,False
F_B1_i045_s950338079,B1,950338079,FDFLT01_PRIMARY,HORIZON,2.5118864315095822e-05,9.261187281287937e-05,11000,-1,0,False,-1,-1,0,0,True,,False,False,False,-1,,,,False,False,False,False,False,-1,,,,False,False,False,False,False,-1,,,,False,False,False,False,False,-1,,,,False,False,False
F_B1_i046_s980048187,B1,980048187,FDFLT01_PRIMARY,EXTINCT,2.5118864315095822e-05,9.261187281287937e-05,5562,-1,0,True,-1,-1,0,0,True,,False,False,False,-1,,,,False,False,False,False,False,-1,,,,False,False,False,False,False,-1,,,,False,False,False,False,False,-1,,,,False,False,False
F_B1_i047_s977830424,B1,977830424,FDFLT01_PRIMARY,HORIZON,2.5118864315095822e-05,9.261187281287937e-05,11000,-1,0,False,-1,-1,0,0,True,,False,False,False,-1,,,,False,False,False,False,False,-1,,,,False,False,False,False,False,-1,,,,False,False,False,False,False,-1,,,,False,False,False
F_B1_i048_s979215862,B1,979215862,FDFLT01_PRIMARY,PREMATURE_THIRD_CENTRE,2.5118864315095822e-05,9.261187281287937e-05,5462,1282,2,False,1464,5461,22,1833,True,10.44030650891055,True,True,True,2035,0.7032967032967034,False,,True,True,True,True,True,2112,0.8505747126436781,False,,True,True,True,True,True,2264,1.0,False,,True,True,True,True,False,2437,0.7311827956989247,False,,True,False,True
F_B1_i049_s964951386,B1,964951386,FDFLT01_PRIMARY,EXTINCT,2.5118864315095822e-05,9.261187281287937e-05,2705,-1,0,True,-1,-1,0,0,True,,False,False,False,-1,,,,False,False,False,False,False,-1,,,,False,False,False,False,False,-1,,,,False,False,False,False,False,-1,,,,False,False,False
F_B1_i050_s978576820,B1,978576820,FDFLT01_PRIMARY,EXTINCT,2.5118864315095822e-05,9.261187281287937e-05,3586,-1,0,True,-1,-1,0,0,True,,False,False,False,-1,,,,False,False,False,False,False,-1,,,,False,False,False,False,False,-1,,,,False,False,False,False,False,-1,,,,False,False,False
F_B1_i051_s974634142,B1,974634142,FDFLT01_PRIMARY,EXTINCT,2.5118864315095822e-05,9.261187281287937e-05,8206,-1,0,True,-1,-1,0,0,True,,False,False,False,-1,,,,False,False,False,False,False,-1,,,,False,False,False,False,False,-1,,,,False,False,False,False,False,-1,,,,False,False,False
F_B1_i052_s975584860,B1,975584860,FDFLT01_PRIMARY,HORIZON,2.5118864315095822e-05,9.261187281287937e-05,11000,5560,1,False,5706,-1,2,952,True,9.055385138137417,True,True,True,5950,0.8823529411764706,False,,True,True,True,True,True,6027,0.7684210526315789,False,,True,True,True,True,False,6179,0.75,False,,True,False,True,True,False,6352,0.8333333333333334,False,,True,False,True
F_B1_i053_s949711709,B1,949711709,FDFLT01_PRIMARY,EXTINCT,2.5118864315095822e-05,9.261187281287937e-05,7530,-1,0,True,-1,-1,0,0,True,,False,False,False,-1,,,,False,False,False,False,False,-1,,,,False,False,False,False,False,-1,,,,False,False,False,False,False,-1,,,,False,False,False
F_B1_i054_s958177789,B1,958177789,FDFLT01_PRIMARY,HORIZON,2.5118864315095822e-05,9.261187281287937e-05,11000,1914,1,False,2075,-1,17,995,True,8.602325267042627,True,True,True,2320,0.9577464788732394,False,,True,True,True,True,True,2397,0.9130434782608695,False,,True,True,True,True,True,2549,0.958904109589041,False,,True,True,True,True,False,2722,0.8404255319148937,False,,True,False,True
F_B1_i055_s975909813,B1,975909813,FDFLT01_PRIMARY,EXTINCT,2.5118864315095822e-05,9.261187281287937e-05,233,-1,0,True,-1,-1,0,0,True,,False,False,False,-1,,,,False,False,False,False,False,-1,,,,False,False,False,False,False,-1,,,,False,False,False,False,False,-1,,,,False,False,False
F_B1_i056_s952516722,B1,952516722,FDFLT01_PRIMARY,HORIZON,2.5118864315095822e-05,9.261187281287937e-05,11000,8017,1,False,8039,-1,11,2599,True,18.439088914585774,True,True,True,8573,0.8314606741573034,False,,True,True,True,True,False,8650,0.4155844155844156,False,,True,False,True,True,False,8802,0.5903614457831325,False,,True,False,True,True,False,8975,0.6699029126213593,False,,True,False,False
F_B1_i057_s986099531,B1,986099531,FDFLT01_PRIMARY,HORIZON,2.5118864315095822e-05,9.261187281287937e-05,11000,-1,0,False,-1,-1,0,0,True,,False,False,False,-1,,,,False,False,False,False,False,-1,,,,False,False,False,False,False,-1,,,,False,False,False,False,False,-1,,,,False,False,False
F_B1_i058_s961537578,B1,961537578,FDFLT01_PRIMARY,EXTINCT,2.5118864315095822e-05,9.261187281287937e-05,8,-1,0,True,-1,-1,0,0,True,,False,False,False,-1,,,,False,False,False,False,False,-1,,,,False,False,False,False,False,-1,,,,False,False,False,False,False,-1,,,,False,False,False
F_B1_i059_s987956295,B1,987956295,FDFLT01_PRIMARY,EXTINCT,2.5118864315095822e-05,9.261187281287937e-05,4735,1435,1,True,1457,-1,11,222,True,6.4031242374328485,True,True,False,1745,0.3786407766990291,False,,True,False,False,False,False,-1,,,,False,False,False,False,False,-1,,,,False,False,False,False,False,-1,,,,False,False,False
F_B1_i060_s971745868,B1,971745868,FDFLT01_PRIMARY,EXTINCT,2.5118864315095822e-05,9.261187281287937e-05,8010,3432,1,True,3652,-1,9,3026,True,16.0312195418814,True,True,True,4217,0.8809523809523809,False,,True,True,True,True,True,4294,0.725,False,,True,True,True,True,True,4446,0.8846153846153846,False,,True,True,True,True,False,4619,0.8405797101449275,False,,True,False,True
F_B1_i061_s970706015,B1,970706015,FDFLT01_PRIMARY,EXTINCT,2.5118864315095822e-05,9.261187281287937e-05,364,-1,0,True,-1,-1,0,0,True,,False,False,False,-1,,,,False,False,False,False,False,-1,,,,False,False,False,False,False,-1,,,,False,False,False,False,False,-1,,,,False,False,False
F_B1_i062_s949689767,B1,949689767,FDFLT01_PRIMARY,HORIZON,2.5118864315095822e-05,9.261187281287937e-05,11000,329,1,False,355,-1,28,5375,True,14.212670403551895,True,True,True,875,1.0,False,,True,True,True,True,True,952,0.9879518072289156,False,,True,True,True,True,True,1104,0.8941176470588236,False,,True,True,True,True,False,1835,0.4788732394366197,False,,True,False,True
F_B1_i063_s957115157,B1,957115157,FDFLT01_PRIMARY,EXTINCT,2.5118864315095822e-05,9.261187281287937e-05,1560,-1,0,True,-1,-1,0,0,True,,False,False,False,-1,,,,False,False,False,False,False,-1,,,,False,False,False,False,False,-1,,,,False,False,False,False,False,-1,,,,False,False,False
F_B1_i064_s983477522,B1,983477522,FDFLT01_PRIMARY,EXTINCT,2.5118864315095822e-05,9.261187281287937e-05,5526,-1,0,True,-1,-1,0,0,True,,False,False,False,-1,,,,False,False,False,False,False,-1,,,,False,False,False,False,False,-1,,,,False,False,False,False,False,-1,,,,False,False,False
F_B1_i065_s974318172,B1,974318172,FDFLT01_PRIMARY,EXTINCT,2.5118864315095822e-05,9.261187281287937e-05,6788,-1,0,True,-1,-1,0,0,True,,False,False,False,-1,,,,False,False,False,False,False,-1,,,,False,False,False,False,False,-1,,,,False,False,False,False,False,-1,,,,False,False,False
F_B1_i066_s966708531,B1,966708531,FDFLT01_PRIMARY,HORIZON,2.5118864315095822e-05,9.261187281287937e-05,11000,-1,0,False,-1,-1,0,0,True,,False,False,False,-1,,,,False,False,False,False,False,-1,,,,False,False,False,False,False,-1,,,,False,False,False,False,False,-1,,,,False,False,False
F_B1_i067_s989764175,B1,989764175,FDFLT01_PRIMARY,HORIZON,2.5118864315095822e-05,9.261187281287937e-05,11000,563,1,False,658,-1,43,2643,True,10.63014581273465,True,True,True,1824,0.19658119658119658,False,,True,True,True,True,True,1901,0.4666666666666667,False,,True,True,True,True,True,2053,0.49504950495049505,False,,True,True,True,True,True,2226,0.9882352941176471,False,,True,True,True
F_B1_i068_s972977211,B1,972977211,FDFLT01_PRIMARY,EXTINCT,2.5118864315095822e-05,9.261187281287937e-05,1326,-1,0,True,-1,-1,0,0,True,,False,False,False,-1,,,,False,False,False,False,False,-1,,,,False,False,False,False,False,-1,,,,False,False,False,False,False,-1,,,,False,False,False
F_B1_i069_s972544349,B1,972544349,FDFLT01_PRIMARY,EXTINCT,2.5118864315095822e-05,9.261187281287937e-05,5240,-1,0,True,-1,-1,0,0,True,,False,False,False,-1,,,,False,False,False,False,False,-1,,,,False,False,False,False,False,-1,,,,False,False,False,False,False,-1,,,,False,False,False
F_B1_i070_s953642056,B1,953642056,FDFLT01_PRIMARY,EXTINCT,2.5118864315095822e-05,9.261187281287937e-05,3437,-1,0,True,-1,-1,0,0,True,,False,False,False,-1,,,,False,False,False,False,False,-1,,,,False,False,False,False,False,-1,,,,False,False,False,False,False,-1,,,,False,False,False
F_B1_i071_s965276389,B1,965276389,FDFLT01_PRIMARY,EXTINCT,2.5118864315095822e-05,9.261187281287937e-05,2178,-1,0,True,-1,-1,0,0,True,,False,False,False,-1,,,,False,False,False,False,False,-1,,,,False,False,False,False,False,-1,,,,False,False,False,False,False,-1,,,,False,False,False
F_B1_i072_s988294562,B1,988294562,FDFLT01_PRIMARY,HORIZON,2.5118864315095822e-05,9.261187281287937e-05,11000,-1,0,False,-1,-1,0,0,True,,False,False,False,-1,,,,False,False,False,False,False,-1,,,,False,False,False,False,False,-1,,,,False,False,False,False,False,-1,,,,False,False,False
F_B1_i073_s960739485,B1,960739485,FDFLT01_PRIMARY,EXTINCT,2.5118864315095822e-05,9.261187281287937e-05,8612,-1,0,True,-1,-1,0,0,True,,False,False,False,-1,,,,False,False,False,False,False,-1,,,,False,False,False,False,False,-1,,,,False,False,False,False,False,-1,,,,False,False,False
F_B1_i074_s987574137,B1,987574137,FDFLT01_PRIMARY,EXTINCT,2.5118864315095822e-05,9.261187281287937e-05,10430,-1,0,True,-1,-1,0,0,True,,False,False,False,-1,,,,False,False,False,False,False,-1,,,,False,False,False,False,False,-1,,,,False,False,False,False,False,-1,,,,False,False,False
F_B1_i075_s949609438,B1,949609438,FDFLT01_PRIMARY,HORIZON,2.5118864315095822e-05,9.261187281287937e-05,11000,-1,0,False,-1,-1,0,0,True,,False,False,False,-1,,,,False,False,False,False,False,-1,,,,False,False,False,False,False,-1,,,,False,False,False,False,False,-1,,,,False,False,False
F_B1_i076_s974443890,B1,974443890,FDFLT01_PRIMARY,EXTINCT,2.5118864315095822e-05,9.261187281287937e-05,6934,2243,1,True,2302,-1,5,4448,True,12.529964086141668,True,True,True,2601,0.7608695652173914,False,,True,True,True,True,True,2678,0.9375,False,,True,True,True,True,False,2830,0.45098039215686275,False,,True,False,True,True,True,3003,0.9682539682539683,False,,True,True,True
F_B1_i077_s980931069,B1,980931069,FDFLT01_PRIMARY,EXTINCT,2.5118864315095822e-05,9.261187281287937e-05,2169,-1,0,True,-1,-1,0,0,True,,False,False,False,-1,,,,False,False,False,False,False,-1,,,,False,False,False,False,False,-1,,,,False,False,False,False,False,-1,,,,False,False,False
F_B1_i078_s957883305,B1,957883305,FDFLT01_PRIMARY,EXTINCT,2.5118864315095822e-05,9.261187281287937e-05,1674,-1,0,True,-1,-1,0,0,True,,False,False,False,-1,,,,False,False,False,False,False,-1,,,,False,False,False,False,False,-1,,,,False,False,False,False,False,-1,,,,False,False,False
F_B1_i079_s951035514,B1,951035514,FDFLT01_PRIMARY,EXTINCT,2.5118864315095822e-05,9.261187281287937e-05,390,-1,0,True,-1,-1,0,0,True,,False,False,False,-1,,,,False,False,False,False,False,-1,,,,False,False,False,False,False,-1,,,,False,False,False,False,False,-1,,,,False,False,False
F_B1_i080_s986885725,B1,986885725,FDFLT01_PRIMARY,EXTINCT,2.5118864315095822e-05,9.261187281287937e-05,6538,-1,0,True,-1,-1,0,0,True,,False,False,False,-1,,,,False,False,False,False,False,-1,,,,False,False,False,False,False,-1,,,,False,False,False,False,False,-1,,,,False,False,False
F_B1_i081_s953733080,B1,953733080,FDFLT01_PRIMARY,PREMATURE_THIRD_CENTRE,2.5118864315095822e-05,9.261187281287937e-05,9317,2945,2,False,3145,9316,25,2770,True,13.892443989449804,True,True,True,3852,0.9534883720930233,False,,True,True,True,True,True,3929,0.9883720930232558,False,,True,True,True,True,True,4506,0.12844036697247707,False,,True,True,True,True,False,4679,0.4666666666666667,False,,True,False,True
F_B1_i082_s989469523,B1,989469523,FDFLT01_PRIMARY,PREMATURE_THIRD_CENTRE,2.5118864315095822e-05,9.261187281287937e-05,3525,3198,2,False,3405,3524,3,19,True,7.810249675906654,False,False,False,-1,,,,False,False,False,False,False,-1,,,,False,False,False,False,False,-1,,,,False,False,False,False,False,-1,,,,False,False,False
F_B1_i083_s960542920,B1,960542920,FDFLT01_PRIMARY,PREMATURE_THIRD_CENTRE,2.5118864315095822e-05,9.261187281287937e-05,7709,5318,3,False,5401,7708,6,1894,True,14.422205101855956,True,True,False,5986,0.35714285714285715,False,,True,False,True,True,True,6063,0.6372549019607843,False,,True,True,True,True,True,6215,0.8153846153846154,False,,True,True,True,True,True,6388,1.0,False,,True,True,True
F_B1_i084_s957089888,B1,957089888,FDFLT01_PRIMARY,EXTINCT,2.5118864315095822e-05,9.261187281287937e-05,6684,27,1,True,184,-1,6,2946,True,15.132745950421556,True,True,True,629,0.9487179487179487,False,,True,True,True,True,True,706,0.7733333333333333,False,,True,True,True,True,True,858,0.9206349206349206,False,,True,True,True,True,False,1031,0.8448275862068966,False,,True,False,True
F_B1_i085_s941896160,B1,941896160,FDFLT01_PRIMARY,EXTINCT,2.5118864315095822e-05,9.261187281287937e-05,10728,-1,0,True,-1,-1,0,0,True,,False,False,False,-1,,,,False,False,False,False,False,-1,,,,False,False,False,False,False,-1,,,,False,False,False,False,False,-1,,,,False,False,False
F_B1_i086_s941323182,B1,941323182,FDFLT01_PRIMARY,EXTINCT,2.5118864315095822e-05,9.261187281287937e-05,8324,350,2,True,417,-1,14,1303,True,10.198039027185569,True,True,True,601,0.08860759493670886,False,,True,True,True,True,True,678,0.13793103448275862,False,,True,True,True,True,False,4173,0.5054945054945055,False,,True,False,True,True,False,4346,0.8157894736842105,False,,True,False,True
F_B1_i087_s944458331,B1,944458331,FDFLT01_PRIMARY,PREMATURE_THIRD_CENTRE,2.5118864315095822e-05,9.261187281287937e-05,1598,89,2,False,330,1597,3,849,True,16.278820596099706,True,True,True,502,1.0,False,,True,True,True,True,True,579,0.8290598290598291,False,,True,True,True,True,True,1149,0.8103448275862069,False,,True,True,True,True,False,1322,0.7790697674418605,False,,True,False,True
F_B1_i088_s989319835,B1,989319835,FDFLT01_PRIMARY,HORIZON,2.5118864315095822e-05,9.261187281287937e-05,11000,-1,0,False,-1,-1,0,0,True,,False,False,False,-1,,,,False,False,False,False,False,-1,,,,False,False,False,False,False,-1,,,,False,False,False,False,False,-1,,,,False,False,False
F_B1_i089_s973081003,B1,973081003,FDFLT01_PRIMARY,EXTINCT,2.5118864315095822e-05,9.261187281287937e-05,8573,-1,0,True,-1,-1,0,0,True,,False,False,False,-1,,,,False,False,False,False,False,-1,,,,False,False,False,False,False,-1,,,,False,False,False,False,False,-1,,,,False,False,False
F_B1_i090_s949547031,B1,949547031,FDFLT01_PRIMARY,EXTINCT,2.5118864315095822e-05,9.261187281287937e-05,7270,-1,0,True,-1,-1,0,0,True,,False,False,False,-1,,,,False,False,False,False,False,-1,,,,False,False,False,False,False,-1,,,,False,False,False,False,False,-1,,,,False,False,False
F_B1_i091_s946339136,B1,946339136,FDFLT01_PRIMARY,HORIZON,2.5118864315095822e-05,9.261187281287937e-05,11000,7950,1,False,8016,-1,21,600,True,8.06225774829855,True,True,True,8755,0.5470085470085471,False,,True,True,True,True,True,8832,0.8481012658227848,False,,True,True,True,True,True,8984,0.926829268292683,False,,True,True,True,True,True,10695,0.9113924050632911,False,,True,True,True
F_B1_i092_s942610772,B1,942610772,FDFLT01_PRIMARY,HORIZON,2.5118864315095822e-05,9.261187281287937e-05,11000,321,2,False,655,-1,30,1735,True,12.041594578792296,True,True,True,1251,0.6470588235294118,False,,True,True,True,True,True,1896,0.5,False,,True,True,True,True,True,3669,0.9264705882352942,False,,True,True,True,True,True,3842,0.9358974358974359,False,,True,True,True
F_B1_i093_s963919222,B1,963919222,FDFLT01_PRIMARY,PREMATURE_THIRD_CENTRE,2.5118864315095822e-05,9.261187281287937e-05,1888,1431,2,False,1627,1887,7,78,True,7.0710678118654755,False,False,False,-1,,,,False,False,False,False,False,-1,,,,False,False,False,False,False,-1,,,,False,False,False,False,False,-1,,,,False,False,False
F_B1_i094_s980354285,B1,980354285,FDFLT01_PRIMARY,HORIZON,2.5118864315095822e-05,9.261187281287937e-05,11000,3437,1,False,3602,-1,11,3914,True,11.704699910719626,True,True,True,3774,0.11711711711711711,False,,True,True,True,True,True,3851,0.11538461538461539,False,,True,True,True,True,True,4003,0.6666666666666666,False,,True,True,True,True,False,4176,0.8620689655172413,False,,True,False,True
F_B1_i095_s960593242,B1,960593242,FDFLT01_PRIMARY,HORIZON,2.5118864315095822e-05,9.261187281287937e-05,11000,9556,1,False,9693,-1,17,102,True,6.082762530298219,False,False,False,-1,,,,False,False,False,False,False,-1,,,,False,False,False,False,False,-1,,,,False,False,False,False,False,-1,,,,False,False,False
F_B1_i096_s964624236,B1,964624236,FDFLT01_PRIMARY,EXTINCT,2.5118864315095822e-05,9.261187281287937e-05,9602,-1,0,True,-1,-1,0,0,True,,False,False,False,-1,,,,False,False,False,False,False,-1,,,,False,False,False,False,False,-1,,,,False,False,False,False,False,-1,,,,False,False,False
F_B1_i097_s969506786,B1,969506786,FDFLT01_PRIMARY,HORIZON,2.5118864315095822e-05,9.261187281287937e-05,11000,1651,1,False,1864,-1,9,2640,True,17.69180601295413,True,True,True,2065,0.6835443037974683,False,,True,True,True,True,True,3017,0.9552238805970149,False,,True,True,True,True,True,3169,0.8805970149253731,False,,True,True,True,True,True,3342,0.984375,False,,True,True,True
F_B1_i098_s984200297,B1,984200297,FDFLT01_PRIMARY,EXTINCT,2.5118864315095822e-05,9.261187281287937e-05,4767,3112,1,True,3257,-1,1,239,True,10.44030650891055,True,True,True,3429,0.7840909090909091,False,,True,True,False,False,False,-1,,,,False,False,False,False,False,-1,,,,False,False,False,False,False,-1,,,,False,False,False
F_B1_i099_s973397780,B1,973397780,FDFLT01_PRIMARY,HORIZON,2.5118864315095822e-05,9.261187281287937e-05,11000,-1,0,False,-1,-1,0,0,True,,False,False,False,-1,,,,False,False,False,False,False,-1,,,,False,False,False,False,False,-1,,,,False,False,False,False,False,-1,,,,False,False,False
F_B1_i100_s980336166,B1,980336166,FDFLT01_PRIMARY,EXTINCT,2.5118864315095822e-05,9.261187281287937e-05,6357,-1,0,True,-1,-1,0,0,True,,False,False,False,-1,,,,False,False,False,False,False,-1,,,,False,False,False,False,False,-1,,,,False,False,False,False,False,-1,,,,False,False,False
F_B1_i101_s986288233,B1,986288233,FDFLT01_PRIMARY,EXTINCT,2.5118864315095822e-05,9.261187281287937e-05,9652,-1,0,True,-1,-1,0,0,True,,False,False,False,-1,,,,False,False,False,False,False,-1,,,,False,False,False,False,False,-1,,,,False,False,False,False,False,-1,,,,False,False,False
F_B1_i102_s963196374,B1,963196374,FDFLT01_PRIMARY,EXTINCT,2.5118864315095822e-05,9.261187281287937e-05,2904,-1,0,True,-1,-1,0,0,True,,False,False,False,-1,,,,False,False,False,False,False,-1,,,,False,False,False,False,False,-1,,,,False,False,False,False,False,-1,,,,False,False,False
F_B1_i103_s971158892,B1,971158892,FDFLT01_PRIMARY,EXTINCT,2.5118864315095822e-05,9.261187281287937e-05,4809,-1,0,True,-1,-1,0,0,True,,False,False,False,-1,,,,False,False,False,False,False,-1,,,,False,False,False,False,False,-1,,,,False,False,False,False,False,-1,,,,False,False,False
F_B1_i104_s963629591,B1,963629591,FDFLT01_PRIMARY,PREMATURE_THIRD_CENTRE,2.5118864315095822e-05,9.261187281287937e-05,7058,2234,2,False,2410,7057,3,4579,True,16.76305461424021,True,True,True,2650,0.7840909090909091,False,,True,True,True,True,True,2727,0.8902439024390244,False,,True,True,True,True,True,2879,0.9838709677419355,False,,True,True,True,True,False,3052,0.7738095238095238,False,,True,False,True
F_B1_i105_s984614245,B1,984614245,FDFLT01_PRIMARY,HORIZON,2.5118864315095822e-05,9.261187281287937e-05,11000,-1,0,False,-1,-1,0,0,True,,False,False,False,-1,,,,False,False,False,False,False,-1,,,,False,False,False,False,False,-1,,,,False,False,False,False,False,-1,,,,False,False,False
F_B1_i106_s977386908,B1,977386908,FDFLT01_PRIMARY,PREMATURE_THIRD_CENTRE,2.5118864315095822e-05,9.261187281287937e-05,7255,1080,2,False,1215,7254,8,4378,True,16.1245154965971,True,True,True,2002,0.07792207792207792,False,,True,True,True,True,True,2079,0.057971014492753624,False,,True,True,True,True,True,2231,0.06818181818181818,False,,True,True,True,True,False,2404,0.038461538461538464,False,,True,False,True
F_B1_i107_s942416815,B1,942416815,FDFLT01_PRIMARY,EXTINCT,2.5118864315095822e-05,9.261187281287937e-05,3966,-1,0,True,-1,-1,0,0,True,,False,False,False,-1,,,,False,False,False,False,False,-1,,,,False,False,False,False,False,-1,,,,False,False,False,False,False,-1,,,,False,False,False
F_B1_i108_s947981898,B1,947981898,FDFLT01_PRIMARY,PREMATURE_THIRD_CENTRE,2.5118864315095822e-05,9.261187281287937e-05,10105,1002,3,False,1207,10104,12,3431,True,16.0312195418814,True,True,True,1635,0.8227848101265823,False,,True,True,True,True,True,1712,0.9594594594594594,False,,True,True,True,True,True,1864,0.9354838709677419,False,,True,True,True,True,True,2037,0.9848484848484849,False,,True,True,True
F_B1_i109_s957123369,B1,957123369,FDFLT01_PRIMARY,EXTINCT,2.5118864315095822e-05,9.261187281287937e-05,22,-1,0,True,-1,-1,0,0,True,,False,False,False,-1,,,,False,False,False,False,False,-1,,,,False,False,False,False,False,-1,,,,False,False,False,False,False,-1,,,,False,False,False
F_B1_i110_s959359123,B1,959359123,FDFLT01_PRIMARY,EXTINCT,2.5118864315095822e-05,9.261187281287937e-05,9992,6198,1,True,6423,-1,8,2491,True,16.76305461424021,True,True,True,6757,1.0,False,,True,True,True,True,True,6834,0.6428571428571429,False,,True,True,True,True,True,6986,0.8666666666666667,False,,True,True,True,True,True,7899,0.9859154929577465,False,,True,True,True
F_B1_i111_s948970118,B1,948970118,FDFLT01_PRIMARY,EXTINCT,2.5118864315095822e-05,9.261187281287937e-05,716,-1,0,True,-1,-1,0,0,True,,False,False,False,-1,,,,False,False,False,False,False,-1,,,,False,False,False,False,False,-1,,,,False,False,False,False,False,-1,,,,False,False,False
F_B1_i112_s963149944,B1,963149944,FDFLT01_PRIMARY,HORIZON,2.5118864315095822e-05,9.261187281287937e-05,11000,-1,0,False,-1,-1,0,0,True,,False,False,False,-1,,,,False,False,False,False,False,-1,,,,False,False,False,False,False,-1,,,,False,False,False,False,False,-1,,,,False,False,False
F_B1_i113_s948364507,B1,948364507,FDFLT01_PRIMARY,HORIZON,2.5118864315095822e-05,9.261187281287937e-05,11000,-1,0,False,-1,-1,0,0,True,,False,False,False,-1,,,,False,False,False,False,False,-1,,,,False,False,False,False,False,-1,,,,False,False,False,False,False,-1,,,,False,False,False
F_B1_i114_s974435599,B1,974435599,FDFLT01_PRIMARY,EXTINCT,2.5118864315095822e-05,9.261187281287937e-05,5298,-1,0,True,-1,-1,0,0,True,,False,False,False,-1,,,,False,False,False,False,False,-1,,,,False,False,False,False,False,-1,,,,False,False,False,False,False,-1,,,,False,False,False
F_B1_i115_s957458678,B1,957458678,FDFLT01_PRIMARY,EXTINCT,2.5118864315095822e-05,9.261187281287937e-05,271,-1,0,True,-1,-1,0,0,True,,False,False,False,-1,,,,False,False,False,False,False,-1,,,,False,False,False,False,False,-1,,,,False,False,False,False,False,-1,,,,False,False,False
F_B1_i116_s968282413,B1,968282413,FDFLT01_PRIMARY,HORIZON,2.5118864315095822e-05,9.261187281287937e-05,11000,6425,1,False,6504,-1,6,4208,True,17.46424919657298,True,True,True,6964,0.9024390243902439,False,,True,True,True,True,False,7041,0.5930232558139535,False,,True,False,True,True,True,7193,0.9753086419753086,False,,True,True,True,True,False,7366,0.6375,False,,True,False,False
F_B1_i117_s974796133,B1,974796133,FDFLT01_PRIMARY,EXTINCT,2.5118864315095822e-05,9.261187281287937e-05,630,-1,0,True,-1,-1,0,0,True,,False,False,False,-1,,,,False,False,False,False,False,-1,,,,False,False,False,False,False,-1,,,,False,False,False,False,False,-1,,,,False,False,False
F_B1_i118_s980667389,B1,980667389,FDFLT01_PRIMARY,HORIZON,2.5118864315095822e-05,9.261187281287937e-05,11000,-1,0,False,-1,-1,0,0,True,,False,False,False,-1,,,,False,False,False,False,False,-1,,,,False,False,False,False,False,-1,,,,False,False,False,False,False,-1,,,,False,False,False
F_B1_i119_s946643083,B1,946643083,FDFLT01_PRIMARY,EXTINCT,2.5118864315095822e-05,9.261187281287937e-05,523,-1,0,True,-1,-1,0,0,True,,False,False,False,-1,,,,False,False,False,False,False,-1,,,,False,False,False,False,False,-1,,,,False,False,False,False,False,-1,,,,False,False,False
F_B1_i120_s983668069,B1,983668069,FDFLT01_PRIMARY,PREMATURE_THIRD_CENTRE,2.5118864315095822e-05,9.261187281287937e-05,6982,495,2,False,861,6981,21,3619,True,12.529964086141668,True,True,True,1582,0.9642857142857143,False,,True,True,True,True,True,1659,0.75,False,,True,True,True,True,True,1811,0.8571428571428571,False,,True,True,True,True,False,1984,0.5,False,,True,False,True
F_B1_i121_s984592227,B1,984592227,FDFLT01_PRIMARY,EXTINCT,2.5118864315095822e-05,9.261187281287937e-05,5729,-1,0,True,-1,-1,0,0,True,,False,False,False,-1,,,,False,False,False,False,False,-1,,,,False,False,False,False,False,-1,,,,False,False,False,False,False,-1,,,,False,False,False
F_B1_i122_s957743415,B1,957743415,FDFLT01_PRIMARY,EXTINCT,2.5118864315095822e-05,9.261187281287937e-05,10921,4468,1,True,4568,-1,12,819,True,9.486832980505138,True,True,True,4975,0.7808219178082192,False,,True,True,True,True,True,5052,0.44329896907216493,False,,True,True,True,True,False,5204,0.7386363636363636,False,,True,False,True,True,True,5377,0.6046511627906976,False,,True,True,True
F_B1_i123_s987081005,B1,987081005,FDFLT01_PRIMARY,EXTINCT,2.5118864315095822e-05,9.261187281287937e-05,2285,-1,0,True,-1,-1,0,0,True,,False,False,False,-1,,,,False,False,False,False,False,-1,,,,False,False,False,False,False,-1,,,,False,False,False,False,False,-1,,,,False,False,False
F_B1_i124_s970193442,B1,970193442,FDFLT01_PRIMARY,EXTINCT,2.5118864315095822e-05,9.261187281287937e-05,4038,-1,0,True,-1,-1,0,0,True,,False,False,False,-1,,,,False,False,False,False,False,-1,,,,False,False,False,False,False,-1,,,,False,False,False,False,False,-1,,,,False,False,False
F_B1_i125_s985464460,B1,985464460,FDFLT01_PRIMARY,EXTINCT,2.5118864315095822e-05,9.261187281287937e-05,4639,-1,0,True,-1,-1,0,0,True,,False,False,False,-1,,,,False,False,False,False,False,-1,,,,False,False,False,False,False,-1,,,,False,False,False,False,False,-1,,,,False,False,False
F_B1_i126_s956889719,B1,956889719,FDFLT01_PRIMARY,EXTINCT,2.5118864315095822e-05,9.261187281287937e-05,3279,-1,0,True,-1,-1,0,0,True,,False,False,False,-1,,,,False,False,False,False,False,-1,,,,False,False,False,False,False,-1,,,,False,False,False,False,False,-1,,,,False,False,False
F_B1_i127_s964769585,B1,964769585,FDFLT01_PRIMARY,HORIZON,2.5118864315095822e-05,9.261187281287937e-05,11000,-1,0,False,-1,-1,0,0,True,,False,False,False,-1,,,,False,False,False,False,False,-1,,,,False,False,False,False,False,-1,,,,False,False,False,False,False,-1,,,,False,False,False
F_B1_i128_s959267151,B1,959267151,FDFLT01_PRIMARY,EXTINCT,2.5118864315095822e-05,9.261187281287937e-05,2747,-1,0,True,-1,-1,0,0,True,,False,False,False,-1,,,,False,False,False,False,False,-1,,,,False,False,False,False,False,-1,,,,False,False,False,False,False,-1,,,,False,False,False
F_B1_i129_s961015691,B1,961015691,FDFLT01_PRIMARY,PREMATURE_THIRD_CENTRE,2.5118864315095822e-05,9.261187281287937e-05,3649,3184,2,False,3318,3648,5,38,True,8.06225774829855,False,False,False,-1,,,,False,False,False,False,False,-1,,,,False,False,False,False,False,-1,,,,False,False,False,False,False,-1,,,,False,False,False
F_B1_i130_s980749456,B1,980749456,FDFLT01_PRIMARY,EXTINCT,2.5118864315095822e-05,9.261187281287937e-05,3438,-1,0,True,-1,-1,0,0,True,,False,False,False,-1,,,,False,False,False,False,False,-1,,,,False,False,False,False,False,-1,,,,False,False,False,False,False,-1,,,,False,False,False
F_B1_i131_s947161548,B1,947161548,FDFLT01_PRIMARY,EXTINCT,2.5118864315095822e-05,9.261187281287937e-05,1314,-1,0,True,-1,-1,0,0,True,,False,False,False,-1,,,,False,False,False,False,False,-1,,,,False,False,False,False,False,-1,,,,False,False,False,False,False,-1,,,,False,False,False
F_B1_i132_s940786867,B1,940786867,FDFLT01_PRIMARY,EXTINCT,2.5118864315095822e-05,9.261187281287937e-05,4569,-1,0,True,-1,-1,0,0,True,,False,False,False,-1,,,,False,False,False,False,False,-1,,,,False,False,False,False,False,-1,,,,False,False,False,False,False,-1,,,,False,False,False
F_B1_i133_s982163306,B1,982163306,FDFLT01_PRIMARY,HORIZON,2.5118864315095822e-05,9.261187281287937e-05,11000,5770,1,False,5830,-1,25,3362,True,12.529964086141668,True,True,True,6505,0.6403508771929824,False,,True,True,True,True,True,6797,0.8205128205128205,False,,True,True,True,True,True,8039,0.8461538461538461,False,,True,True,True,True,False,8212,0.6,False,,True,False,True
F_B1_i134_s944772756,B1,944772756,FDFLT01_PRIMARY,EXTINCT,2.5118864315095822e-05,9.261187281287937e-05,8781,514,1,True,583,-1,11,4233,True,12.041594578792296,True,True,True,1324,0.9438202247191011,False,,True,True,True,True,True,1401,0.6666666666666666,False,,True,True,True,True,True,1553,0.9102564102564102,False,,True,True,True,True,True,1726,0.8378378378378378,False,,True,True,True
F_B1_i135_s981086880,B1,981086880,FDFLT01_PRIMARY,EXTINCT,2.5118864315095822e-05,9.261187281287937e-05,10874,-1,0,True,-1,-1,0,0,True,,False,False,False,-1,,,,False,False,False,False,False,-1,,,,False,False,False,False,False,-1,,,,False,False,False,False,False,-1,,,,False,False,False
F_B1_i136_s943213648,B1,943213648,FDFLT01_PRIMARY,PREMATURE_THIRD_CENTRE,2.5118864315095822e-05,9.261187281287937e-05,4522,2373,2,False,2460,4521,1,2061,True,12.36931687685298,True,True,True,2632,0.7346938775510204,False,,True,True,True,True,True,2709,0.788235294117647,False,,True,True,True,True,False,2861,0.5,False,,True,False,True,True,False,3034,0.7628865979381443,False,,True,False,True
F_B1_i137_s953150653,B1,953150653,FDFLT01_PRIMARY,EXTINCT,2.5118864315095822e-05,9.261187281287937e-05,430,-1,0,True,-1,-1,0,0,True,,False,False,False,-1,,,,False,False,False,False,False,-1,,,,False,False,False,False,False,-1,,,,False,False,False,False,False,-1,,,,False,False,False
F_B1_i138_s962292659,B1,962292659,FDFLT01_PRIMARY,EXTINCT,2.5118864315095822e-05,9.261187281287937e-05,3581,-1,0,True,-1,-1,0,0,True,,False,False,False,-1,,,,False,False,False,False,False,-1,,,,False,False,False,False,False,-1,,,,False,False,False,False,False,-1,,,,False,False,False
F_B1_i139_s958882361,B1,958882361,FDFLT01_PRIMARY,EXTINCT,2.5118864315095822e-05,9.261187281287937e-05,9055,-1,0,True,-1,-1,0,0,True,,False,False,False,-1,,,,False,False,False,False,False,-1,,,,False,False,False,False,False,-1,,,,False,False,False,False,False,-1,,,,False,False,False
F_B1_i140_s956553446,B1,956553446,FDFLT01_PRIMARY,HORIZON,2.5118864315095822e-05,9.261187281287937e-05,11000,-1,0,False,-1,-1,0,0,True,,False,False,False,-1,,,,False,False,False,False,False,-1,,,,False,False,False,False,False,-1,,,,False,False,False,False,False,-1,,,,False,False,False
F_B1_i141_s961761185,B1,961761185,FDFLT01_PRIMARY,HORIZON,2.5118864315095822e-05,9.261187281287937e-05,11000,5581,1,False,5757,-1,5,632,True,7.211102550927978,True,True,True,5980,0.6831683168316832,False,,True,True,True,True,True,6057,0.9354838709677419,False,,True,True,True,True,False,6209,0.7901234567901234,False,,True,False,True,True,False,6382,0.8837209302325582,False,,True,False,True
F_B1_i142_s981609162,B1,981609162,FDFLT01_PRIMARY,HORIZON,2.5118864315095822e-05,9.261187281287937e-05,11000,7276,1,False,7344,-1,2,3598,True,18.439088914585774,True,True,False,7574,0.05063291139240506,False,,True,False,True,True,False,7651,0.011904761904761904,False,,True,False,True,True,False,7803,0.0,False,,True,False,True,True,False,7976,0.0,False,,True,False,False
F_B1_i143_s960291558,B1,960291558,FDFLT01_PRIMARY,EXTINCT,2.5118864315095822e-05,9.261187281287937e-05,1577,-1,0,True,-1,-1,0,0,True,,False,False,False,-1,,,,False,False,False,False,False,-1,,,,False,False,False,False,False,-1,,,,False,False,False,False,False,-1,,,,False,False,False
F_B1_i144_s960237375,B1,960237375,FDFLT01_PRIMARY,EXTINCT,2.5118864315095822e-05,9.261187281287937e-05,7461,-1,0,True,-1,-1,0,0,True,,False,False,False,-1,,,,False,False,False,False,False,-1,,,,False,False,False,False,False,-1,,,,False,False,False,False,False,-1,,,,False,False,False
F_B1_i145_s957588753,B1,957588753,FDFLT01_PRIMARY,EXTINCT,2.5118864315095822e-05,9.261187281287937e-05,1206,-1,0,True,-1,-1,0,0,True,,False,False,False,-1,,,,False,False,False,False,False,-1,,,,False,False,False,False,False,-1,,,,False,False,False,False,False,-1,,,,False,False,False
F_B1_i146_s983490100,B1,983490100,FDFLT01_PRIMARY,EXTINCT,2.5118864315095822e-05,9.261187281287937e-05,7740,-1,0,True,-1,-1,0,0,True,,False,False,False,-1,,,,False,False,False,False,False,-1,,,,False,False,False,False,False,-1,,,,False,False,False,False,False,-1,,,,False,False,False
F_B1_i147_s977952106,B1,977952106,FDFLT01_PRIMARY,HORIZON,2.5118864315095822e-05,9.261187281287937e-05,11000,-1,0,False,-1,-1,0,0,True,,False,False,False,-1,,,,False,False,False,False,False,-1,,,,False,False,False,False,False,-1,,,,False,False,False,False,False,-1,,,,False,False,False
F_B1_i148_s953097369,B1,953097369,FDFLT01_PRIMARY,EXTINCT,2.5118864315095822e-05,9.261187281287937e-05,10163,-1,0,True,-1,-1,0,0,True,,False,False,False,-1,,,,False,False,False,False,False,-1,,,,False,False,False,False,False,-1,,,,False,False,False,False,False,-1,,,,False,False,False
F_B1_i149_s965452864,B1,965452864,FDFLT01_PRIMARY,EXTINCT,2.5118864315095822e-05,9.261187281287937e-05,1674,-1,0,True,-1,-1,0,0,True,,False,False,False,-1,,,,False,False,False,False,False,-1,,,,False,False,False,False,False,-1,,,,False,False,False,False,False,-1,,,,False,False,False
F_B1_i150_s940483003,B1,940483003,FDFLT01_PRIMARY,HORIZON,2.5118864315095822e-05,9.261187281287937e-05,11000,-1,0,False,-1,-1,0,0,True,,False,False,False,-1,,,,False,False,False,False,False,-1,,,,False,False,False,False,False,-1,,,,False,False,False,False,False,-1,,,,False,False,False
F_B1_i151_s985710760,B1,985710760,FDFLT01_PRIMARY,HORIZON,2.5118864315095822e-05,9.261187281287937e-05,11000,-1,0,False,-1,-1,0,0,True,,False,False,False,-1,,,,False,False,False,False,False,-1,,,,False,False,False,False,False,-1,,,,False,False,False,False,False,-1,,,,False,False,False
F_B1_i152_s968245585,B1,968245585,FDFLT01_PRIMARY,EXTINCT,2.5118864315095822e-05,9.261187281287937e-05,5338,-1,0,True,-1,-1,0,0,True,,False,False,False,-1,,,,False,False,False,False,False,-1,,,,False,False,False,False,False,-1,,,,False,False,False,False,False,-1,,,,False,False,False
F_B1_i153_s940215959,B1,940215959,FDFLT01_PRIMARY,EXTINCT,2.5118864315095822e-05,9.261187281287937e-05,7506,-1,0,True,-1,-1,0,0,True,,False,False,False,-1,,,,False,False,False,False,False,-1,,,,False,False,False,False,False,-1,,,,False,False,False,False,False,-1,,,,False,False,False
F_B1_i154_s952442846,B1,952442846,FDFLT01_PRIMARY,PREMATURE_THIRD_CENTRE,2.5118864315095822e-05,9.261187281287937e-05,6596,4132,2,False,4220,6595,8,1850,True,16.278820596099706,True,True,True,4917,0.6438356164383562,False,,True,True,True,True,True,4994,0.828125,False,,True,True,True,True,False,5146,0.5742574257425742,False,,True,False,True,True,True,5319,0.9117647058823529,False,,True,True,True
F_B1_i155_s966585865,B1,966585865,FDFLT01_PRIMARY,EXTINCT,2.5118864315095822e-05,9.261187281287937e-05,1040,-1,0,True,-1,-1,0,0,True,,False,False,False,-1,,,,False,False,False,False,False,-1,,,,False,False,False,False,False,-1,,,,False,False,False,False,False,-1,,,,False,False,False
F_B1_i156_s941343422,B1,941343422,FDFLT01_PRIMARY,HORIZON,2.5118864315095822e-05,9.261187281287937e-05,11000,639,1,False,762,-1,6,7308,True,15.811388300841896,True,True,True,1015,0.6,False,,True,True,True,True,True,1092,0.8888888888888888,False,,True,True,True,True,True,1244,0.8333333333333334,False,,True,True,True,True,False,1417,0.8214285714285714,False,,True,False,True
F_B1_i157_s985797243,B1,985797243,FDFLT01_PRIMARY,EXTINCT,2.5118864315095822e-05,9.261187281287937e-05,1458,-1,0,True,-1,-1,0,0,True,,False,False,False,-1,,,,False,False,False,False,False,-1,,,,False,False,False,False,False,-1,,,,False,False,False,False,False,-1,,,,False,False,False
F_B1_i158_s960801904,B1,960801904,FDFLT01_PRIMARY,HORIZON,2.5118864315095822e-05,9.261187281287937e-05,11000,-1,0,False,-1,-1,0,0,True,,False,False,False,-1,,,,False,False,False,False,False,-1,,,,False,False,False,False,False,-1,,,,False,False,False,False,False,-1,,,,False,False,False
F_B1_i159_s945365396,B1,945365396,FDFLT01_PRIMARY,HORIZON,2.5118864315095822e-05,9.261187281287937e-05,11000,-1,0,False,-1,-1,0,0,True,,False,False,False,-1,,,,False,False,False,False,False,-1,,,,False,False,False,False,False,-1,,,,False,False,False,False,False,-1,,,,False,False,False
F_B1_i160_s958258931,B1,958258931,FDFLT01_PRIMARY,EXTINCT,2.5118864315095822e-05,9.261187281287937e-05,1634,-1,0,True,-1,-1,0,0,True,,False,False,False,-1,,,,False,False,False,False,False,-1,,,,False,False,False,False,False,-1,,,,False,False,False,False,False,-1,,,,False,False,False
F_B1_i161_s979290477,B1,979290477,FDFLT01_PRIMARY,EXTINCT,2.5118864315095822e-05,9.261187281287937e-05,1274,-1,0,True,-1,-1,0,0,True,,False,False,False,-1,,,,False,False,False,False,False,-1,,,,False,False,False,False,False,-1,,,,False,False,False,False,False,-1,,,,False,False,False
F_B1_i162_s974051308,B1,974051308,FDFLT01_PRIMARY,EXTINCT,2.5118864315095822e-05,9.261187281287937e-05,3637,-1,0,True,-1,-1,0,0,True,,False,False,False,-1,,,,False,False,False,False,False,-1,,,,False,False,False,False,False,-1,,,,False,False,False,False,False,-1,,,,False,False,False
F_B1_i163_s988001788,B1,988001788,FDFLT01_PRIMARY,EXTINCT,2.5118864315095822e-05,9.261187281287937e-05,4191,-1,0,True,-1,-1,0,0,True,,False,False,False,-1,,,,False,False,False,False,False,-1,,,,False,False,False,False,False,-1,,,,False,False,False,False,False,-1,,,,False,False,False
F_B1_i164_s945804743,B1,945804743,FDFLT01_PRIMARY,HORIZON,2.5118864315095822e-05,9.261187281287937e-05,11000,4949,1,False,5024,-1,19,2338,True,14.317821063276353,True,True,True,6912,0.8695652173913043,False,,True,True,True,True,True,6989,0.9404761904761905,False,,True,True,True,True,True,7141,0.8414634146341463,False,,True,True,True,True,False,7314,0.6842105263157895,False,,True,False,True
F_B1_i165_s973776210,B1,973776210,FDFLT01_PRIMARY,EXTINCT,2.5118864315095822e-05,9.261187281287937e-05,3404,-1,0,True,-1,-1,0,0,True,,False,False,False,-1,,,,False,False,False,False,False,-1,,,,False,False,False,False,False,-1,,,,False,False,False,False,False,-1,,,,False,False,False
F_B1_i166_s961633859,B1,961633859,FDFLT01_PRIMARY,HORIZON,2.5118864315095822e-05,9.261187281287937e-05,11000,-1,0,False,-1,-1,0,0,True,,False,False,False,-1,,,,False,False,False,False,False,-1,,,,False,False,False,False,False,-1,,,,False,False,False,False,False,-1,,,,False,False,False
F_B1_i167_s986264887,B1,986264887,FDFLT01_PRIMARY,EXTINCT,2.5118864315095822e-05,9.261187281287937e-05,365,-1,0,True,-1,-1,0,0,True,,False,False,False,-1,,,,False,False,False,False,False,-1,,,,False,False,False,False,False,-1,,,,False,False,False,False,False,-1,,,,False,False,False
F_B1_i168_s972573403,B1,972573403,FDFLT01_PRIMARY,EXTINCT,2.5118864315095822e-05,9.261187281287937e-05,6133,-1,0,True,-1,-1,0,0,True,,False,False,False,-1,,,,False,False,False,False,False,-1,,,,False,False,False,False,False,-1,,,,False,False,False,False,False,-1,,,,False,False,False
F_B1_i169_s959091777,B1,959091777,FDFLT01_PRIMARY,HORIZON,2.5118864315095822e-05,9.261187281287937e-05,11000,-1,0,False,-1,-1,0,0,True,,False,False,False,-1,,,,False,False,False,False,False,-1,,,,False,False,False,False,False,-1,,,,False,False,False,False,False,-1,,,,False,False,False
F_B1_i170_s960404814,B1,960404814,FDFLT01_PRIMARY,EXTINCT,2.5118864315095822e-05,9.261187281287937e-05,3565,-1,0,True,-1,-1,0,0,True,,False,False,False,-1,,,,False,False,False,False,False,-1,,,,False,False,False,False,False,-1,,,,False,False,False,False,False,-1,,,,False,False,False
F_B1_i171_s965136666,B1,965136666,FDFLT01_PRIMARY,HORIZON,2.5118864315095822e-05,9.261187281287937e-05,11000,6869,1,False,6998,-1,15,2612,True,12.36931687685298,True,True,False,7240,0.38095238095238093,False,,True,False,True,True,True,7317,0.7303370786516854,False,,True,True,True,True,True,7469,0.9431818181818182,False,,True,True,True,True,True,7642,0.9222222222222223,False,,True,True,True
F_B1_i172_s950449165,B1,950449165,FDFLT01_PRIMARY,HORIZON,2.5118864315095822e-05,9.261187281287937e-05,11000,3768,2,False,3844,-1,30,304,True,6.4031242374328485,True,True,True,4658,0.9795918367346939,False,,True,True,True,True,True,5876,0.8282828282828283,False,,True,True,False,False,False,-1,,,,False,False,False,False,False,-1,,,,False,False,True
F_B1_i173_s971707335,B1,971707335,FDFLT01_PRIMARY,HORIZON,2.5118864315095822e-05,9.261187281287937e-05,11000,-1,0,False,-1,-1,0,0,True,,False,False,False,-1,,,,False,False,False,False,False,-1,,,,False,False,False,False,False,-1,,,,False,False,False,False,False,-1,,,,False,False,False
F_B1_i174_s968550902,B1,968550902,FDFLT01_PRIMARY,EXTINCT,2.5118864315095822e-05,9.261187281287937e-05,1340,-1,0,True,-1,-1,0,0,True,,False,False,False,-1,,,,False,False,False,False,False,-1,,,,False,False,False,False,False,-1,,,,False,False,False,False,False,-1,,,,False,False,False
F_B1_i175_s964368498,B1,964368498,FDFLT01_PRIMARY,EXTINCT,2.5118864315095822e-05,9.261187281287937e-05,249,-1,0,True,-1,-1,0,0,True,,False,False,False,-1,,,,False,False,False,False,False,-1,,,,False,False,False,False,False,-1,,,,False,False,False,False,False,-1,,,,False,False,False
F_B1_i176_s975997815,B1,975997815,FDFLT01_PRIMARY,EXTINCT,2.5118864315095822e-05,9.261187281287937e-05,3588,-1,0,True,-1,-1,0,0,True,,False,False,False,-1,,,,False,False,False,False,False,-1,,,,False,False,False,False,False,-1,,,,False,False,False,False,False,-1,,,,False,False,False
F_B1_i177_s944099569,B1,944099569,FDFLT01_PRIMARY,EXTINCT,2.5118864315095822e-05,9.261187281287937e-05,6370,-1,0,True,-1,-1,0,0,True,,False,False,False,-1,,,,False,False,False,False,False,-1,,,,False,False,False,False,False,-1,,,,False,False,False,False,False,-1,,,,False,False,False
F_B1_i178_s978860892,B1,978860892,FDFLT01_PRIMARY,EXTINCT,2.5118864315095822e-05,9.261187281287937e-05,4148,-1,0,True,-1,-1,0,0,True,,False,False,False,-1,,,,False,False,False,False,False,-1,,,,False,False,False,False,False,-1,,,,False,False,False,False,False,-1,,,,False,False,False
F_B1_i179_s985986234,B1,985986234,FDFLT01_PRIMARY,EXTINCT,2.5118864315095822e-05,9.261187281287937e-05,9864,-1,0,True,-1,-1,0,0,True,,False,False,False,-1,,,,False,False,False,False,False,-1,,,,False,False,False,False,False,-1,,,,False,False,False,False,False,-1,,,,False,False,False
F_B1_i180_s989219668,B1,989219668,FDFLT01_PRIMARY,HORIZON,2.5118864315095822e-05,9.261187281287937e-05,11000,3409,1,False,3702,-1,12,2402,True,13.0,True,True,True,4235,0.88,False,,True,True,True,True,True,4312,0.9473684210526315,False,,True,True,True,True,True,4464,0.5648148148148148,False,,True,True,True,True,True,4637,0.9041095890410958,False,,True,True,True
F_B1_i181_s947398945,B1,947398945,FDFLT01_PRIMARY,HORIZON,2.5118864315095822e-05,9.261187281287937e-05,11000,-1,0,False,-1,-1,0,0,True,,False,False,False,-1,,,,False,False,False,False,False,-1,,,,False,False,False,False,False,-1,,,,False,False,False,False,False,-1,,,,False,False,False
F_B1_i182_s961444860,B1,961444860,FDFLT01_PRIMARY,PREMATURE_THIRD_CENTRE,2.5118864315095822e-05,9.261187281287937e-05,6789,5827,2,False,5913,6788,8,358,True,14.317821063276353,True,True,False,6602,0.3582089552238806,False,,True,False,True,True,True,6679,0.9850746268656716,False,,True,True,False,False,False,-1,,,,False,False,False,False,False,-1,,,,False,False,True
F_B1_i183_s984583347,B1,984583347,FDFLT01_PRIMARY,HORIZON,2.5118864315095822e-05,9.261187281287937e-05,11000,-1,0,False,-1,-1,0,0,True,,False,False,False,-1,,,,False,False,False,False,False,-1,,,,False,False,False,False,False,-1,,,,False,False,False,False,False,-1,,,,False,False,False
F_B1_i184_s968861793,B1,968861793,FDFLT01_PRIMARY,EXTINCT,2.5118864315095822e-05,9.261187281287937e-05,10949,2827,1,True,3024,-1,4,2544,True,14.866068747318506,True,True,False,3370,0.4742268041237113,False,,True,False,True,True,False,3447,0.5425531914893617,False,,True,False,True,True,False,3599,0.07317073170731707,False,,True,False,True,True,False,3772,0.06382978723404255,False,,True,False,False
F_B1_i185_s966419541,B1,966419541,FDFLT01_PRIMARY,HORIZON,2.5118864315095822e-05,9.261187281287937e-05,11000,9056,1,False,9134,-1,4,1216,True,8.602325267042627,True,True,True,9387,0.75,False,,True,True,True,True,True,9464,0.8045977011494253,False,,True,True,True,True,True,9616,0.946236559139785,False,,True,True,True,True,True,9789,0.9017857142857143,False,,True,True,True
F_B1_i186_s954499148,B1,954499148,FDFLT01_PRIMARY,HORIZON,2.5118864315095822e-05,9.261187281287937e-05,11000,5421,1,False,5626,-1,7,776,True,12.649110640673518,True,True,True,6243,0.8571428571428571,False,,True,True,True,True,True,6320,0.9603960396039604,False,,True,True,True,True,True,6739,0.9014084507042254,False,,True,True,True,True,True,6912,1.0,False,,True,True,True
F_B1_i187_s976481809,B1,976481809,FDFLT01_PRIMARY,PREMATURE_THIRD_CENTRE,2.5118864315095822e-05,9.261187281287937e-05,5664,2263,2,False,2341,5663,7,2768,True,14.317821063276353,True,True,True,3067,0.8641975308641975,False,,True,True,True,True,True,3144,0.9130434782608695,False,,True,True,True,True,True,3296,0.8717948717948718,False,,True,True,True,True,False,3469,0.8777777777777778,False,,True,False,True
F_B1_i188_s968527897,B1,968527897,FDFLT01_PRIMARY,EXTINCT,2.5118864315095822e-05,9.261187281287937e-05,10930,-1,0,True,-1,-1,0,0,True,,False,False,False,-1,,,,False,False,False,False,False,-1,,,,False,False,False,False,False,-1,,,,False,False,False,False,False,-1,,,,False,False,False
F_B1_i189_s986062882,B1,986062882,FDFLT01_PRIMARY,HORIZON,2.5118864315095822e-05,9.261187281287937e-05,11000,1938,1,False,2082,-1,10,1803,True,13.152946437965905,True,True,True,2415,0.6790123456790124,False,,True,True,True,True,True,2492,0.7272727272727273,False,,True,True,True,True,True,2644,0.8636363636363636,False,,True,True,True,True,False,2817,0.7840909090909091,False,,True,False,True
F_B1_i190_s978122038,B1,978122038,FDFLT01_PRIMARY,HORIZON,2.5118864315095822e-05,9.261187281287937e-05,11000,-1,0,False,-1,-1,0,0,True,,False,False,False,-1,,,,False,False,False,False,False,-1,,,,False,False,False,False,False,-1,,,,False,False,False,False,False,-1,,,,False,False,False
F_B1_i191_s988881942,B1,988881942,FDFLT01_PRIMARY,HORIZON,2.5118864315095822e-05,9.261187281287937e-05,11000,-1,0,False,-1,-1,0,0,True,,False,False,False,-1,,,,False,False,False,False,False,-1,,,,False,False,False,False,False,-1,,,,False,False,False,False,False,-1,,,,False,False,False
