law_index,seed,n_meas,mean_P,mean_M,probe_count,eligible_seed,n_tracks,max_track_obs,long_tracks,mean_abs_circulation,mean_entity_mass,mean_entities_per_snapshot
0,8001,174,0.9938892819836761,0.978291195087981,0,False,5,22,4,0.00011643246372905475,383.14533795901684,2.3548387096774195
0,8002,83,0.9879958637425441,0.9855588315945452,0,False,2,31,1,0.0003398925333101613,1035.464360894547,1.032258064516129
0,8003,154,0.9829098626513514,0.9702646352414591,0,False,2,31,2,0.00012262951463371362,431.8244281001828,1.8709677419354838
1,8001,89,0.9919236946879172,0.9927810098599478,0,False,5,21,2,0.00019837274479678646,606.5741344269605,1.4516129032258065
1,8002,85,0.9887575392000402,0.993796063581838,0,False,2,31,1,0.0003150702031198399,960.9636403925801,1.096774193548387
1,8003,136,0.9786309611843099,0.9819682551043435,0,False,2,31,2,0.00011768422682791322,466.63027973183057,1.6774193548387097
2,8001,83,0.9879047314459319,0.9896449578174099,0,False,1,31,1,0.0002652857189720876,971.7648476440467,1.0
2,8002,83,0.9807162101860165,0.9929130504207877,0,False,1,31,1,2.3966471689025635e-05,1124.8314273691751,1.0
2,8003,83,0.9794590853778801,0.9893163781636638,0,False,1,31,1,0.00013070019713649767,855.8092922047703,1.0
3,8001,83,0.9882637237114342,0.9899282284415177,0,False,1,31,1,0.00041711933969824726,966.2959267888587,1.0
3,8002,83,0.9804742962637486,0.9928085894142201,0,False,1,31,1,4.6555630945511384e-05,1123.0681091928172,1.0
3,8003,83,0.979921178968455,0.9894010565712635,0,False,1,31,1,0.00029005009590588315,852.2441848517881,1.0
4,8001,83,0.9882105970069559,0.988598191534499,0,False,1,31,1,0.00012954965297441213,967.2565912311009,1.0
4,8002,83,0.9819072358651836,0.992333107913933,0,False,1,31,1,7.643438070099907e-05,1123.4847241054438,1.0
4,8003,83,0.9815314030876512,0.9881954956863476,0,False,1,31,1,0.00014765608689814178,855.5511121094202,1.0
5,8001,83,0.9891359874478812,0.9889292249867112,0,False,1,31,1,0.0004078806847529423,961.5122179734749,1.0
5,8002,83,0.9835564571367071,0.9923223134057498,0,False,1,31,1,0.00010580364014900823,1122.572461157007,1.0
5,8003,83,0.9841645303602057,0.9883726526658171,0,False,1,31,1,0.0002245892867553121,852.378453182701,1.0
6,8001,83,0.9888851300865077,0.9906772711131026,0,False,1,31,1,0.00034608934418506765,974.8929345529382,1.0
6,8002,83,0.9801992619115613,0.9932284347175016,0,False,1,31,1,0.00022278758624180893,1129.012673367907,1.0
6,8003,83,0.9810691140205681,0.9903625387516585,0,False,1,31,1,0.0003463652679121468,857.8139437965332,1.0
7,8001,83,0.9914696376657562,0.9928191612902348,0,False,1,31,1,0.0002393648364370942,944.3184817157976,1.0
7,8002,83,0.9888715104145844,0.9947154090794581,0,False,1,31,1,9.997971567854202e-05,1104.4805035617521,1.0
7,8003,83,0.9884294686363869,0.9923470144434349,0,False,1,31,1,0.00013238499944994166,831.4414740709576,1.0
8,8001,83,0.991408687665897,0.9915701895447409,0,False,1,31,1,0.00012587110284764224,939.8566049751661,1.0
8,8002,83,0.990324680126365,0.9941604772971661,0,False,1,31,1,3.6546099456714984e-05,1102.5411055970426,1.0
8,8003,83,0.9887629969536258,0.9907107332905111,0,False,1,31,1,4.3920938199120186e-05,832.0463355853128,1.0
9,8001,83,0.9921125220604239,0.9918311439630161,0,False,1,31,1,0.00038077748094014026,942.5075256096059,1.0
9,8002,83,0.9912076537262312,0.9940336662396786,0,False,1,31,1,0.00017969443673056782,1105.0979044480957,1.0
9,8003,83,0.9903563838809554,0.9908465016067182,0,False,1,31,1,0.00015478307130411355,834.1782723512956,1.0
10,8001,83,0.99225343681128,0.9899608449792955,0,False,1,31,1,0.0002208340299471356,941.6086698582175,1.0
10,8002,83,0.9939882811261352,0.9932537446067004,0,False,1,31,1,6.334119408431308e-05,1103.4661567105525,1.0
10,8003,109,0.9661343702312195,0.9627987229609719,0,False,2,31,2,6.484164559006551e-05,600.9946123237347,1.3870967741935485
11,8001,83,0.9934032684132398,0.9911263975788257,0,False,1,31,1,0.0006952045710071261,942.2074696747853,1.0
11,8002,83,0.9953120208975571,0.9934906200530438,0,False,1,31,1,0.00036257066441886123,1105.4246896851234,1.0
11,8003,83,0.9936770497441479,0.9901008047820213,0,False,1,31,1,0.0002531311168467676,835.6925259658111,1.0
12,8001,83,0.9973782682009512,0.9962363680816467,0,False,1,31,1,0.0003778154561899674,904.6056833489885,1.0
12,8002,83,0.9979504842507352,0.9969648464552561,0,False,1,31,1,0.00018151027593431992,1074.1413620233814,1.0
12,8003,124,0.9846779348933339,0.9817598698248061,0,False,2,31,2,9.9888988341163e-05,516.0088838939633,1.5483870967741935
13,8001,83,0.9972888831026387,0.9960822536386537,0,False,1,31,1,0.0005983726382961098,911.1713983433432,1.0
13,8002,83,0.9969819248047359,0.9969962510452894,0,False,1,31,1,0.0002913388082088867,1078.2310293726216,1.0
13,8003,84,0.9878603184421865,0.9871641683921033,0,False,2,31,1,0.00023498732673997796,756.2370853470698,1.064516129032258
14,8001,83,0.9945462673448143,0.9922764599660496,0,False,1,31,1,0.0002594545531952319,904.8292045714451,1.0
14,8002,83,0.9940941039290854,0.9943793393928978,0,False,1,31,1,0.00020718748397646576,1073.0494069633205,1.0
14,8003,139,0.9833837159788786,0.9781543312473775,0,False,2,31,2,8.684190195541248e-05,469.8015310057393,1.7096774193548387
15,8001,83,0.9968567997925789,0.9945241134978398,0,False,1,31,1,0.0008662984736884162,914.175402019326,1.0
15,8002,83,0.9927858159829498,0.9960186843967342,0,False,1,31,1,0.0003729557887998346,1079.5898427603092,1.0
15,8003,83,0.9945948181108422,0.994012228358083,0,False,1,31,1,0.0005196883059275125,808.415241951636,1.0
16,8001,199,0.9926796723510124,0.9556874932063634,0,False,6,21,5,0.00015296791916257993,326.7665230173706,2.7096774193548385
16,8002,108,0.9784790613181967,0.944277774745391,3,False,4,31,2,0.0005137360052326614,697.7600809543844,1.5161290322580645
16,8003,154,0.9833086674121354,0.972306403342212,0,False,2,31,2,0.000246427339273679,424.1450395030673,1.8709677419354838
17,8001,124,0.9936434272957518,0.9860759892632153,0,False,5,18,5,0.00029050854412032397,487.6324350763164,1.8709677419354838
17,8002,83,0.988426353761419,0.9902123237785184,0,False,1,31,1,0.0006557678103466439,1077.8824269078186,1.0
17,8003,148,0.9812901178142589,0.9728025005062385,0,False,2,31,2,0.00026308098772037143,450.91375500796534,1.8064516129032258
18,8001,163,0.9940701690577369,0.9800724884244448,0,False,5,21,4,0.00016995449933157725,404.35130017993026,2.2580645161290325
18,8002,83,0.9866712025729814,0.9873383047623814,0,False,1,31,1,0.0006317427563720314,1076.5834050024464,1.0
18,8003,154,0.9823392501638687,0.9717572938085722,0,False,2,31,2,0.00031736023205146413,435.98211310662373,1.8709677419354838
19,8001,83,0.988081415144773,0.9901957172819065,0,False,1,31,1,0.00038734747467030877,990.855944646727,1.0
19,8002,83,0.9712536840345248,0.9930134402706123,0,False,1,31,1,4.348015766556888e-05,1140.9555754950495,1.0
19,8003,83,0.9717979064492022,0.9901640332740884,0,False,1,31,1,0.00042920018474463617,871.6110172921615,1.0
20,8001,83,0.9888224522127667,0.9899721911543954,0,False,1,31,1,8.000127976160641e-05,959.7348838279643,1.0
20,8002,83,0.9831540953008473,0.9929916178729217,0,False,1,31,1,2.495441060412558e-05,1117.2306142576444,1.0
20,8003,83,0.9823149669007901,0.9895670599800167,0,False,1,31,1,2.795887884566249e-05,847.1098943401602,1.0
21,8001,83,0.9893918267231624,0.9903490778784526,0,False,1,31,1,0.00019148875202878142,955.372029893038,1.0
21,8002,83,0.983379516421435,0.9930259450543499,0,False,1,31,1,1.874000478576642e-05,1116.1317870627133,1.0
21,8003,83,0.9832273964209945,0.9895578302438688,0,False,1,31,1,0.0001612577404510057,844.6305572962244,1.0
22,8001,83,0.9889270317063278,0.9892857205281571,0,False,1,31,1,9.626662955124543e-05,956.7143092774417,1.0
22,8002,83,0.9850501646988302,0.9925656952344215,0,False,1,31,1,2.2517704677589113e-05,1117.372642751487,1.0
22,8003,83,0.9848573163967628,0.9885215925157569,0,False,1,31,1,7.752423326440317e-05,847.7625583878739,1.0
23,8001,83,0.9941298448808122,0.9965810985522388,0,False,1,31,1,0.0005100569830643525,917.3664200176211,1.0
23,8002,83,0.9931401250151316,0.996617877978416,0,False,1,31,1,8.861281566352985e-05,1086.1919516006292,1.0
23,8003,83,0.9925052238895777,0.9951904253966382,0,False,1,31,1,0.00021326378660245675,810.6930451006598,1.0
24,8001,83,0.9933884706571038,0.9917964587700059,0,False,1,31,1,0.00017350882542293452,911.7983606359362,1.0
24,8002,83,0.9944195101522124,0.9940943739149115,0,False,1,31,1,5.301392231135347e-05,1083.081407123614,1.0
24,8003,139,0.9831929626092206,0.9783234361094505,0,False,2,31,2,6.983917328307584e-05,473.0302886074717,1.7096774193548387
25,8001,83,0.9914117349099278,0.9921554197105443,0,False,1,31,1,0.0003352555047777935,946.7666896331083,1.0
25,8002,83,0.988765775311814,0.9942010986934574,0,False,1,31,1,0.00015863702082891538,1107.034468194303,1.0
25,8003,83,0.9880081558405566,0.9914128870427488,0,False,1,31,1,0.00015517694489696677,835.2777526863669,1.0
26,8001,83,0.9916644782462309,0.9915650737021934,0,False,1,31,1,0.00035145061870216736,945.3151952052945,1.0
26,8002,83,0.9901983000129586,0.9938636403159741,0,False,1,31,1,0.000153960086677155,1106.7288838742886,1.0
26,8003,83,0.9889690142488746,0.9904034980003871,0,False,1,31,1,0.00013039185764952808,836.3913943991681,1.0
27,8001,83,0.9923683206598005,0.9917581824281071,0,False,1,31,1,0.0007748395171266011,946.6468351823597,1.0
27,8002,83,0.991498381294602,0.9938689573249228,0,False,1,31,1,0.0004305225506948807,1108.16819591067,1.0
27,8003,83,0.9910666646501854,0.9908206321590557,0,False,1,31,1,0.00031848282372813624,836.7586951754338,1.0
28,8001,83,0.9924938411244884,0.9890284976754035,0,False,1,31,1,0.00028960492482228034,943.3199677402134,1.0
28,8002,83,0.9948096814643056,0.9929084570163326,0,False,1,31,1,7.544737444492923e-05,1103.9818690361228,1.0
28,8003,151,0.9863106542379747,0.9787472392373873,0,False,2,31,2,9.653559109371514e-05,454.51539217834323,1.8387096774193548
29,8001,83,0.9933679236387829,0.9902893739841596,0,False,1,31,1,0.001023085307156758,946.0279832822566,1.0
29,8002,83,0.9960706454974861,0.9932156420261372,0,False,1,31,1,0.0004730529777888775,1107.785815570404,1.0
29,8003,83,0.9942007187550682,0.9893275501198555,0,False,1,31,1,0.00031232422520318764,838.9732899481826,1.0
30,8001,83,0.9926687078103555,0.9885355903437222,0,False,1,31,1,0.0009206525407122685,946.3014617513941,1.0
30,8002,83,0.9965013932702013,0.992502638367008,0,False,1,31,1,0.0005394528795943738,1105.995491451361,1.0
30,8003,112,0.9675121659709042,0.9627920435415177,0,False,2,31,2,0.00023473347196826998,590.4399855878293,1.4193548387096775
31,8001,83,0.9945384595367932,0.9896559832651427,0,False,1,31,1,0.001313485021219145,947.9838302036499,1.0
31,8002,83,0.9949793831007907,0.9928977737097473,0,False,1,31,1,0.0009072774543171235,1108.326310037084,1.0
31,8003,83,0.9955470613073841,0.9890316481943456,0,False,1,31,1,0.0005493104583046136,840.3970373598956,1.0
32,8001,197,0.9963992585480002,0.9847345305056638,0,False,6,25,3,8.388934227502215e-05,354.9721544440761,2.6129032258064515
32,8002,83,0.9910846805800235,0.9890587042640194,0,False,2,31,1,0.00022880220588985942,1055.176345605587,1.032258064516129
32,8003,160,0.9891794560996432,0.9770046806449699,0,False,2,31,2,0.00021273648652577387,427.59123939033526,1.935483870967742
33,8001,83,0.994501184058825,0.993714082522295,0,False,1,31,1,0.00014017514793358924,900.1031289184899,1.0
33,8002,83,0.9919563512600742,0.9955437455537915,0,False,1,31,1,0.00016938927957116184,1068.4516205781702,1.0
33,8003,133,0.9814421955581659,0.9796311865875102,0,False,2,31,2,6.669533875281426e-05,484.8937491692392,1.6451612903225807
34,8001,83,0.9937105899758469,0.9925442038602288,0,False,1,31,1,0.00010226275972585692,885.5180728191056,1.0
34,8002,83,0.992324193282091,0.9958094337362938,0,False,1,31,1,6.920859846927504e-05,1059.1454425529284,1.0
34,8003,130,0.9798152594967532,0.9833374260992916,0,False,2,31,2,3.22473673622382e-05,484.199203945876,1.6129032258064515
35,8001,83,0.9957591166635105,0.9966700991773046,0,False,1,31,1,0.00035003464598566474,899.7558363239996,1.0
35,8002,83,0.9922831651796898,0.9975703856932582,0,False,1,31,1,0.0003240686171045978,1067.704047228506,1.0
35,8003,100,0.9760914999454506,0.9823481167313953,0,False,2,31,2,0.0001639996450635183,614.4031673401735,1.2903225806451613
36,8001,83,0.9888718004244791,0.9901536394204411,0,False,1,31,1,0.0001356750130910725,965.0560642596753,1.0
36,8002,83,0.9830803398726803,0.9932638714427907,0,False,1,31,1,1.4805811094804584e-05,1119.2085328292694,1.0
36,8003,83,0.9817524864910632,0.9898702027701695,0,False,1,31,1,6.82685188383036e-05,849.4833638699021,1.0
37,8001,83,0.988924206675511,0.9902240371949688,0,False,1,31,1,0.0002286706625916423,962.1829616796034,1.0
37,8002,83,0.9823960701558532,0.9930543630874699,0,False,1,31,1,2.9174602293786218e-05,1118.8624812663368,1.0
37,8003,83,0.9816597025146886,0.989670237735455,0,False,1,31,1,0.00015143449269816036,848.0258485764377,1.0
38,8001,83,0.9885672707310297,0.9897707227777389,0,False,1,31,1,0.00018916272217294334,959.5108925537456,1.0
38,8002,83,0.9829877520859882,0.9927860403247086,0,False,1,31,1,3.300193041217152e-05,1118.7100957896412,1.0
38,8003,83,0.9826300857815984,0.9890517091911345,0,False,1,31,1,0.00013159977865912943,848.6023161022031,1.0
39,8001,83,0.9897774266352486,0.9901613772783644,0,False,1,31,1,0.0006052082175311283,954.36388485844,1.0
39,8002,83,0.9842982586239686,0.9928660993270167,0,False,1,31,1,0.00011311682419669629,1116.8890272717051,1.0
39,8003,83,0.9852067214608803,0.9896214869033817,0,False,1,31,1,0.00022460740984997553,844.7996511291901,1.0
40,8001,83,0.9897049347285481,0.9874723691876015,0,False,1,31,1,7.41567425737328e-05,953.8261757933548,1.0
40,8002,83,0.9877757854866571,0.9919088519474081,0,False,1,31,1,0.00013475678621992712,1113.22597032379,1.0
40,8003,130,0.972069940966849,0.9662653568851074,0,False,2,31,2,8.565907094826514e-05,524.1593138954536,1.6129032258064515
41,8001,83,0.9906675937115983,0.9885032402985713,0,False,1,31,1,0.0005012060040128128,954.1501552685536,1.0
41,8002,83,0.9899425926067339,0.9921296411944339,0,False,1,31,1,0.00016466270053402837,1116.201630722046,1.0
41,8003,83,0.9898491759696704,0.9879449174106697,0,False,1,31,1,0.0001401245675339635,846.3946335456025,1.0
42,8001,83,0.9909489580759139,0.9864744667091834,0,False,1,31,1,0.00029477446435629884,954.3138594006593,1.0
42,8002,83,0.9928620401816795,0.9912890817625905,0,False,1,31,1,0.00015919255232320356,1113.7822098963302,1.0
42,8003,127,0.9710095583592947,0.9629505580217056,0,False,2,31,2,0.00012899457683224582,534.8144923749342,1.5806451612903225
43,8001,83,0.992137537795009,0.9879552553208129,0,False,1,31,1,0.0012464038259617633,954.1117345796133,1.0
43,8002,83,0.9952373134944306,0.9918667277899779,0,False,1,31,1,0.00039723222085490286,1114.5859914173345,1.0
43,8003,83,0.9937150417950792,0.9874618290906786,0,False,1,31,1,0.0002190238119444438,846.1561181105864,1.0
44,8001,83,0.989781228172182,0.9887604353041602,0,False,1,31,1,0.00025611279644040794,975.3022274229756,1.0
44,8002,83,0.9879178614160941,0.992472421783356,0,False,1,31,1,0.00025129863028140953,1129.1890234103444,1.0
44,8003,83,0.9877440080019527,0.9882672205195853,0,False,1,31,1,0.00010029586262667764,862.8975617527202,1.0
45,8001,83,0.9928691362316563,0.9926988683182623,0,False,1,31,1,0.0010038498354317253,939.4978623148742,1.0
45,8002,83,0.9928286805415462,0.994482388216957,0,False,1,31,1,0.0005449041654670739,1102.172145442613,1.0
45,8003,83,0.9919199401699188,0.9916147345358737,0,False,1,31,1,0.0003762799356622019,830.8920779634423,1.0
46,8001,83,0.9972173991215226,0.9974221092166077,0,False,1,31,1,0.00022557828784472946,911.9230369748366,1.0
46,8002,83,0.9984854521287067,0.9980200146720295,0,False,1,31,1,0.00010757161343477337,1078.27055402879,1.0
46,8003,83,0.9973365101900012,0.9970699822345463,0,False,1,31,1,7.76479861165627e-05,803.2502678906983,1.0
47,8001,83,0.9970422095877899,0.9974142093773323,0,False,1,31,1,0.0005432417717519908,916.4388063135588,1.0
47,8002,83,0.9984847016641499,0.997814900820475,0,False,1,31,1,0.0003086149163017471,1081.626304604641,1.0
47,8003,83,0.9976324916604101,0.9964948810120448,0,False,1,31,1,0.0002059551146602456,808.4251652170223,1.0
48,8001,83,0.996386815910904,0.9948568370127702,0,False,1,31,1,0.0002181910215925335,902.6840452439105,1.0
48,8002,83,0.9969117803355024,0.9963104468517113,0,False,1,31,1,0.00011317609269777146,1072.6783401359075,1.0
48,8003,133,0.9849916093708548,0.9811159345640295,0,False,2,31,2,5.126416448229863e-05,485.50337678072646,1.6451612903225807
49,8001,83,0.995932302968974,0.9942162974856864,0,False,1,31,1,0.00025199997736196034,907.7816360390848,1.0
49,8002,85,0.9949092585297625,0.9942351852038652,0,False,2,31,1,0.00013749474371706145,980.3184305057356,1.096774193548387
49,8003,133,0.9840163151017056,0.9799395930699335,0,False,2,31,2,6.512863225284246e-05,488.6790731934209,1.6451612903225807
50,8001,123,0.995060710819958,0.9863918963645008,0,False,5,16,4,7.309766903635608e-05,488.6428147585543,1.8387096774193548
50,8002,83,0.9923518711283151,0.9920085190142155,0,False,1,31,1,0.00020783901156093296,1069.9299360082216,1.0
50,8003,148,0.9833602301540081,0.9754172677159263,0,False,2,31,2,8.588159954911368e-05,444.8716063520047,1.8064516129032258
51,8001,83,0.9949064279814669,0.9928389026890411,0,False,1,31,1,0.0005424428264862389,914.4095515446426,1.0
51,8002,83,0.9908755710627905,0.9952954726669307,0,False,1,31,1,0.00033381567229238274,1078.827404647237,1.0
51,8003,127,0.9805015162787563,0.9795842856591958,0,False,2,31,2,0.00020398984725772536,511.27711718311906,1.5806451612903225
52,8001,181,0.9948713334111469,0.9802305762399308,0,False,7,22,4,0.00011172017033573817,354.120555557563,2.5161290322580645
52,8002,83,0.9888466329179398,0.987563929368419,0,False,2,31,1,0.00035424717643602304,1027.329900440762,1.032258064516129
52,8003,154,0.9833023870464562,0.9731425836592316,0,False,2,31,2,0.00016877358546431079,427.11901861990964,1.8709677419354838
53,8001,83,0.987857755606939,0.9901383007841047,0,False,1,31,1,0.00027597304816014086,986.7593622087469,1.0
53,8002,83,0.9738805299242711,0.9930820142142706,0,False,1,31,1,2.1910768866890265e-05,1136.9105373049003,1.0
53,8003,83,0.9747156059058546,0.9902278763182509,0,False,1,31,1,0.0002734635183127656,867.0709668946005,1.0
54,8001,83,0.9880593061553287,0.9894660418061467,0,False,1,31,1,0.00033179974329278927,986.8329770282588,1.0
54,8002,83,0.9752896514018558,0.9927301060810849,0,False,1,31,1,5.188264376398243e-05,1137.7099134007524,1.0
54,8003,83,0.9758345560834628,0.9889434788748995,0,False,1,31,1,0.0003059640110824945,870.5337548659513,1.0
55,8001,83,0.9887219406195975,0.9895518199140408,0,False,1,31,1,0.0005488424341809815,981.7019978560713,1.0
55,8002,83,0.9769361692128004,0.9925657747309664,0,False,1,31,1,0.00014117814722561155,1136.0436112334532,1.0
55,8003,83,0.978622988146,0.9890461873163082,0,False,1,31,1,0.0004850445955435936,866.9487540488693,1.0
56,8001,83,0.9892067695692162,0.9898586309778981,0,False,1,31,1,0.00017614114103191444,947.5077169481817,1.0
56,8002,83,0.9866349541554629,0.993045806746134,0,False,1,31,1,3.657492804226101e-05,1109.6188619366433,1.0
56,8003,83,0.985309994457827,0.9891796250159681,0,False,1,31,1,7.157670018105735e-05,839.3542359619056,1.0
57,8001,83,0.9904973190531002,0.9907513056039206,0,False,1,31,1,0.0008302697792985236,944.8307726189119,1.0
57,8002,83,0.9880416240190003,0.9931353756663754,0,False,1,31,1,0.00023545879402907046,1109.8858103376372,1.0
57,8003,83,0.9875308482917641,0.9898150362453351,0,False,1,31,1,0.0003299758473424699,838.0924159343266,1.0
58,8001,83,0.9905141227213082,0.9882312126633938,0,False,1,31,1,0.0002796281610265226,948.5056770463917,1.0
58,8002,83,0.9904043863634924,0.9921989472415305,0,False,1,31,1,8.958168412557335e-05,1109.985392216875,1.0
58,8003,115,0.9679994673041108,0.9620000406482752,0,False,2,31,2,0.00014956318095520784,578.8962952450825,1.4516129032258065
59,8001,83,0.996205104989275,0.9972733159367313,0,False,1,31,1,0.0004309657598530016,912.2725669454136,1.0
59,8002,83,0.9972305842450159,0.9974895635159021,0,False,1,31,1,0.00013682315434003123,1080.3576658312827,1.0
59,8003,83,0.9958494491961672,0.9963385653381914,0,False,1,31,1,0.00018076221589449472,805.781353554459,1.0
60,8001,83,0.9952649394284661,0.9924903106799734,0,False,1,31,1,0.00017539035261636174,902.6265300071424,1.0
60,8002,83,0.9968010576659041,0.9947512108279186,0,False,1,31,1,4.1669916518063216e-05,1074.0377478116693,1.0
60,8003,139,0.9845635605572001,0.9792648932281943,0,False,2,31,2,6.28117132683069e-05,468.19835356237166,1.7096774193548387
61,8001,83,0.99673613848335,0.9949230049039721,0,False,1,31,1,0.00043739925376809035,911.4170377934348,1.0
61,8002,83,0.9967761343714692,0.9957864435294037,0,False,1,31,1,0.0001324411782136247,1079.4776738844519,1.0
61,8003,121,0.9837360628024702,0.9803585707977597,0,False,2,31,2,0.00012047609717054642,531.3532867879977,1.5161290322580645
62,8001,83,0.9937230763833378,0.9898897582458912,0,False,1,31,1,0.0001667980339982913,907.3006564291838,1.0
62,8002,83,0.9939483972066884,0.9926845426657485,0,False,1,31,1,9.080076240127232e-05,1075.5357350320123,1.0
62,8003,145,0.9837296851853292,0.9764495422158812,0,False,2,31,2,8.60700050532693e-05,454.5483295168091,1.7741935483870968
63,8001,83,0.9928707031325726,0.9918222145305946,0,False,1,31,1,0.0006873927347469124,947.8876061058743,1.0
63,8002,83,0.9924392510723237,0.993973407316857,0,False,1,31,1,0.0004342405690824087,1108.3420090024656,1.0
63,8003,83,0.9919705623647388,0.991145670954008,0,False,1,31,1,0.00028036479321004334,836.6657714512783,1.0
64,8001,83,0.993005803259796,0.9885397912913195,0,False,1,31,1,0.0002653474132627152,936.4153402936822,1.0
64,8002,83,0.996127479980873,0.9926529372926672,0,False,1,31,1,4.235720075354954e-05,1097.4024842862077,1.0
64,8003,154,0.9875301201463325,0.9784174793138721,0,False,2,31,2,4.913058989212733e-05,444.64797709172075,1.8709677419354838
65,8001,83,0.9931116652420087,0.9895492260096427,0,False,1,31,1,0.0007949344340294183,946.3482014688194,1.0
65,8002,83,0.9969850091376082,0.9930140252635319,0,False,1,31,1,0.00034679267663896893,1106.2767744939042,1.0
65,8003,83,0.9951777481968094,0.989023974982083,0,False,1,31,1,0.00013468697568118826,838.1844527803195,1.0
66,8001,83,0.993219256308768,0.9877237189385966,0,False,1,31,1,0.000512713679164379,945.0717053752622,1.0
66,8002,83,0.9955580476071049,0.9923183696942576,0,False,1,31,1,0.0003287748165988262,1103.3857846042117,1.0
66,8003,151,0.9868135589223088,0.9772662648028082,0,False,2,31,2,7.843134207001223e-05,455.2041032845109,1.8387096774193548
67,8001,83,0.9974574626254123,0.9959541250147921,0,False,1,31,1,0.0007863538466870925,913.0648901817019,1.0
67,8002,83,0.9956237576342618,0.9971164868182218,0,False,1,31,1,0.0004625118931862453,1079.2713406865219,1.0
67,8003,83,0.9969549151624337,0.9951653548664935,0,False,1,31,1,0.0003484534486644261,806.8607278335796,1.0
68,8001,133,0.9950652286085625,0.9842334238923364,0,False,5,16,4,0.00010501898549421938,460.9870293095564,1.935483870967742
68,8002,83,0.9916730251618359,0.9912333064063179,0,False,1,31,1,0.00018705166830594496,1065.0369378442929,1.0
68,8003,148,0.9825516331003631,0.9745853610282146,0,False,2,31,2,0.00015620229826612112,442.17715642644464,1.8064516129032258
69,8001,83,0.9937436496919216,0.9921673883705966,0,False,1,31,1,0.0005080238811581575,911.046403932214,1.0
69,8002,83,0.9901716721754168,0.9948633012006626,0,False,1,31,1,0.00045725339024943836,1075.8654111232693,1.0
69,8003,136,0.9812198246403416,0.978236083141929,0,False,2,31,2,0.0001984136084149246,481.11173544479493,1.6774193548387097
70,8001,83,0.9875367570090557,0.9900080106206535,0,False,1,31,1,0.0003068971974745768,985.6309642975692,1.0
70,8002,83,0.9756900176669692,0.9931031556473563,0,False,1,31,1,2.910551464035894e-05,1135.0705936384702,1.0
70,8003,83,0.9748467560873776,0.9897671209213721,0,False,1,31,1,0.0002420429617492046,866.7866672480095,1.0
71,8001,83,0.9880969953299035,0.990039813714741,0,False,1,31,1,0.0005000324524507437,980.8541720483073,1.0
71,8002,83,0.9759986136547093,0.9929582144790241,0,False,1,31,1,4.3620180680496754e-05,1133.7434172793878,1.0
71,8003,83,0.977278425428121,0.9898370533856388,0,False,1,31,1,0.0005837633522323591,863.5239566260291,1.0
72,8001,83,0.9896494260949087,0.9912674363247513,0,False,1,31,1,0.00010555082270955364,947.0269876852919,1.0
72,8002,83,0.986403693764827,0.993747158089685,0,False,1,31,1,1.5221798451617171e-05,1108.3241382235421,1.0
72,8003,83,0.985249347103137,0.9905392076927936,0,False,1,31,1,5.212484840833127e-05,837.1541055439537,1.0
73,8001,83,0.9901974326383884,0.9913233401986746,0,False,1,31,1,0.00022690476877816807,946.1200491127505,1.0
73,8002,83,0.9867879055092165,0.9935485425117802,0,False,1,31,1,3.255038054186461e-05,1109.2078362496902,1.0
73,8003,83,0.9860746764263117,0.9903041390527472,0,False,1,31,1,8.875334406282322e-05,837.6669363024963,1.0
74,8001,83,0.990222991596831,0.9902159691509972,0,False,1,31,1,0.00021442707118505912,944.8264131212866,1.0
74,8002,83,0.988509975835923,0.9930170056896044,0,False,1,31,1,5.27997831731269e-05,1108.4239764503234,1.0
74,8003,83,0.9874679239248801,0.9894059728857166,0,False,1,31,1,0.00010926709392021358,837.5607901056911,1.0
75,8001,83,0.9917422388749098,0.9912620087202796,0,False,1,31,1,0.000549866627846157,941.2197227421583,1.0
75,8002,83,0.9904579165919462,0.9933669724550993,0,False,1,31,1,0.00023994426167260344,1107.3869276410558,1.0
75,8003,83,0.9902473920064383,0.9901756931961662,0,False,1,31,1,0.00024132410185193136,835.3122190351278,1.0
76,8001,83,0.991469322033488,0.9866430852839945,0,False,1,31,1,0.0002791740179063089,942.7150379693945,1.0
76,8002,83,0.9935445245829714,0.9913128644764988,0,False,1,31,1,0.00012759388946761795,1102.8507349476445,1.0
76,8003,157,0.9871634096971984,0.9777641287946224,0,False,2,31,2,5.7760749353589924e-05,440.0174223998515,1.903225806451613
77,8001,83,0.9928230321041316,0.9890455922541393,0,False,1,31,1,0.0005747123479966866,944.4952995758429,1.0
77,8002,83,0.9954644241971717,0.9924216064167902,0,False,1,31,1,0.00028284677269875715,1107.4229324613495,1.0
77,8003,83,0.9934136871739674,0.9881420124269251,0,False,1,31,1,0.0001571674244163991,838.5112527427846,1.0
78,8001,83,0.9963683862128166,0.9945048038258714,0,False,1,31,1,0.00045455390774344276,903.4693477238147,1.0
78,8002,83,0.9966639341029808,0.9958078397155361,0,False,1,31,1,0.0001542854667147755,1073.6812866626772,1.0
78,8003,130,0.9842115066601342,0.9806006363371943,0,False,2,31,2,0.00013646553435304012,495.3376054311532,1.6129032258064515
79,8001,83,0.9975179533191936,0.9963787857181196,0,False,1,31,1,0.000960320633256198,912.6878813711805,1.0
79,8002,83,0.9959456774286147,0.9969330998907139,0,False,1,31,1,0.0005709708236547987,1079.161567717737,1.0
79,8003,83,0.9967061898161966,0.995469232484206,0,False,1,31,1,0.00045163579075880184,806.2596451512848,1.0
80,8001,162,0.9943702385822919,0.979934392716032,0,False,5,20,4,0.00014026621188728466,400.70053163119377,2.225806451612903
80,8002,83,0.9914847369365651,0.9878510139186207,0,False,2,31,1,0.0002700745073166114,1032.1209695159077,1.032258064516129
80,8003,151,0.9835908604453268,0.9719296768860263,0,False,2,31,2,0.00014830537472517678,435.1966980782366,1.8387096774193548
81,8001,80,0.9932757987114155,0.98985672574898,0,False,3,26,1,0.00034613171216377783,782.2685879297119,1.1612903225806452
81,8002,83,0.9912259081510456,0.9917412795499644,0,False,1,31,1,0.0002806740043816438,1075.027738978458,1.0
81,8003,145,0.9816756437717756,0.9746028121734664,0,False,2,31,2,0.00016782873706791592,455.4897715052228,1.7741935483870968
82,8001,83,0.9927204644636752,0.9894762174031013,0,False,1,31,1,0.0004756295050211707,945.904976148127,1.0
82,8002,83,0.9959536695330503,0.9932715811407755,0,False,1,31,1,0.0001736165523820759,1104.9030939732347,1.0
82,8003,121,0.9693366583537215,0.964385077308174,0,False,2,31,2,0.00013412873301502947,551.7234102810331,1.5161290322580645
83,8001,83,0.9938195327341892,0.9903457500284273,0,False,1,31,1,0.0013609964036293666,949.1544902867436,1.0
83,8002,83,0.9969546515704698,0.9932610341308378,0,False,1,31,1,0.0006730854035023866,1109.0121727409064,1.0
83,8003,83,0.995353225841265,0.9895264390868963,0,False,1,31,1,0.0003454019759020402,841.0604756534593,1.0
84,8001,83,0.9930578422932216,0.9875234424619941,0,False,1,31,1,0.00044300609916009525,945.722835079143,1.0
84,8002,83,0.9951240998979992,0.992273232585781,0,False,1,31,1,0.0002875196572062165,1103.0080410319292,1.0
84,8003,151,0.9866410932658667,0.9771095005561076,0,False,2,31,2,0.00012111459617971114,455.57421296994124,1.8387096774193548
85,8001,83,0.99682981600208,0.9957534550319757,0,False,1,31,1,0.00028872746558160936,911.2518395682312,1.0
85,8002,83,0.9954015396809385,0.9970100921644727,0,False,1,31,1,0.00017698758742401967,1077.7036698975835,1.0
85,8003,103,0.9803048148175071,0.9810599547914247,0,False,2,31,2,9.419986787101759e-05,608.5101484945892,1.3225806451612903
86,8001,84,0.9946856483849699,0.9927929674378595,0,False,3,24,1,0.00011148935777461145,736.0213880498792,1.2258064516129032
86,8002,83,0.9923624089760839,0.99433976590697,0,False,1,31,1,0.0002401290748885417,1071.0978812083495,1.0
86,8003,139,0.9824839975572877,0.9777082750867109,0,False,2,31,2,4.400493867761182e-05,469.5485359829479,1.7096774193548387
87,8001,83,0.9885789575668625,0.9910194384869038,0,False,1,31,1,0.00016731529708068058,976.0675669398237,1.0
87,8002,83,0.9776619328342772,0.9936458774026653,0,False,1,31,1,1.896454612916081e-05,1128.1806221103138,1.0
87,8003,83,0.9772521056265608,0.9911898819711028,0,False,1,31,1,0.00017991052543070112,855.6476067444413,1.0
88,8001,83,0.9877676811637246,0.9891647176528175,0,False,1,31,1,0.00011146199883004651,982.0400424226412,1.0
88,8002,83,0.9780590207395384,0.992644050746859,0,False,1,31,1,3.609088498470631e-05,1132.7127397526542,1.0
88,8003,83,0.977439116070182,0.9889489814203551,0,False,1,31,1,4.5393614793390287e-05,865.6893861854945,1.0
89,8001,83,0.9910266873550087,0.9928326880642342,0,False,1,31,1,0.00023265040370141539,941.5150133683436,1.0
89,8002,83,0.9879754518297842,0.994618814821553,0,False,1,31,1,1.0750827386307772e-05,1102.9905646285786,1.0
89,8003,83,0.9869524953866993,0.9918580335298236,0,False,1,31,1,0.00013153946112632488,830.8289474294943,1.0
90,8001,83,0.9908411010695898,0.9922720718616114,0,False,1,31,1,0.0002995821709974873,940.0047499556467,1.0
90,8002,83,0.9881439837788456,0.9942118853581013,0,False,1,31,1,4.2096577969243596e-05,1103.6577773006584,1.0
90,8003,83,0.9870264351665472,0.9911836183416445,0,False,1,31,1,0.0001383440427337567,831.7617296636187,1.0
91,8001,83,0.9915847198361687,0.9925727186789238,0,False,1,31,1,0.0006096613683420235,939.7807359891401,1.0
91,8002,83,0.9887676040931359,0.9941889380559247,0,False,1,31,1,0.00019295408345166237,1104.5056858821476,1.0
91,8003,83,0.9883820849542603,0.9913146734288656,0,False,1,31,1,0.0002795164122236804,831.8251777555985,1.0
92,8001,83,0.9912151157552568,0.9900329014222609,0,False,1,31,1,0.00023381012159892877,938.4668905698612,1.0
92,8002,83,0.9908107081095446,0.9929638881930328,0,False,1,31,1,5.228007034056383e-05,1103.1612670447523,1.0
92,8003,97,0.9618814036533933,0.9613874788406,0,False,2,31,2,9.91985277428062e-05,661.1915600657863,1.2580645161290323
93,8001,83,0.9925193726635545,0.9912442570927181,0,False,1,31,1,0.00103429672272631,937.0185442469536,1.0
93,8002,83,0.9928345161180956,0.9934262391670369,0,False,1,31,1,0.0003449582713298332,1103.4564269578254,1.0
93,8003,83,0.9921028215698294,0.9901698891974366,0,False,1,31,1,0.00024904877873168686,831.5839611804166,1.0
94,8001,83,0.9923179349638079,0.9882793898883726,0,False,1,31,1,0.00039225819573199977,941.9282232566306,1.0
94,8002,83,0.9950857364788006,0.9923282098835993,0,False,1,31,1,0.00011442705917246542,1103.5111973911112,1.0
94,8003,148,0.9845442790938047,0.9762736879944582,0,False,2,31,2,0.00012952363114912533,461.64020345835667,1.8064516129032258
95,8001,83,0.9939263400058616,0.9905973906943819,0,False,1,31,1,0.0014293313458983215,938.1992323677218,1.0
95,8002,83,0.996562434616967,0.9931874693362068,0,False,1,31,1,0.0006845652536334113,1103.2809956581898,1.0
95,8003,83,0.9955084325825747,0.9897429776382298,0,False,1,31,1,0.00047176003946268973,832.8935713253694,1.0
96,8001,180,0.9957561345088496,0.9844380347793772,0,False,5,23,4,0.00014849968931628297,385.6407904816825,2.4193548387096775
96,8002,83,0.9935831702184067,0.9888210021947904,0,False,1,31,1,0.0002302632883804219,1096.1612594266112,1.0
96,8003,157,0.9872294766685813,0.9746567406217104,0,False,2,31,2,0.0001475589640126604,437.3195409826072,1.903225806451613
97,8001,118,0.9948136405829557,0.9851212012950172,0,False,8,21,3,0.00044093099443127037,471.07218486735684,2.0
97,8002,83,0.9926805426962336,0.9899263178946696,0,False,1,31,1,0.0002812292282478228,1101.6169216337275,1.0
97,8003,157,0.9869487254782244,0.9755391704563506,0,False,2,31,2,0.00014387322679315105,441.0371561857427,1.903225806451613
98,8001,119,0.9939351710741098,0.985753274676674,0,False,5,16,4,6.767101090541512e-05,489.93381108033515,1.8064516129032258
98,8002,83,0.9915744947875513,0.9912706499257266,0,False,1,31,1,0.00017183446694441098,1060.3688973527721,1.0
98,8003,145,0.9818656474535095,0.9751664623388975,0,False,2,31,2,7.882558890095544e-05,446.63820782852736,1.7741935483870968
99,8001,83,0.9937864113370548,0.9934001379618886,0,False,1,31,1,0.0003027646145485851,902.1627991530071,1.0
99,8002,83,0.9902486392216779,0.9950860939378416,0,False,1,31,1,0.0002264228751620906,1068.6214310825806,1.0
99,8003,133,0.979901100679441,0.9788910946767632,0,False,2,31,2,9.829054486125613e-05,485.1345753188066,1.6451612903225807
100,8001,79,0.9918554236533449,0.9885900022769424,0,False,3,29,1,0.00020254285584881765,819.4195457221776,1.064516129032258
100,8002,83,0.9901772293930593,0.9932699797144301,0,False,1,31,1,0.00020545272799257544,1050.0403350821514,1.0
100,8003,133,0.978310919557892,0.9794053850012794,0,False,2,31,2,8.488601800780769e-05,468.53489352478385,1.6451612903225807
101,8001,83,0.9974416866439536,0.9970161016874162,0,False,1,31,1,0.0005397992790645346,916.1396839145851,1.0
101,8002,83,0.9984330327125254,0.9976364149297896,0,False,1,31,1,0.000304285676433178,1081.6897550880726,1.0
101,8003,83,0.9976672017244422,0.9962627638877805,0,False,1,31,1,0.00019026702441006952,808.6083369285325,1.0
102,8001,83,0.9975749917757311,0.9961153361216271,0,False,1,31,1,0.00047991839552920045,912.0468307307436,1.0
102,8002,83,0.9975318305133932,0.9971865912600438,0,False,1,31,1,0.0003047020818603641,1078.7029656936666,1.0
102,8003,106,0.9826911593107424,0.9819052613114002,0,False,2,31,2,0.00015506518913571362,594.6894863012278,1.3548387096774193
103,8001,83,0.9975969989573186,0.9958008318347995,0,False,1,31,1,0.0007777206758411439,918.258157675204,1.0
103,8002,83,0.9957004829036259,0.9967701960222435,0,False,1,31,1,0.00052284839250328,1083.320556674878,1.0
103,8003,83,0.9970595885453748,0.99499529331385,0,False,1,31,1,0.00027773337447863447,811.2248182733015,1.0
104,8001,83,0.9877447761288272,0.9901643159196588,0,False,1,31,1,0.0001437468659649524,979.3095550305951,1.0
104,8002,83,0.9785702780691209,0.9933011078498434,0,False,1,31,1,2.3425004065501767e-05,1129.4676784981743,1.0
104,8003,83,0.9773350256367884,0.989976316731879,0,False,1,31,1,8.750708767404554e-05,860.0887002156802,1.0
105,8001,83,0.9883515478792992,0.9903377666308889,0,False,1,31,1,0.00027299187389769953,975.8747264194311,1.0
105,8002,83,0.9783990479235289,0.9931375132303647,0,False,1,31,1,2.94721078146601e-05,1129.1112360975847,1.0
105,8003,83,0.978035089256446,0.9901132075180865,0,False,1,31,1,0.0002948519586872256,858.3838076252752,1.0
106,8001,83,0.9880382360709531,0.9889062541100218,0,False,1,31,1,0.00020285023269497258,979.2490203942599,1.0
106,8002,83,0.9794513446439812,0.9925162884773666,0,False,1,31,1,7.154192210163605e-05,1131.2410393145026,1.0
106,8003,83,0.9797570546989315,0.9888744356119001,0,False,1,31,1,9.422726325860473e-05,863.201667581317,1.0
107,8001,83,0.9892122137946199,0.9896935035052268,0,False,1,31,1,0.0005510087683359141,974.0459773338505,1.0
107,8002,83,0.9810427568465775,0.9926118652900341,0,False,1,31,1,0.00023637583097057172,1129.9435365209183,1.0
107,8003,83,0.9827256698188495,0.9891951190403315,0,False,1,31,1,0.0004163204874703301,859.5179057697101,1.0
108,8001,83,0.989044604959149,0.9881855406187078,0,False,1,31,1,0.0002754178407947265,973.7323212395501,1.0
108,8002,83,0.9843263892104245,0.9922429201634544,0,False,1,31,1,0.00017595498550939515,1128.8497031336944,1.0
108,8003,83,0.985011748142848,0.9880157776519497,0,False,1,31,1,0.00018272668657361762,861.7590524219837,1.0
109,8001,83,0.9900390620358339,0.9883557481635765,0,False,1,31,1,0.0006725895286165713,972.1621116263372,1.0
109,8002,83,0.987139310015584,0.992114446191344,0,False,1,31,1,0.0004688476432629611,1129.0379072300332,1.0
109,8003,83,0.9882847405909875,0.9879751946771598,0,False,1,31,1,0.00019996445379171114,860.9925858691668,1.0
110,8001,83,0.9893822697675534,0.9874562166011537,0,False,1,31,1,0.0005420172774535578,971.9435384516511,1.0
110,8002,83,0.9908420372589679,0.9919064234984082,0,False,1,31,1,0.00021797521391518106,1126.8016352690784,1.0
110,8003,83,0.9901991037872379,0.9872695017287662,0,False,1,31,1,0.00014537230274866485,860.5666195491656,1.0
111,8001,83,0.9972173431491137,0.9982276335826624,0,False,1,31,1,0.00045236073194480616,910.8629711747476,1.0
111,8002,83,0.9985797866907579,0.9985075671147421,0,False,1,31,1,0.00019516214303444337,1076.7209458706968,1.0
111,8003,83,0.9978880154643394,0.9982193998552583,0,False,1,31,1,0.00019636719356947154,801.2930890908034,1.0
112,8001,95,0.995585085866895,0.9904918670973016,0,False,5,20,2,8.203566707638497e-05,569.1364862167153,1.5483870967741935
112,8002,83,0.9956175220231267,0.9934701944518943,0,False,2,31,1,9.1006485188199e-05,1026.0536687183971,1.032258064516129
112,8003,139,0.9843761089497505,0.9784294088399035,0,False,2,31,2,3.104196288928634e-05,459.3074012586933,1.7096774193548387
113,8001,83,0.9970389937497622,0.9962198954990419,0,False,1,31,1,0.0002898471378905165,901.5367833299355,1.0
113,8002,83,0.9967814376639812,0.9970616943383053,0,False,1,31,1,0.00014660339192544816,1071.0333373002636,1.0
113,8003,124,0.9838433004424544,0.982842544830054,0,False,2,31,2,9.830206638185064e-05,513.9103487376411,1.5483870967741935
114,8001,79,0.9945305547943171,0.9928888220346263,0,False,3,29,1,0.000124690260170781,839.2046077843157,1.064516129032258
114,8002,83,0.9938164756061441,0.9942697426579256,0,False,1,31,1,0.0001494904509940956,1065.5287978322654,1.0
114,8003,139,0.9830760903029737,0.978639346581327,0,False,2,31,2,6.382126832709409e-05,464.34712649959766,1.7096774193548387
115,8001,83,0.9957033609724928,0.9951796809101208,0,False,1,31,1,0.0003687191454384576,906.3809295599377,1.0
115,8002,89,0.9918489922938261,0.9923159550801975,0,False,2,31,1,0.0004029062288072814,923.8505169026799,1.1612903225806452
115,8003,121,0.9808785316431671,0.979776304464741,0,False,2,31,2,0.00017960543009808098,527.9133856533044,1.5161290322580645
116,8001,156,0.9938862367021221,0.9795680555198146,0,False,6,19,4,0.00012257468616257475,405.28389165568274,2.193548387096774
116,8002,83,0.9898660059155479,0.9880799634388078,0,False,2,31,1,0.00022967839338130835,1028.8635892643515,1.032258064516129
116,8003,151,0.9826186386137319,0.9719321648362214,0,False,2,31,2,0.00014016367694055936,433.5742827878958,1.8387096774193548
117,8001,84,0.9928016703507565,0.9907757333051758,0,False,3,24,1,0.0003254955115480893,738.4218603841672,1.2258064516129032
117,8002,83,0.9887808135936867,0.9920867803474436,0,False,1,31,1,0.0006447423159729274,1071.462784448534,1.0
117,8003,142,0.9804178542911092,0.9752266165094332,0,False,2,31,2,0.0002132348450301275,462.1374835395457,1.7419354838709677
118,8001,180,0.9943230135857577,0.9785063054653538,0,False,5,23,4,0.00013882542288549195,374.0405096066944,2.4193548387096775
118,8002,83,0.9881061621149095,0.987459136940422,0,False,2,31,1,0.0006060115965208548,1036.8567785600108,1.032258064516129
118,8003,154,0.9826333445711438,0.9719107839792807,0,False,2,31,2,0.00020786541545675014,432.5984691140798,1.8709677419354838
119,8001,139,0.9882717109986543,0.9578550263927996,0,False,5,20,5,0.0004472610594040019,451.7822540060773,2.032258064516129
119,8002,83,0.9842667288819693,0.9910404264582674,0,False,1,31,1,0.000595978696421015,1078.4236832480897,1.0
119,8003,145,0.9784660169378216,0.9745195526782434,0,False,2,31,2,0.00027271742077988404,458.98591634581334,1.7741935483870968
120,8001,83,0.9934117261336556,0.9881171662009947,0,False,1,31,1,0.0005789065792578308,946.660490178318,1.0
120,8002,83,0.9953261466380894,0.992621931691255,0,False,1,31,1,0.0003509036512929205,1104.0371642387615,1.0
120,8003,151,0.9872980860971217,0.9780584399612232,0,False,2,31,2,0.00010471133899407368,455.62777938080694,1.8387096774193548
121,8001,83,0.987618767890253,0.991194900879379,0,False,1,31,1,0.00016828737412827899,987.0384746635244,1.0
121,8002,83,0.9697871721376304,0.9939555042422373,0,False,1,31,1,2.3650502091446035e-05,1136.7067702451404,1.0
121,8003,83,0.9705274856548008,0.991575854967638,0,False,1,31,1,0.00021180638836824285,862.03256504508,1.0
122,8001,83,0.988576234317601,0.9906575074280195,0,False,1,31,1,0.00024166546667939715,968.2805167684589,1.0
122,8002,83,0.9812684150827303,0.9933795058906639,0,False,1,31,1,2.766678235942492e-05,1122.5568156441966,1.0
122,8003,83,0.9807675489183851,0.990543912483872,0,False,1,31,1,0.00019447138994069628,851.2391354044694,1.0
123,8001,83,0.9888599973704698,0.9908087270209951,0,False,1,31,1,0.00047601680019091326,967.4299366565944,1.0
123,8002,83,0.9810786660162146,0.9932745315671835,0,False,1,31,1,8.367996177128777e-05,1123.2601374004178,1.0
123,8003,83,0.981270981615328,0.9905398329225701,0,False,1,31,1,0.0004893262235386882,850.8434524970619,1.0
124,8001,83,0.9919756356438458,0.9935698153425111,0,False,1,31,1,9.567163817041792e-05,933.7227273330909,1.0
124,8002,83,0.9900725452652327,0.9952360122567228,0,False,1,31,1,1.556252845719727e-05,1097.3098188880545,1.0
124,8003,83,0.9885319139119958,0.9923438486736289,0,False,1,31,1,4.118484120333158e-05,825.3931245028028,1.0
125,8001,83,0.9921901491066396,0.9936492813162378,0,False,1,31,1,0.00030622939450950366,935.917367480088,1.0
125,8002,83,0.9899709569816704,0.9950299324672163,0,False,1,31,1,9.334379397523078e-05,1099.6516999040693,1.0
125,8003,83,0.98915189511902,0.9923423246013736,0,False,1,31,1,0.0001448981953914309,826.8918928565827,1.0
126,8001,83,0.992434458775185,0.9929326645854413,0,False,1,31,1,0.0003567504697840368,933.5192558458034,1.0
126,8002,83,0.9911181820075553,0.9946373273016509,0,False,1,31,1,0.00013077756920207016,1099.2075353457153,1.0
126,8003,83,0.9900760776778443,0.9916595084585854,0,False,1,31,1,0.00014010311473771668,827.0102782219867,1.0
127,8001,83,0.9930883249954605,0.9932420887617357,0,False,1,31,1,0.0006874046014388166,934.0809545545636,1.0
127,8002,83,0.9925633771719694,0.9947021435631405,0,False,1,31,1,0.00031024030231920324,1100.1463766896654,1.0
127,8003,83,0.9918703406943975,0.9918384716730682,0,False,1,31,1,0.0002733972276200625,827.7631415360661,1.0
128,8001,83,0.9926225015514645,0.9882678078068434,0,False,1,31,1,0.00020924489231020782,929.3773282783417,1.0
128,8002,83,0.9948222166864662,0.9922951012266538,0,False,1,31,1,2.8565970365769472e-05,1094.370200502782,1.0
128,8003,151,0.9853450846831417,0.9767889483573811,0,False,2,31,2,7.305784098097525e-05,449.03980167265934,1.8387096774193548
129,8001,83,0.9937709830157537,0.9902286239884596,0,False,1,31,1,0.0006192262806864001,933.181738217292,1.0
129,8002,83,0.9962980670826966,0.9930979953370341,0,False,1,31,1,0.00028939915414343296,1098.4050477558778,1.0
129,8003,85,0.9695290151994529,0.9675860314545369,0,False,2,31,1,0.0001732724635924801,754.9010418055188,1.096774193548387
130,8001,169,0.9962041142405407,0.9860453986153264,0,False,5,22,4,8.149983525163779e-05,399.46999043474324,2.3225806451612905
130,8002,83,0.9947999513347078,0.9904110685165581,0,False,1,31,1,0.00016767771112206404,1093.3922006873095,1.0
130,8003,157,0.988350439505362,0.9765322247639596,0,False,2,31,2,7.274137459922107e-05,435.8372408241498,1.903225806451613
131,8001,83,0.9936242270547618,0.9884524325132348,0,False,1,31,1,0.0008561493185047228,939.7908892464385,1.0
131,8002,83,0.994662652530546,0.9924696184530859,0,False,1,31,1,0.0005126418311140607,1100.3563225478997,1.0
131,8003,136,0.9834649596097238,0.977058911024509,0,False,2,31,2,0.00017922202250532861,495.1137196704451,1.6774193548387097
132,8001,180,0.9955270841939273,0.9831690568310069,0,False,5,23,4,0.00011071229213481271,384.8194716527802,2.4193548387096775
132,8002,83,0.9918231015963701,0.9884589040192909,0,False,1,31,1,0.0002847489302976676,1092.9049671197258,1.0
132,8003,157,0.986933737931871,0.9736438586387592,0,False,2,31,2,0.00015400920972745454,436.7222521158747,1.903225806451613
133,8001,85,0.9937911482940271,0.991945801200647,0,False,5,27,1,0.0005164172250277562,662.123581010492,1.3548387096774193
133,8002,83,0.9919029919838557,0.9957966650432143,0,False,1,31,1,0.0003426478541796809,1065.618741470641,1.0
133,8003,139,0.9812578900072266,0.9812425680037191,0,False,2,31,2,0.0002154703887461945,465.1770612941204,1.7096774193548387
134,8001,131,0.9936210632627719,0.9841733803566493,0,False,5,17,4,0.0002002776377207552,459.2249329096863,1.935483870967742
134,8002,83,0.9898144145040274,0.9911833600872161,0,False,2,31,1,0.0005311070606629012,1028.4771891919297,1.032258064516129
134,8003,148,0.981086548818059,0.9746726033956958,0,False,2,31,2,0.00021561091689118855,440.5448568158731,1.8064516129032258
135,8001,83,0.9928103027569751,0.99291347163269,0,False,1,31,1,0.000742458508117347,906.0684907724885,1.0
135,8002,83,0.9872454254885837,0.9946304783856049,0,False,1,31,1,0.0009275803038832883,1069.4760259405402,1.0
135,8003,133,0.9786308356992394,0.9782678704869544,0,False,2,31,2,0.00021861450946003932,486.88077226765637,1.6451612903225807
136,8001,214,0.9906538546732354,0.9333783663223553,4,True,8,22,5,0.0003090603067512631,282.8132856108105,3.096774193548387
136,8002,144,0.9779977254587183,0.9599626088363072,0,False,3,31,2,0.0008628974750567553,561.7496264837521,1.8709677419354838
136,8003,163,0.9823614446796423,0.969119743939805,0,False,4,31,2,0.00033052681786714406,368.2991054354508,2.129032258064516
137,8001,83,0.9926247566477109,0.9939983394158657,0,False,1,31,1,0.0001628133058535175,888.4344366394822,1.0
137,8002,83,0.9889163030920416,0.995890085932626,0,False,1,31,1,0.0002495322741597416,1059.0747733755845,1.0
137,8003,121,0.9758388889798963,0.9830656783075576,0,False,2,31,2,9.475411914694696e-05,517.0710138685162,1.5161290322580645
138,8001,83,0.9890651263842668,0.9903462786026564,0,False,1,31,1,0.00011730175488254606,957.8588703544436,1.0
138,8002,83,0.9838000761203596,0.9932825729959561,0,False,1,31,1,2.3623724892231487e-05,1115.3621809027106,1.0
138,8003,83,0.9825906161811171,0.9899041530463899,0,False,1,31,1,6.224082669453486e-05,844.6289883664475,1.0
139,8001,83,0.989916058690625,0.9920577570559279,0,False,1,31,1,0.00012955619794787962,962.403570103857,1.0
139,8002,83,0.982111572591808,0.9943372031336859,0,False,1,31,1,6.001534097898297e-06,1117.7603113491707,1.0
139,8003,83,0.9821220906181689,0.9921649604501503,0,False,1,31,1,0.00013698433038603644,842.8437035730628,1.0
140,8001,83,0.9886079972411677,0.9901059220689042,0,False,1,31,1,0.00010425581907619363,968.6351820709912,1.0
140,8002,83,0.9817632453596099,0.9931119089875943,0,False,1,31,1,2.698034032336592e-05,1122.8451683397263,1.0
140,8003,83,0.9812889694393192,0.9898972433481583,0,False,1,31,1,7.49114946469344e-05,852.7874716337199,1.0
141,8001,83,0.9893299206487699,0.9904184161894388,0,False,1,31,1,0.0002803390267302272,966.9957893185481,1.0
141,8002,83,0.9823977079953462,0.9931645500812822,0,False,1,31,1,0.00010346070254063725,1123.0024805717233,1.0
141,8003,83,0.9828055845342634,0.990217763540488,0,False,1,31,1,0.0002389169532493961,851.2977427570567,1.0
142,8001,83,0.9892539528042057,0.9892895035463598,0,False,1,31,1,0.0002738297368674065,968.1863243602317,1.0
142,8002,83,0.9842641794572399,0.9926249250001837,0,False,1,31,1,0.0001285444303833718,1124.2843013975794,1.0
142,8003,83,0.9844124936976872,0.9887734877487289,0,False,1,31,1,0.00010768418139959247,855.454042523077,1.0
143,8001,83,0.9906798189289191,0.9899448316804271,0,False,1,31,1,0.0006450956187554904,965.4267811532596,1.0
143,8002,83,0.9862333857009178,0.9927969563992075,0,False,1,31,1,0.00038740276669727757,1123.3158965478888,1.0
143,8003,83,0.9874521313592997,0.9895096023116705,0,False,1,31,1,0.00036282594081532094,852.1430439513671,1.0
144,8001,83,0.9932393946732956,0.9931128275523674,0,False,1,31,1,0.0003396099119182327,923.0758600640886,1.0
144,8002,83,0.9937413725168032,0.9948542964188652,0,False,1,31,1,8.425020986923369e-05,1089.9527069975154,1.0
144,8003,112,0.9671741041266759,0.9668838701598633,0,False,2,31,2,0.00010950976376732968,575.287148671794,1.4193548387096775
145,8001,83,0.9940215534012418,0.9929978150197817,0,False,1,31,1,0.0006057158382223089,927.1684575674707,1.0
145,8002,83,0.9949653792955966,0.9947904172706244,0,False,1,31,1,0.00017430729000566663,1093.424556862795,1.0
145,8003,83,0.9931369009733257,0.9918072833689431,0,False,1,31,1,0.00018282030869167074,821.165959696386,1.0
146,8001,83,0.9939056000167884,0.990586915220461,0,False,1,31,1,0.0003863739317326276,925.116695887539,1.0
146,8002,83,0.9961217812909925,0.9935747110973985,0,False,1,31,1,0.00014117526790700173,1091.2988776778448,1.0
146,8003,145,0.9845955536089259,0.9774630950085716,0,False,2,31,2,0.00011927106285084895,462.3545474639703,1.7741935483870968
147,8001,83,0.9951889721708133,0.9920542686532469,0,False,1,31,1,0.0010999922955369148,928.2447122958921,1.0
147,8002,83,0.9969529368050722,0.9941305964134752,0,False,1,31,1,0.0005668180855422111,1094.4474153561146,1.0
147,8003,83,0.9962390809315129,0.9910297913202522,0,False,1,31,1,0.0004374481486530049,823.4832686348408,1.0
148,8001,180,0.9962239477118581,0.9836223243825619,0,False,5,23,4,0.00012388491336635886,379.664319201292,2.4193548387096775
148,8002,83,0.9934762907798291,0.9897706882260849,0,False,1,31,1,0.00016013503911897837,1085.4205723046787,1.0
148,8003,157,0.9876903650596288,0.9759737312011272,0,False,2,31,2,0.00011174738862856815,431.6140854116605,1.903225806451613
149,8001,83,0.9930940029569867,0.9879943005052003,0,False,1,31,1,0.0005552749377700279,934.612626754304,1.0
149,8002,83,0.9933679323052675,0.9924027073756706,0,False,1,31,1,0.0005967955443234246,1094.5640684267817,1.0
149,8003,145,0.9835909311960636,0.9754634551377183,0,False,2,31,2,0.000171763706973077,465.9718474252719,1.7741935483870968
150,8001,83,0.9949007014015472,0.9952072964198357,0,False,1,31,1,0.000150871750586005,892.8583058688027,1.0
150,8002,83,0.9926549341663901,0.9963306174204796,0,False,1,31,1,0.00011274669900018244,1063.2515447783192,1.0
150,8003,127,0.9811263897737831,0.9824948828979375,0,False,2,31,2,7.901140180132415e-05,499.32869222862206,1.5806451612903225
151,8001,83,0.9966024471903827,0.9969507761852383,0,False,1,31,1,0.0004011994445963001,906.0326160404068,1.0
151,8002,83,0.9914205786711461,0.9977152723463866,0,False,1,31,1,0.00021275263570320037,1071.5735331828462,1.0
151,8003,112,0.9788539811571838,0.9829992923535615,0,False,2,31,2,0.00014546935191649032,562.876916471209,1.4193548387096775
152,8001,144,0.9931676820305001,0.9794037081673876,0,False,5,17,4,9.902275528252072e-05,430.97607683243683,2.032258064516129
152,8002,84,0.9885978884614767,0.9858572686451772,0,False,2,31,1,0.000252813615733306,987.6010073110817,1.064516129032258
152,8003,151,0.9808300464911662,0.9718564196776258,0,False,2,31,2,0.00010881398348044094,427.5349995857839,1.8387096774193548
153,8001,99,0.992534469252827,0.988213047098595,0,False,3,19,3,0.00021513287135547547,645.9074228289602,1.3870967741935485
153,8002,83,0.9868607365384744,0.9923219563040389,0,False,1,31,1,0.0004493493706667005,1064.0750455085488,1.0
153,8003,142,0.9789491716809395,0.975898514240441,0,False,2,31,2,0.00017133670258843078,458.141448045243,1.7419354838709677
154,8001,174,0.9935028965203786,0.9776320094159779,0,False,6,22,4,0.00012165587145571702,374.10380627733497,2.3870967741935485
154,8002,84,0.9862759502610972,0.9842011241926121,0,False,2,31,1,0.00031327552135504725,995.3566530989999,1.064516129032258
154,8003,154,0.9815520246638193,0.9714863261317835,0,False,2,31,2,0.0001849846564739631,427.5682539984984,1.8709677419354838
155,8001,83,0.9898668183130244,0.9913080720869377,0,False,1,31,1,0.00022515454266886187,952.6732738023965,1.0
155,8002,83,0.9850750377166143,0.993776079632633,0,False,1,31,1,3.919499011258988e-05,1111.16410949189,1.0
155,8003,83,0.9839901535833376,0.9907913060209286,0,False,1,31,1,0.00019350280043141125,839.6124813784544,1.0
156,8001,83,0.9891516895664334,0.9905402852704936,0,False,1,31,1,0.00020028990987822838,950.5095833467918,1.0
156,8002,83,0.9846528027796015,0.9933201365165729,0,False,1,31,1,6.367151485278314e-05,1111.9905380283676,1.0
156,8003,83,0.9837286417848513,0.9898554734655133,0,False,1,31,1,0.00014010082127299396,840.7210316942366,1.0
157,8001,83,0.989686131511801,0.9908291769986246,0,False,1,31,1,0.0004493370835195941,947.3452695242452,1.0
157,8002,83,0.9850854854111253,0.9931970471769013,0,False,1,31,1,4.165559640468636e-05,1111.8285036060245,1.0
157,8003,83,0.9849044862277155,0.9899212121216967,0,False,1,31,1,0.00012877605445455514,839.5895991950307,1.0
158,8001,83,0.9891957826101898,0.9907605519327667,0,False,1,31,1,0.0002448245664135222,965.957589073027,1.0
158,8002,83,0.9824969399026485,0.9933499918716813,0,False,1,31,1,0.00010614876158842239,1121.7119776462764,1.0
158,8003,83,0.9827466911032369,0.9905687623382347,0,False,1,31,1,0.0002049850049046111,849.8199820329958,1.0
159,8001,83,0.9901756614816409,0.9909010852686084,0,False,1,31,1,0.0005778731036231627,965.3665141479064,1.0
159,8002,83,0.9834417773902423,0.9933545625496246,0,False,1,31,1,0.00029305708825921314,1121.933528978893,1.0
159,8003,83,0.9845270764972065,0.9908047895624028,0,False,1,31,1,0.0004671910882503587,848.9786766778627,1.0
160,8001,83,0.989597847375298,0.9889150100046683,0,False,1,31,1,0.0001148416089700195,963.3026453779956,1.0
160,8002,83,0.9868580769536269,0.9928843887340454,0,False,1,31,1,2.3105779306070694e-05,1118.9762408024997,1.0
160,8003,87,0.9653946749167966,0.9669371286127203,0,False,2,31,1,6.772582205861837e-05,754.7829149945646,1.1290322580645162
161,8001,83,0.9900663863999819,0.9889691532181081,0,False,1,31,1,0.0005779651418123665,965.6866754759642,1.0
161,8002,83,0.9885082661630754,0.9924700164812771,0,False,1,31,1,0.0003483658926739427,1123.1524014221668,1.0
161,8003,83,0.9885053270871103,0.9884998287842538,0,False,1,31,1,0.00023246897179202003,854.7507828729991,1.0
162,8001,83,0.9905557434361786,0.9883480805075753,0,False,1,31,1,0.0006405905688052676,964.1474707315771,1.0
162,8002,83,0.9915337877789462,0.992095132693478,0,False,1,31,1,0.0002624509419136414,1121.1264608400643,1.0
162,8003,83,0.9904939308057047,0.9876376749948514,0,False,1,31,1,0.00015210135641692465,854.0202208605144,1.0
163,8001,83,0.9953644032282698,0.9949535107723553,0,False,1,31,1,0.0003877275158777205,922.8486936856523,1.0
163,8002,83,0.996701204913885,0.9959622110020493,0,False,1,31,1,0.00016788773334135747,1088.9976913458524,1.0
163,8003,83,0.9948171532506194,0.993692871674944,0,False,1,31,1,0.000131262742890642,816.7754618141768,1.0
164,8001,83,0.9942602921410516,0.9898675587641979,0,False,1,31,1,0.00020302410317098152,915.1852416033423,1.0
164,8002,83,0.9963078459823048,0.9933108809009156,0,False,1,31,1,4.227437348432311e-05,1082.6112726016026,1.0
164,8003,145,0.9848515863270731,0.9766964847649052,0,False,2,31,2,3.728751960596431e-05,458.28384119568796,1.7741935483870968
165,8001,83,0.9958663202735715,0.9922867409618693,0,False,1,31,1,0.0004936223413445469,922.5712485850172,1.0
165,8002,83,0.9966695989367882,0.9944177077158193,0,False,1,31,1,0.00023137149483132635,1088.6359649207736,1.0
165,8003,112,0.9827975460017713,0.9795748301729587,0,False,2,31,2,0.00012399534511509753,576.0739737730445,1.4193548387096775
166,8001,83,0.9956308853341774,0.9953851339256886,0,False,1,31,1,0.00011264342429459292,893.7261765629789,1.0
166,8002,83,0.9948592639727902,0.9965286501024239,0,False,1,31,1,0.00013933482574733313,1064.5349710410426,1.0
166,8003,130,0.9831925690947367,0.9837322603610779,0,False,2,31,2,5.565504473845173e-05,489.90804604278804,1.6129032258064515
167,8001,83,0.9978130051459481,0.9974077961432543,0,False,1,31,1,0.0006315292035427342,907.1677486150961,1.0
167,8002,83,0.9944621596139711,0.9980367229597217,0,False,1,31,1,0.0003787159030044058,1073.7166782027975,1.0
167,8003,83,0.9958584938761522,0.9971427181660888,0,False,1,31,1,0.0003380564791908181,799.9532462541737,1.0
168,8001,103,0.9935835226279764,0.9871832906435184,0,False,5,18,2,0.00013013941761822462,534.3266322925067,1.6451612903225807
168,8002,83,0.9906927648138207,0.9915181206078637,0,False,1,31,1,0.00029041833517855686,1055.6105013732908,1.0
168,8003,145,0.9814881822178593,0.9754492143008282,0,False,2,31,2,0.00011207166226763572,443.1447799068114,1.7741935483870968
169,8001,96,0.9931807086704407,0.9904500579275209,0,False,6,19,3,0.00018646082374684675,565.2875870884235,1.5806451612903225
169,8002,83,0.9897877194276103,0.9936776950367162,0,False,1,31,1,0.00026190748206678344,1064.0291662476566,1.0
169,8003,142,0.9809233538278088,0.9776201246935305,0,False,2,31,2,0.0001386951032902957,457.5252062171519,1.7419354838709677
170,8001,151,0.9934400571582609,0.9802693288078309,0,False,5,19,4,0.00012930070119348714,417.5814071892974,2.129032258064516
170,8002,83,0.9880107914367114,0.9890689456845608,0,False,2,31,1,0.00045231835653079426,1026.715011435574,1.032258064516129
170,8003,151,0.9810290883440611,0.9729282684003159,0,False,2,31,2,0.00016552122051095999,433.1633527966315,1.8387096774193548
171,8001,84,0.9921078018269188,0.991752724482524,0,False,5,24,1,0.0004958798254496155,701.5742394937491,1.2903225806451613
171,8002,83,0.9849085465365717,0.9927213118617838,0,False,1,31,1,0.0005207620949033529,1069.0673967227433,1.0
171,8003,139,0.9781870084614769,0.9767209791306544,0,False,2,31,2,0.00022995436491810446,469.8370789198295,1.7096774193548387
172,8001,83,0.9874821155098488,0.989105783194612,0,False,1,31,1,0.00015812389721267997,986.6081493177443,1.0
172,8002,83,0.9757977623078868,0.9926248081723954,0,False,1,31,1,3.963806995636241e-05,1136.5612471045224,1.0
172,8003,83,0.9764047598568222,0.9888814676259724,0,False,1,31,1,0.00010341453247811021,869.6806969366125,1.0
173,8001,83,0.98799385262175,0.9891078914561543,0,False,1,31,1,0.0005208684004056824,979.7743880381989,1.0
173,8002,83,0.9770894505139245,0.992399145868374,0,False,1,31,1,8.020676559376014e-05,1134.4606109645258,1.0
173,8003,83,0.979145599494672,0.9888667815681639,0,False,1,31,1,0.00019550123738795545,864.9149336783925,1.0
174,8001,83,0.9886898093824716,0.9884453726574807,0,False,1,31,1,0.0007106332251533337,977.5776874188837,1.0
174,8002,83,0.979981751676607,0.9921524447660873,0,False,1,31,1,0.00015426566568047336,1133.5376551931379,1.0
174,8003,83,0.9813927928540771,0.9880874068954669,0,False,1,31,1,0.00011804171047265353,865.2471943189979,1.0
175,8001,83,0.9896603944533701,0.9884558868704612,0,False,1,31,1,0.0009664868937539908,972.804508399564,1.0
175,8002,83,0.9828282717655561,0.9921192735813958,0,False,1,31,1,0.0003541833866838514,1131.790879507663,1.0
175,8003,83,0.9854977469912743,0.9882724313912667,0,False,1,31,1,0.00028280613758576275,861.2040304709573,1.0
176,8001,83,0.9913551673716533,0.9879811131544247,0,False,1,31,1,7.533478205384775e-05,928.6423275012223,1.0
176,8002,83,0.9916173759341126,0.9921711386403239,0,False,1,31,1,5.005666428612687e-05,1095.4864928815837,1.0
176,8003,151,0.9843274326304697,0.9772278259873415,0,False,2,31,2,4.150138895054557e-05,448.6231413924303,1.8387096774193548
177,8001,83,0.9936157139604523,0.9954793904498621,0,False,1,31,1,0.000235288456657294,928.597247995411,1.0
177,8002,83,0.9926981839164928,0.9965150342478295,0,False,1,31,1,8.607471808113712e-05,1091.5048437152632,1.0
177,8003,83,0.9916160876447685,0.9944439754458395,0,False,1,31,1,0.00010175696079231754,818.211635384802,1.0
178,8001,83,0.9936625713367966,0.9945880841353398,0,False,1,31,1,0.00018352525945727647,925.7469411299521,1.0
178,8002,83,0.993351833704454,0.9960700374287496,0,False,1,31,1,5.847320237823126e-05,1090.929397598098,1.0
178,8003,83,0.9917563142417479,0.9935617145473365,0,False,1,31,1,6.872151362003575e-05,818.246700995983,1.0
179,8001,83,0.99375771497171,0.9946082192922329,0,False,1,31,1,0.0005158558996581477,930.1604868307905,1.0
179,8002,83,0.9934344931721375,0.9956787666635379,0,False,1,31,1,0.00023133918167028122,1094.2994995545798,1.0
179,8003,83,0.9925403856752183,0.9933906113811571,0,False,1,31,1,0.0002058881956194852,821.8789666835437,1.0
180,8001,83,0.9941084249398017,0.9929704699608174,0,False,1,31,1,0.00037818965602444003,924.887920150745,1.0
180,8002,83,0.9954147570066334,0.9948041725016856,0,False,1,31,1,0.00012553154057405526,1091.0566136135837,1.0
180,8003,109,0.9670441779019032,0.9661313591960977,0,False,2,31,2,0.00010928251699087852,590.1798027637896,1.3870967741935485
181,8001,83,0.9947834610557481,0.9929179835293689,0,False,1,31,1,0.0006586139963893733,929.1477899713248,1.0
181,8002,83,0.9966846798512036,0.9946818248119207,0,False,1,31,1,0.0002696209909247688,1094.5114371111697,1.0
181,8003,83,0.9948490192932701,0.9918119775941376,0,False,1,31,1,0.00016924319328435168,822.8560712703786,1.0
182,8001,83,0.9943721372036133,0.9906632634647385,0,False,1,31,1,0.0005187505829419952,927.1024851276488,1.0
182,8002,83,0.9968081850575241,0.9935713294518046,0,False,1,31,1,0.00021742726898733207,1092.1288625746527,1.0
182,8003,142,0.9850207705991753,0.9779559891128579,0,False,2,31,2,0.00013258664191061038,471.8105005243138,1.7419354838709677
183,8001,83,0.9957446037267447,0.99167268580423,0,False,1,31,1,0.0010152964226483715,930.4549734805217,1.0
183,8002,83,0.9960424226307373,0.9940989935711396,0,False,1,31,1,0.0005223732215694587,1094.527056690256,1.0
183,8003,83,0.9964061617086301,0.9908201152845407,0,False,1,31,1,0.0004806253239306376,825.0205980401231,1.0
184,8001,191,0.9966664213925557,0.983472681197389,0,False,6,24,3,8.199373116019336e-05,356.81208853271016,2.5483870967741935
184,8002,84,0.9921811056854298,0.9888223655146737,0,False,3,31,1,0.0003712034118104952,982.0783607571296,1.096774193548387
184,8003,157,0.9869835773951615,0.9758777622023577,0,False,2,31,2,0.0001433814998709512,427.5977018591397,1.903225806451613
185,8001,73,0.9920858766411584,0.9874388904872345,0,False,6,23,1,0.0003989339278074472,762.4293377131089,1.2258064516129032
185,8002,83,0.9908812478357685,0.9910026015914216,0,False,1,31,1,0.0002637330548737472,1093.8645326721858,1.0
185,8003,151,0.9842201652350514,0.9747035195341739,0,False,2,31,2,0.00028092247833797466,451.12011505018086,1.8387096774193548
186,8001,165,0.9957835831067512,0.9840443735687103,0,False,5,22,4,0.00012447648043417998,406.64368996936895,2.2903225806451615
186,8002,83,0.9888439622553192,0.9886486571093592,0,False,1,31,1,0.0004134743620136925,1091.9084291085328,1.0
186,8003,154,0.9844803814409085,0.9729372953012874,0,False,2,31,2,0.0001727482288694033,444.0272131803186,1.8709677419354838
187,8001,79,0.9809772135564275,0.9868037889137609,0,False,6,13,2,0.000635282528137611,650.6456446579494,1.4516129032258065
187,8002,101,0.9766625914929019,0.9784551108706778,0,False,3,31,2,0.0007242301968867217,810.7122345951565,1.3548387096774193
187,8003,148,0.9752554909329305,0.9731705656233305,0,False,2,31,2,0.0002945282475625898,462.495191732152,1.8064516129032258
188,8001,144,0.9932436650968268,0.9801432158349939,0,False,5,17,4,0.00024439498476445454,431.21379053441376,2.032258064516129
188,8002,84,0.9875268845921032,0.9879552386925174,0,False,2,31,1,0.0006573656841458737,986.8894328976023,1.064516129032258
188,8003,148,0.9788918119758857,0.9721832366650215,0,False,2,31,2,0.0002598123985570246,435.21066822813447,1.8064516129032258
189,8001,83,0.9912973441957269,0.9927318598838867,0,False,1,31,1,8.694947327063519e-05,942.8395902604027,1.0
189,8002,83,0.9881056347829121,0.9947718125722327,0,False,1,31,1,1.7345186963252145e-05,1102.9677263981732,1.0
189,8003,83,0.9868020478852038,0.9919997304200716,0,False,1,31,1,7.398415081987548e-05,830.714148177866,1.0
190,8001,83,0.9901863464642012,0.9923181682312392,0,False,1,31,1,0.00012304814371291812,942.0131333222057,1.0
190,8002,83,0.9873736480488106,0.9942303872981906,0,False,1,31,1,3.1592760683889805e-05,1104.3726236263537,1.0
190,8003,83,0.9862755057123911,0.9913388654986932,0,False,1,31,1,5.721958364545621e-05,832.3589621015702,1.0
191,8001,83,0.9911168803923198,0.992824605135276,0,False,1,31,1,0.0003415821941434004,938.4737018219807,1.0
191,8002,83,0.987468994424167,0.9943389427466153,0,False,1,31,1,2.980170174909571e-05,1103.3560639958848,1.0
191,8003,83,0.9869054826026339,0.9916364689072137,0,False,1,31,1,0.00019966422431014812,829.8962929481265,1.0
192,8001,83,0.9903053536223761,0.9902267836410626,0,False,1,31,1,0.00013838004433065337,936.949615298601,1.0
192,8002,83,0.9887940991206366,0.9930501362073888,0,False,1,31,1,3.4042737159989284e-05,1102.764724127031,1.0
192,8003,85,0.9657329633993602,0.9679288875321572,0,False,2,31,1,6.793314684350166e-05,757.4763193845121,1.096774193548387
193,8001,83,0.990793471936838,0.9903631314417835,0,False,1,31,1,0.0002522257272897226,938.80713960403,1.0
193,8002,83,0.99042802051396,0.9931528570824172,0,False,1,31,1,2.8389506614633347e-05,1104.3274694802922,1.0
193,8003,83,0.9895823659005172,0.9894689112994668,0,False,1,31,1,9.965885193444953e-05,832.7813716141451,1.0
194,8001,83,0.9914378188744084,0.9876631324894293,0,False,1,31,1,0.00013955142759918722,937.0740880173474,1.0
194,8002,83,0.9929809520510827,0.9918697081430486,0,False,1,31,1,0.00013312008551438824,1101.6882996413997,1.0
194,8003,151,0.9847910465485381,0.9766657188044192,0,False,2,31,2,8.238746364666209e-05,452.3275689381094,1.8387096774193548
195,8001,83,0.9930272333935508,0.9902823693333691,0,False,1,31,1,0.00077745330226706,934.7796948505737,1.0
195,8002,83,0.9952753181545616,0.993001284099914,0,False,1,31,1,0.00029101742355131996,1101.2899653157956,1.0
195,8003,83,0.9935599847105161,0.989248688084099,0,False,1,31,1,0.00022236714779600285,830.5065626906257,1.0
196,8001,83,0.9903403556721166,0.9890601753030328,0,False,1,31,1,0.00014535237573709483,962.9282012456572,1.0
196,8002,83,0.9890746396725131,0.9927326531969309,0,False,1,31,1,6.327873225794236e-05,1118.845065943663,1.0
196,8003,83,0.9880653298256898,0.9886961477194667,0,False,1,31,1,8.135766386500598e-05,851.9137998036337,1.0
197,8001,83,0.9913768989985566,0.9893827107617874,0,False,1,31,1,0.0006475331024907473,964.3212906191513,1.0
197,8002,83,0.9908357903042508,0.9926998366728361,0,False,1,31,1,0.0004368714251421027,1121.4299529153218,1.0
197,8003,83,0.9906953737931004,0.9889230415892664,0,False,1,31,1,0.0001793532141288202,852.4531349301147,1.0
198,8001,83,0.9912520544463694,0.9884850612537908,0,False,1,31,1,0.0006506647822883073,963.3736738636229,1.0
198,8002,83,0.9940632426357392,0.9922337455490862,0,False,1,31,1,0.0003592692359497741,1119.8596006195796,1.0
198,8003,83,0.9924021132181976,0.9880835451066622,0,False,1,31,1,0.000178621240284516,852.9446331377429,1.0
199,8001,83,0.995647042157577,0.9945285823699171,0,False,1,31,1,0.0012581770836145709,926.6652311568906,1.0
199,8002,83,0.9971931207366495,0.9957356351627851,0,False,1,31,1,0.0006588958273706985,1091.5300866920713,1.0
199,8003,83,0.995999394229719,0.9932927663870884,0,False,1,31,1,0.00042816669276991143,820.2718765026979,1.0
200,8001,75,0.9942444620432915,0.9902797492596623,0,False,4,24,1,0.00020111744181106593,788.4896114583324,1.1612903225806452
200,8002,83,0.9956515409142351,0.9924873162586133,0,False,1,31,1,9.725458543922835e-05,1082.7630337969335,1.0
200,8003,148,0.9855077603489922,0.9759129164401814,0,False,2,31,2,9.265471143466216e-05,451.283828502632,1.8064516129032258
201,8001,83,0.9945349076018813,0.9910174147292249,0,False,1,31,1,0.000947614266555944,925.8882148405925,1.0
201,8002,83,0.9950948089085095,0.9938992729151964,0,False,1,31,1,0.0004239175794206672,1090.3522334815582,1.0
201,8003,130,0.9835194506869678,0.9788407166859554,0,False,2,31,2,0.00019045784271688453,508.4242713603894,1.6129032258064515
202,8001,79,0.9946012965735674,0.9943187864410804,0,False,3,29,1,5.93784188385857e-05,835.8225708476699,1.064516129032258
202,8002,83,0.9935540432012557,0.9960148943231383,0,False,1,31,1,6.748623308256865e-05,1062.0770340705699,1.0
202,8003,133,0.9824818642352797,0.9826990943300317,0,False,2,31,2,2.6937676040726603e-05,479.22532658796877,1.6451612903225807
203,8001,83,0.9971743657376638,0.9971960232545828,0,False,1,31,1,0.0004010194040348192,905.6551602367346,1.0
203,8002,83,0.9934050370684913,0.9977379940082456,0,False,1,31,1,0.00029708404326397577,1072.509109911409,1.0
203,8003,89,0.9775983684275819,0.9827019099618775,0,False,2,31,1,0.00018157887824171397,687.9741548641529,1.1612903225806452
204,8001,92,0.9926171219253288,0.9897331386958526,0,False,5,20,2,0.0001712310307310451,595.0223195931504,1.4838709677419355
204,8002,83,0.9899473904436396,0.9930325329362906,0,False,1,31,1,9.347992352178494e-05,1057.0797611558307,1.0
204,8003,142,0.9806332686820175,0.9769418168478848,0,False,2,31,2,9.310398609200927e-05,452.5724878574925,1.7419354838709677
205,8001,98,0.9908309966944613,0.9836271188358037,0,False,5,24,1,0.000299750997446144,568.8000506672121,1.5806451612903225
205,8002,83,0.9880302360297343,0.9950619925669634,0,False,1,31,1,0.00030155427161306314,1065.6878538584854,1.0
205,8003,139,0.9791033437420156,0.9791710877468697,0,False,2,31,2,9.154046465888024e-05,466.75103542196365,1.7096774193548387
206,8001,83,0.9877483955773534,0.9894808388228957,0,False,1,31,1,0.00023916672408349238,978.3821577987236,1.0
206,8002,83,0.9780749207647994,0.992686939135615,0,False,1,31,1,2.0230069796659617e-05,1130.5759969596395,1.0
206,8003,83,0.9772726170888044,0.9891258580849566,0,False,1,31,1,0.00017858727559822747,861.9926985818187,1.0
207,8001,83,0.9885722242457775,0.9897272670188442,0,False,1,31,1,0.00036953981763206817,973.0496513295419,1.0
207,8002,83,0.9788557414168676,0.9926675398278272,0,False,1,31,1,4.35900817539089e-05,1128.685811306462,1.0
207,8003,83,0.9793914766843851,0.9893250651735368,0,False,1,31,1,0.0003523111907890717,858.1100324522438,1.0
208,8001,83,0.98855328086392,0.988312808389961,0,False,1,31,1,7.383254133621649e-05,973.3939514537648,1.0
208,8002,83,0.9815760139183454,0.9921302019519985,0,False,1,31,1,5.361327418235692e-05,1128.1801882806697,1.0
208,8003,83,0.9745193096988702,0.9800646467511305,0,False,2,31,1,5.8864676217632505e-05,833.951555291067,1.032258064516129
209,8001,83,0.989816486667916,0.9883775495706915,0,False,1,31,1,0.00029416364770132227,969.9298566824442,1.0
209,8002,83,0.9840567336914209,0.9920884755079049,0,False,1,31,1,0.000155606463250052,1128.0461386641969,1.0
209,8003,83,0.985310871648633,0.9879224397154139,0,False,1,31,1,0.00019341426304027415,859.1927702873187,1.0
210,8001,83,0.9928300281887144,0.993073359764732,0,False,1,31,1,0.000499034500196721,922.0665459347928,1.0
210,8002,83,0.9921517067130505,0.9945923717510248,0,False,1,31,1,8.869514819548117e-05,1091.473104541908,1.0
210,8003,83,0.9910402399227914,0.9919056094304096,0,False,1,31,1,0.00017730493617705318,817.6655305460843,1.0
211,8001,83,0.9935205060886656,0.9939514678454993,0,False,1,31,1,0.0008934050322158446,925.0627036145689,1.0
211,8002,83,0.9939354440624801,0.9949131439745674,0,False,1,31,1,0.00026364747843456165,1093.6734928358517,1.0
211,8003,83,0.992777261598467,0.9923311134611602,0,False,1,31,1,0.0003439118655547788,820.5648962357013,1.0
212,8001,83,0.9920927420448041,0.9864684248457009,0,False,1,31,1,0.0003253166942328715,922.2334944921778,1.0
212,8002,83,0.9944980083984644,0.9912092279166292,0,False,1,31,1,9.375249064453973e-05,1088.681376767455,1.0
212,8003,151,0.9853655811088058,0.9758260801246151,0,False,2,31,2,0.00011789097804646998,446.46076964129907,1.8387096774193548
213,8001,83,0.9941999140371128,0.9903589564979784,0,False,1,31,1,0.0010317367301489967,926.667083982277,1.0
213,8002,83,0.9959925013695328,0.9931355616286531,0,False,1,31,1,0.0003499759763366309,1093.4160811045915,1.0
213,8003,83,0.9948345067791207,0.9898140194812765,0,False,1,31,1,0.0002556566494097227,821.2416712827581,1.0
214,8001,130,0.9531148880954519,0.9511611121437166,0,False,10,18,4,0.00041546019395896904,405.0739926924775,2.2903225806451615
214,8002,83,0.9939808559460609,0.9904588370090447,0,False,1,31,1,0.00024692122961731343,1091.672932129018,1.0
214,8003,154,0.9865913343337388,0.9753747182030481,0,False,2,31,2,0.00013533560209722125,442.2492980471143,1.8709677419354838
215,8001,83,0.9950016505510358,0.9956736881954896,0,False,1,31,1,0.0004079648523164757,927.7721437571621,1.0
215,8002,83,0.9950153503993466,0.9964857002519413,0,False,1,31,1,0.00022949540864495763,1091.2949561927765,1.0
215,8003,83,0.9938773249570169,0.9944612533619774,0,False,1,31,1,0.00016142689705376647,818.7458617923063,1.0
216,8001,83,0.9952412869945207,0.9940039009156543,0,False,1,31,1,0.00024998639019873373,918.7230146270816,1.0
216,8002,83,0.9972896489220658,0.9957953995030183,0,False,1,31,1,9.228339951987099e-05,1085.5771855249393,1.0
216,8003,133,0.9845421458018553,0.9813242646234169,0,False,2,31,2,6.085023116530962e-05,494.049096594803,1.6451612903225807
217,8001,83,0.9957797186827374,0.9936758686732681,0,False,1,31,1,0.0004520245177398949,924.4203419285471,1.0
217,8002,83,0.9977413738932218,0.9953758707292344,0,False,1,31,1,0.0002000549521189722,1089.9228491886786,1.0
217,8003,83,0.9963627036439653,0.9926554682208456,0,False,1,31,1,0.00012333112315307705,818.4347874792609,1.0
218,8001,83,0.9949731199480523,0.9913359766040998,0,False,1,31,1,0.0003109911879941315,920.7196890498038,1.0
218,8002,83,0.9964190238306848,0.9941385246503541,0,False,1,31,1,0.00017444777473893982,1086.455540387501,1.0
218,8003,142,0.9853263189998565,0.9775650122079539,0,False,2,31,2,6.2668403057129e-05,468.8408679305633,1.7419354838709677
219,8001,83,0.9963498645259469,0.9924914768797382,0,False,1,31,1,0.0007176118728380487,926.8549598008864,1.0
219,8002,83,0.9950361379128763,0.9946899926377659,0,False,1,31,1,0.00038928785706785184,1091.0731719112805,1.0
219,8003,83,0.9960335148586491,0.9914965022524228,0,False,1,31,1,0.00034202279830573444,821.5005663062615,1.0
220,8001,179,0.9958691075336957,0.9822988542203892,0,False,5,22,4,7.339709856722258e-05,382.99867183123814,2.3870967741935485
220,8002,83,0.991420512519932,0.9899431017836985,0,False,1,31,1,0.00019502855734391644,1079.9487405416846,1.0
220,8003,154,0.9854590199310306,0.9751341795162338,0,False,2,31,2,9.979861625416842e-05,436.85292912441446,1.8709677419354838
221,8001,83,0.9967574127145089,0.9970004906225975,0,False,1,31,1,0.0005493879221729168,903.1766184466961,1.0
221,8002,83,0.9932785977402937,0.9977509009869284,0,False,1,31,1,0.00045496501463866565,1070.6566572906165,1.0
221,8003,100,0.9776039895024736,0.9823586318864144,0,False,2,31,2,0.00022897169908992577,617.1931857373027,1.2903225806451613
222,8001,80,0.9936003534533281,0.9946759637321068,0,False,3,30,1,0.0003092847837806658,864.6564293541744,1.032258064516129
222,8002,83,0.9900366629702884,0.9959667351068028,0,False,1,31,1,0.0003922813863966933,1062.3435564832396,1.0
222,8003,130,0.9797181443749409,0.981442390308159,0,False,2,31,2,0.00012506832868767827,490.23221591485907,1.6129032258064515
223,8001,83,0.9887451229762361,0.9905196469475147,0,False,1,31,1,0.00038064499391003844,968.7687672253284,1.0
223,8002,83,0.9803163015680781,0.9932891445844831,0,False,1,31,1,4.1803263782673885e-05,1123.5617283621564,1.0
223,8003,83,0.9798133264417355,0.990406591632987,0,False,1,31,1,0.00038856937257114056,851.9239033335826,1.0
224,8001,83,0.9879350489312282,0.9890354050542416,0,False,1,31,1,0.00013516727509998183,970.5201991555352,1.0
224,8002,83,0.980930981800315,0.9925698664883387,0,False,1,31,1,4.523364325586254e-05,1125.3147525507961,1.0
224,8003,83,0.9802645262079481,0.9886288731197344,0,False,1,31,1,7.366879614607895e-05,857.177301270604,1.0
225,8001,83,0.9884107121415505,0.989224013495429,0,False,1,31,1,0.0003937383910322631,967.1561020637972,1.0
225,8002,83,0.9819334925028054,0.9925045440491292,0,False,1,31,1,9.067578123577417e-05,1124.7554047450894,1.0
225,8003,83,0.9823547828271533,0.9887122857436834,0,False,1,31,1,0.0002680937524964395,855.0558077328113,1.0
226,8001,83,0.9887712346220573,0.9881625251550196,0,False,1,31,1,0.00020853267105915346,967.3633976729928,1.0
226,8002,83,0.9847094971096327,0.9921040194473925,0,False,1,31,1,4.017113633464085e-05,1123.8202145600278,1.0
226,8003,83,0.9849368947195036,0.9877997417537304,0,False,1,31,1,0.0001222508909628067,856.1652051919342,1.0
227,8001,83,0.990184828870638,0.9887915007540903,0,False,1,31,1,0.001016044486737195,962.0427995845541,1.0
227,8002,83,0.9874777319283498,0.9922144905026862,0,False,1,31,1,0.0004358453099173406,1122.9060759383462,1.0
227,8003,83,0.988646680731569,0.9883147201024864,0,False,1,31,1,0.0003385632502088271,852.743938157574,1.0
228,8001,83,0.9934556693426566,0.9920343608436946,0,False,1,31,1,0.00018475553765470452,916.5912453095488,1.0
228,8002,83,0.994763081909089,0.9941105628953989,0,False,1,31,1,2.878199968510862e-05,1086.704246142717,1.0
228,8003,136,0.9831638325895097,0.9791121680566515,0,False,2,31,2,5.6599448653219175e-05,484.5235538658525,1.6774193548387097
229,8001,83,0.9946695780635912,0.9927761869048009,0,False,1,31,1,0.0003504624872069491,921.859431726037,1.0
229,8002,83,0.9963706182584465,0.9944581521857135,0,False,1,31,1,7.142806242872757e-05,1089.5398437529575,1.0
229,8003,83,0.9941162875782055,0.9914087799160822,0,False,1,31,1,9.604039840719082e-05,817.3068065201558,1.0
230,8001,83,0.99317900278774,0.988469180914695,0,False,1,31,1,0.00021123094063648013,919.9280888476779,1.0
230,8002,83,0.9955482531477805,0.9924762474220475,0,False,1,31,1,6.504015236339125e-05,1085.9543765229744,1.0
230,8003,148,0.984772009636576,0.9759535500035086,0,False,2,31,2,8.231948053445371e-05,452.5222942578018,1.8064516129032258
231,8001,83,0.9955159619965005,0.9918716706188289,0,False,1,31,1,0.0005774638469429732,923.0388822073751,1.0
231,8002,83,0.9957029790267614,0.9938644178127277,0,False,1,31,1,0.00032645079671102576,1090.0587113769611,1.0
231,8003,83,0.995342409214622,0.9908402051915747,0,False,1,31,1,0.0001924979315702522,818.3970169492522,1.0
232,8001,105,0.9937850261532054,0.9870569024458471,0,False,5,19,4,0.00013077637282338505,528.3389674286171,1.6451612903225807
232,8002,84,0.9924727548376576,0.9885503927274037,0,False,2,31,1,0.00023599865144767595,986.2949121242087,1.064516129032258
232,8003,139,0.9822301267375847,0.9762683454851426,0,False,2,31,2,4.972723977043698e-05,454.1051884815781,1.7096774193548387
233,8001,83,0.994574189216048,0.9951803032642045,0,False,1,31,1,0.0003278316060613809,893.6179852392072,1.0
233,8002,83,0.9928053943864951,0.9962112377121772,0,False,1,31,1,0.00022225976659517668,1063.2314950136724,1.0
233,8003,130,0.9815659354262227,0.9824864681641111,0,False,2,31,2,0.0001272300959087626,490.00170396511095,1.6129032258064515
234,8001,83,0.9952805856335766,0.9939816504196533,0,False,1,31,1,0.0005904333939505546,925.4126523379474,1.0
234,8002,83,0.9967930364263993,0.9955787891934392,0,False,1,31,1,0.0002868936151965959,1090.1292467982578,1.0
234,8003,83,0.9947251665422067,0.9929706025384321,0,False,1,31,1,0.0001864466642359815,818.8247144533185,1.0
235,8001,83,0.9958333446032656,0.9938176406702713,0,False,1,31,1,0.0009781539187358522,929.8317905500251,1.0
235,8002,83,0.9975961978711471,0.995316941033486,0,False,1,31,1,0.0005044274363795095,1093.7102456816879,1.0
235,8003,83,0.996322150294828,0.9925389161477147,0,False,1,31,1,0.0003010265586685494,823.4114761497691,1.0
236,8001,83,0.9938533413345132,0.9896081048698481,0,False,1,31,1,0.00033832309583113504,920.8862089981619,1.0
236,8002,83,0.9956162117972223,0.9931667301465995,0,False,1,31,1,0.0001656531036307799,1085.7960219031957,1.0
236,8003,148,0.985537836657323,0.9765871276177347,0,False,2,31,2,5.383035965723727e-05,452.9758175604362,1.8064516129032258
237,8001,83,0.9954804053652301,0.9911356168609465,0,False,1,31,1,0.0008683702391615387,929.0899341651628,1.0
237,8002,83,0.9942868098156087,0.9940873593425096,0,False,1,31,1,0.0003710417784194218,1092.3740813633865,1.0
237,8003,118,0.9826079441045537,0.9792925885137748,0,False,2,31,2,0.0002477588252238841,554.7304025604892,1.4838709677419355
238,8001,147,0.9959011519115872,0.9866755369643512,0,False,6,19,4,0.0001235462185145815,434.2592279013936,2.129032258064516
238,8002,83,0.9909513465227915,0.9908652739055339,0,False,1,31,1,0.00041774467036630083,1088.2023573263355,1.0
238,8003,154,0.985506255549707,0.9753515923995072,0,False,2,31,2,0.00017169980121718977,441.2179113732824,1.8709677419354838
239,8001,83,0.9943443444924779,0.9892036087626521,0,False,1,31,1,0.0008028105600958089,937.4047836722037,1.0
239,8002,83,0.9883613279672832,0.9933079544266128,0,False,1,31,1,0.000655272386141373,1095.1951783891866,1.0
239,8003,103,0.976415282912558,0.9771676652417659,0,False,2,31,2,0.0003510050029597688,626.0701766517177,1.3225806451612903
